Customer_ID,Age,Gender,Region,Monthly_Income,Subscription_Length_Months,Monthly_Bill,Support_Tickets,Internet_Usage_GB,Contract_Type,Payment_Method,Has_Multiple_Services,Last_Login_Days_Ago,Satisfaction_Score,Churn
CUST1000,50,Female,Chennai,84886,58,966,6,360,Monthly,Debit Card,Yes,11,8,1
CUST1001,57,Male,Bangalore,90263,24,630,5,338,Monthly,UPI,Yes,2,8,1
CUST1002,51,Male,Bangalore,97969,60,2824,0,489,Yearly,UPI,No,26,6,1
CUST1003,46,Female,Mumbai,55658,42,2547,3,219,Yearly,UPI,Yes,30,3,1
CUST1004,24,Male,Hyderabad,99092,51,1146,4,196,Monthly,Credit Card,Yes,18,4,1
CUST1005,46,Female,Delhi,73001,9,1863,3,396,Quarterly,Net Banking,Yes,28,7,1
CUST1006,29,Female,Mumbai,65920,36,2085,3,31,Monthly,Net Banking,No,30,6,1
CUST1007,25,Male,Pune,70757,29,1202,1,191,Quarterly,UPI,No,10,4,1
CUST1008,35,Female,Hyderabad,62606,48,955,5,281,Quarterly,UPI,Yes,25,8,1
CUST1009,42,Male,Delhi,53247,45,837,6,82,Yearly,Net Banking,No,24,10,1
CUST1010,46,Male,Kolkata,69099,60,992,0,186,Quarterly,Credit Card,No,15,1,1
CUST1011,46,Male,Kolkata,70774,9,1867,0,501,Monthly,Net Banking,Yes,11,3,1
CUST1012,38,Female,Kolkata,63159,35,918,0,408,Monthly,Net Banking,Yes,5,10,0
CUST1013,49,Male,Bangalore,52662,9,2363,3,62,Yearly,Debit Card,No,16,7,1
CUST1014,44,Female,Delhi,93335,22,2070,0,491,Quarterly,Debit Card,No,3,1,1
CUST1015,26,Female,Mumbai,36910,14,1370,2,422,Yearly,Net Banking,No,15,10,0
CUST1016,34,Male,Kolkata,80015,39,1063,4,125,Monthly,Debit Card,Yes,4,5,1
CUST1017,44,Female,Hyderabad,86044,15,1040,3,189,Quarterly,Debit Card,No,7,3,1
CUST1018,43,Female,Kolkata,52299,2,2097,0,57,Monthly,Credit Card,Yes,12,4,1
CUST1019,51,Female,Chennai,72941,11,2163,1,377,Quarterly,Debit Card,Yes,25,7,1
CUST1020,54,Female,Delhi,60080,57,1806,5,288,Quarterly,UPI,No,7,6,1
CUST1021,29,Male,Kolkata,35530,9,817,4,254,Quarterly,Net Banking,No,19,10,1
CUST1022,45,Male,Pune,64766,59,2131,0,142,Quarterly,Credit Card,Yes,30,1,1
CUST1023,33,Female,Delhi,82733,39,2136,0,110,Quarterly,UPI,Yes,27,1,1
CUST1024,23,Male,Bangalore,30854,37,2259,0,414,Monthly,Debit Card,Yes,19,2,1
CUST1025,47,Female,Delhi,56309,32,2794,3,468,Yearly,Debit Card,No,11,8,0
CUST1026,38,Male,Delhi,55342,38,2827,4,227,Monthly,Debit Card,Yes,22,1,1
CUST1027,30,Female,Mumbai,72107,59,2294,3,432,Monthly,Net Banking,Yes,26,3,1
CUST1028,40,Male,Chennai,41411,32,2234,3,518,Yearly,UPI,Yes,1,8,0
CUST1029,39,Male,Bangalore,41111,1,2302,3,502,Monthly,Credit Card,Yes,18,7,1
CUST1030,52,Female,Chennai,90713,35,762,3,173,Monthly,Credit Card,No,26,9,1
CUST1031,23,Male,Pune,61616,48,2801,3,482,Quarterly,UPI,No,5,7,0
CUST1032,30,Female,Chennai,37400,35,2182,2,433,Yearly,Credit Card,No,24,6,1
CUST1033,54,Male,Bangalore,42183,52,1086,0,449,Monthly,Net Banking,Yes,6,8,0
CUST1034,41,Female,Mumbai,78354,48,1996,2,182,Quarterly,UPI,No,29,2,1
CUST1035,39,Female,Pune,32869,35,1456,0,190,Quarterly,Debit Card,No,4,1,1
CUST1036,35,Male,Delhi,33987,56,2419,6,224,Quarterly,UPI,No,17,1,1
CUST1037,33,Female,Mumbai,70818,22,1545,5,67,Monthly,UPI,Yes,6,3,1
CUST1038,29,Male,Delhi,49738,27,725,4,313,Quarterly,Credit Card,Yes,15,1,1
CUST1039,26,Male,Bangalore,70764,48,1158,3,221,Quarterly,UPI,No,17,1,1
CUST1040,49,Female,Bangalore,48589,29,1569,4,547,Quarterly,Debit Card,No,3,9,1
CUST1041,58,Female,Chennai,48711,29,801,4,128,Yearly,UPI,Yes,28,1,1
CUST1042,42,Female,Mumbai,36102,33,627,1,352,Yearly,Net Banking,No,8,8,0
CUST1043,53,Male,Mumbai,34014,22,2186,1,184,Monthly,Debit Card,No,10,2,1
CUST1044,47,Female,Hyderabad,96320,40,745,6,506,Quarterly,UPI,Yes,10,7,1
CUST1045,47,Male,Chennai,80993,25,2955,4,535,Quarterly,Debit Card,No,7,9,1
CUST1046,57,Male,Delhi,32368,8,899,5,500,Monthly,Debit Card,No,15,2,1
CUST1047,23,Female,Hyderabad,40966,22,550,0,219,Quarterly,UPI,No,29,6,1
CUST1048,43,Female,Pune,61024,52,1181,5,83,Monthly,Debit Card,Yes,11,5,1
CUST1049,54,Female,Kolkata,49508,60,504,6,225,Monthly,Credit Card,No,6,4,1
CUST1050,51,Male,Delhi,99678,35,768,1,135,Quarterly,Net Banking,No,30,3,1
CUST1051,38,Female,Mumbai,58251,58,2474,1,503,Quarterly,Debit Card,No,21,7,1
CUST1052,30,Male,Bangalore,96617,58,1012,6,125,Yearly,Debit Card,Yes,30,6,1
CUST1053,46,Female,Chennai,75543,45,1396,4,476,Yearly,Credit Card,Yes,5,6,1
CUST1054,50,Male,Bangalore,89638,3,653,2,115,Monthly,Credit Card,Yes,25,5,1
CUST1055,51,Male,Kolkata,90403,5,1727,1,503,Monthly,Credit Card,Yes,16,5,1
CUST1056,57,Female,Bangalore,92752,30,856,6,129,Monthly,UPI,Yes,2,4,1
CUST1057,52,Male,Mumbai,95417,58,2989,0,354,Yearly,Credit Card,No,13,4,1
CUST1058,37,Female,Pune,81991,16,2282,1,526,Monthly,UPI,No,28,4,1
CUST1059,45,Male,Mumbai,89275,50,2927,0,456,Quarterly,Debit Card,Yes,5,3,1
CUST1060,22,Female,Bangalore,68304,40,1566,3,314,Yearly,Debit Card,Yes,13,2,1
CUST1061,56,Female,Hyderabad,57350,17,589,4,447,Quarterly,UPI,No,19,9,1
CUST1062,28,Female,Pune,33267,58,2149,4,104,Quarterly,Net Banking,No,29,8,1
CUST1063,57,Male,Chennai,63496,21,1175,1,486,Monthly,Debit Card,Yes,24,3,1
CUST1064,56,Male,Hyderabad,47955,18,1508,6,125,Quarterly,Net Banking,Yes,24,7,1
CUST1065,53,Female,Delhi,91476,12,2048,6,246,Quarterly,Debit Card,No,3,9,1
CUST1066,51,Female,Hyderabad,44397,20,2403,0,371,Yearly,UPI,No,13,3,1
CUST1067,57,Male,Bangalore,46779,41,575,0,484,Quarterly,UPI,Yes,28,4,1
CUST1068,40,Female,Chennai,90921,47,643,4,98,Monthly,Net Banking,No,3,9,1
CUST1069,42,Female,Mumbai,90566,16,1562,4,71,Yearly,Net Banking,Yes,26,7,1
CUST1070,35,Male,Pune,39348,35,1738,4,264,Quarterly,Net Banking,No,11,2,1
CUST1071,33,Male,Bangalore,78136,10,1453,3,282,Quarterly,UPI,No,6,7,0
CUST1072,34,Male,Hyderabad,80343,42,1916,1,223,Quarterly,Credit Card,No,5,5,1
CUST1073,59,Male,Bangalore,56962,8,2019,4,371,Quarterly,Credit Card,Yes,20,1,1
CUST1074,28,Male,Chennai,67080,45,1655,3,99,Quarterly,UPI,Yes,28,3,1
CUST1075,48,Male,Bangalore,55289,26,538,5,480,Monthly,Debit Card,Yes,13,2,1
CUST1076,49,Female,Chennai,33709,58,2183,3,485,Yearly,UPI,Yes,29,9,1
CUST1077,22,Male,Mumbai,69298,13,2895,5,534,Monthly,Debit Card,No,28,1,1
CUST1078,46,Female,Hyderabad,63591,33,1433,4,163,Monthly,Debit Card,No,26,5,1
CUST1079,37,Male,Delhi,91642,60,1752,3,256,Quarterly,UPI,Yes,19,4,1
CUST1080,39,Male,Delhi,47640,49,2049,6,444,Yearly,UPI,No,1,5,1
CUST1081,24,Male,Hyderabad,49087,23,1535,1,387,Yearly,Debit Card,Yes,12,8,0
CUST1082,49,Female,Mumbai,59703,58,1871,3,119,Yearly,Debit Card,Yes,8,10,0
CUST1083,49,Male,Hyderabad,57355,37,540,3,531,Monthly,Credit Card,No,17,9,1
CUST1084,54,Female,Hyderabad,85284,20,1424,4,282,Monthly,UPI,Yes,6,2,1
CUST1085,26,Male,Delhi,80990,25,2997,1,271,Monthly,Credit Card,Yes,27,5,1
CUST1086,54,Female,Pune,91813,1,2693,6,206,Yearly,Credit Card,No,11,5,1
CUST1087,47,Male,Pune,34158,25,1188,4,134,Yearly,Net Banking,No,3,1,1
CUST1088,42,Male,Kolkata,70943,55,1017,3,466,Monthly,Debit Card,No,23,5,1
CUST1089,58,Female,Hyderabad,34809,10,582,0,114,Monthly,Debit Card,Yes,14,9,0
CUST1090,22,Female,Kolkata,75106,45,1216,3,475,Quarterly,UPI,Yes,1,1,1
CUST1091,53,Male,Hyderabad,66187,31,2074,1,279,Quarterly,Credit Card,No,2,6,0
CUST1092,24,Female,Delhi,62049,12,2484,5,265,Yearly,Net Banking,No,5,9,1
CUST1093,38,Male,Chennai,83871,47,1752,4,104,Quarterly,Credit Card,Yes,19,7,1
CUST1094,59,Female,Chennai,95215,60,1829,1,364,Yearly,UPI,Yes,27,3,1
CUST1095,55,Female,Mumbai,83413,33,1858,3,135,Monthly,Debit Card,Yes,19,1,1
CUST1096,26,Female,Pune,69811,10,2731,0,359,Monthly,UPI,No,17,4,1
CUST1097,45,Male,Pune,44388,2,704,5,72,Quarterly,Credit Card,No,16,3,1
CUST1098,44,Male,Hyderabad,36090,54,2435,3,389,Yearly,Credit Card,Yes,4,8,0
CUST1099,46,Male,Hyderabad,63434,29,1171,1,90,Yearly,UPI,No,26,3,1
CUST1100,40,Female,Delhi,87108,5,1989,3,434,Quarterly,UPI,Yes,6,1,1
CUST1101,26,Male,Bangalore,46907,26,2468,5,102,Monthly,Net Banking,Yes,26,9,1
CUST1102,43,Female,Bangalore,40478,56,2897,2,77,Quarterly,Credit Card,Yes,29,1,1
CUST1103,47,Male,Chennai,94291,1,2555,0,282,Quarterly,Credit Card,Yes,20,8,1
CUST1104,43,Female,Bangalore,38717,26,527,6,107,Quarterly,Net Banking,No,24,2,1
CUST1105,47,Female,Hyderabad,34621,59,1835,2,36,Yearly,UPI,No,3,7,0
CUST1106,39,Male,Hyderabad,64674,15,1715,0,514,Quarterly,Credit Card,No,28,10,1
CUST1107,38,Female,Delhi,36229,26,625,3,174,Yearly,Debit Card,No,13,4,1
CUST1108,46,Female,Bangalore,37561,3,732,4,175,Monthly,UPI,Yes,15,4,1
CUST1109,43,Male,Chennai,42910,8,2972,4,547,Monthly,Debit Card,Yes,20,10,1
CUST1110,55,Female,Hyderabad,47260,6,1812,4,306,Monthly,Net Banking,Yes,6,6,1
CUST1111,25,Female,Delhi,86138,30,2130,6,166,Monthly,UPI,No,23,3,1
CUST1112,52,Female,Bangalore,34324,36,1419,6,35,Yearly,Credit Card,Yes,2,4,1
CUST1113,49,Male,Mumbai,58746,4,2370,5,147,Quarterly,Net Banking,Yes,17,8,1
CUST1114,59,Female,Pune,43234,57,693,6,421,Quarterly,Credit Card,No,26,3,1
CUST1115,26,Female,Mumbai,36469,26,1641,3,254,Monthly,Credit Card,No,20,1,1
CUST1116,33,Female,Delhi,97584,26,1153,5,168,Monthly,Net Banking,Yes,4,3,1
CUST1117,54,Female,Pune,89383,10,760,6,201,Yearly,Debit Card,No,2,8,1
CUST1118,23,Female,Hyderabad,64387,1,1842,4,358,Quarterly,Net Banking,Yes,17,9,1
CUST1119,32,Female,Pune,56614,35,1618,0,347,Quarterly,UPI,No,28,2,1
CUST1120,35,Female,Chennai,97444,56,1660,1,542,Quarterly,Net Banking,Yes,8,6,0
CUST1121,50,Female,Hyderabad,38007,11,1372,4,299,Yearly,Net Banking,No,28,3,1
CUST1122,42,Female,Hyderabad,45524,5,577,1,161,Monthly,Credit Card,Yes,25,10,1
CUST1123,46,Female,Chennai,73303,8,1818,5,451,Yearly,Credit Card,No,1,7,1
CUST1124,36,Male,Delhi,39184,25,2692,0,532,Monthly,UPI,Yes,2,5,1
CUST1125,27,Female,Kolkata,84917,3,2938,2,477,Monthly,Debit Card,No,20,1,1
CUST1126,51,Female,Delhi,39446,27,919,4,470,Quarterly,Debit Card,Yes,1,5,1
CUST1127,48,Male,Chennai,32336,4,2357,1,546,Quarterly,Net Banking,Yes,27,10,1
CUST1128,54,Male,Mumbai,76197,38,2432,6,257,Monthly,Debit Card,Yes,13,8,1
CUST1129,36,Male,Bangalore,50103,5,2594,3,159,Monthly,UPI,No,27,3,1
CUST1130,57,Male,Bangalore,44153,40,1211,6,375,Yearly,Net Banking,No,14,10,1
CUST1131,34,Female,Kolkata,47368,33,2139,3,489,Quarterly,Net Banking,Yes,12,4,1
CUST1132,25,Female,Kolkata,94644,56,2363,6,135,Quarterly,Credit Card,Yes,17,10,1
CUST1133,30,Female,Pune,74327,41,1930,0,434,Yearly,UPI,Yes,26,4,1
CUST1134,44,Female,Kolkata,49256,1,2354,5,400,Monthly,UPI,Yes,8,5,1
CUST1135,30,Female,Bangalore,87545,52,2860,4,273,Quarterly,Credit Card,No,25,10,1
CUST1136,32,Female,Hyderabad,38577,7,974,1,376,Monthly,Credit Card,Yes,17,3,1
CUST1137,45,Female,Chennai,97526,52,1209,4,190,Yearly,Net Banking,No,17,6,1
CUST1138,47,Female,Bangalore,40395,50,1992,0,113,Yearly,Net Banking,Yes,9,1,1
CUST1139,41,Male,Chennai,82853,22,1586,4,389,Yearly,Credit Card,Yes,17,7,1
CUST1140,22,Female,Bangalore,31759,13,1489,6,464,Yearly,UPI,Yes,27,8,1
CUST1141,40,Female,Kolkata,32079,30,2832,0,458,Yearly,UPI,No,29,8,1
CUST1142,40,Male,Delhi,48449,1,1894,6,223,Quarterly,Net Banking,Yes,22,1,1
CUST1143,51,Female,Chennai,68565,51,1330,3,293,Quarterly,Debit Card,Yes,29,7,1
CUST1144,24,Male,Pune,82603,33,2634,6,505,Yearly,Credit Card,Yes,18,7,1
CUST1145,50,Female,Bangalore,85106,24,2506,2,357,Monthly,Net Banking,Yes,22,9,1
CUST1146,58,Female,Mumbai,69986,33,1787,1,125,Quarterly,UPI,No,24,8,1
CUST1147,37,Female,Delhi,84771,37,681,4,36,Yearly,Credit Card,No,10,7,1
CUST1148,54,Male,Bangalore,32198,21,646,4,314,Monthly,Net Banking,Yes,28,2,1
CUST1149,23,Male,Mumbai,72880,47,2439,2,415,Monthly,Debit Card,No,3,7,0
CUST1150,33,Female,Mumbai,44596,37,1433,5,255,Monthly,Debit Card,No,21,3,1
CUST1151,43,Male,Delhi,47771,24,1092,1,187,Yearly,Credit Card,No,24,7,1
CUST1152,53,Female,Chennai,81920,50,1020,1,266,Yearly,Credit Card,No,25,7,1
CUST1153,30,Female,Chennai,85029,22,2551,1,471,Monthly,UPI,No,29,2,1
CUST1154,44,Female,Delhi,86133,18,2675,4,71,Yearly,Net Banking,No,4,9,1
CUST1155,59,Female,Bangalore,56657,17,2200,0,407,Monthly,Debit Card,Yes,12,7,0
CUST1156,43,Female,Pune,91396,27,1145,2,197,Yearly,UPI,No,2,9,0
CUST1157,28,Male,Kolkata,89052,17,1201,1,159,Yearly,Debit Card,No,28,6,1
CUST1158,22,Female,Hyderabad,49250,53,1894,1,58,Yearly,Debit Card,No,21,8,1
CUST1159,32,Male,Pune,54762,39,1750,5,127,Yearly,Net Banking,No,23,8,1
CUST1160,43,Female,Kolkata,51792,58,1250,3,496,Yearly,Credit Card,No,3,4,1
CUST1161,38,Male,Bangalore,54058,45,2526,1,230,Quarterly,UPI,No,26,2,1
CUST1162,30,Male,Pune,45048,40,1540,0,246,Yearly,Credit Card,No,29,8,1
CUST1163,46,Male,Mumbai,43350,35,630,1,258,Yearly,Net Banking,No,12,3,1
CUST1164,51,Male,Chennai,50581,34,2822,4,73,Monthly,UPI,Yes,27,1,1
CUST1165,38,Male,Kolkata,79481,57,2020,6,41,Monthly,Credit Card,Yes,30,8,1
CUST1166,40,Male,Kolkata,42254,21,2250,4,403,Monthly,Debit Card,Yes,16,6,1
CUST1167,29,Male,Mumbai,45896,18,1612,3,518,Monthly,Debit Card,No,13,10,0
CUST1168,53,Female,Delhi,67641,16,1210,0,115,Monthly,Net Banking,No,26,7,1
CUST1169,35,Male,Mumbai,67198,53,636,2,527,Yearly,Credit Card,Yes,27,7,1
CUST1170,50,Male,Mumbai,36737,31,1489,3,431,Quarterly,Debit Card,No,27,10,1
CUST1171,38,Male,Kolkata,82375,35,2735,4,127,Yearly,Credit Card,Yes,3,5,1
CUST1172,47,Male,Kolkata,50662,23,863,6,526,Yearly,UPI,Yes,4,6,1
CUST1173,46,Female,Mumbai,37564,18,515,4,455,Monthly,Net Banking,Yes,12,2,1
CUST1174,56,Female,Kolkata,82393,34,2961,2,170,Quarterly,Debit Card,Yes,18,3,1
CUST1175,50,Female,Pune,59629,49,976,5,274,Yearly,Debit Card,No,12,9,1
CUST1176,37,Female,Mumbai,88606,57,765,5,388,Quarterly,Debit Card,No,20,5,1
CUST1177,22,Female,Mumbai,62733,49,2550,4,171,Quarterly,Net Banking,Yes,24,2,1
CUST1178,25,Female,Hyderabad,62913,37,931,0,428,Quarterly,UPI,No,17,9,1
CUST1179,45,Male,Chennai,73001,37,2608,4,409,Monthly,UPI,No,6,7,1
CUST1180,45,Male,Pune,59757,13,2773,0,339,Yearly,UPI,Yes,21,3,1
CUST1181,31,Male,Chennai,70042,34,1324,1,535,Yearly,Credit Card,No,3,8,0
CUST1182,27,Female,Chennai,80948,54,1226,0,128,Monthly,UPI,Yes,20,10,1
CUST1183,56,Male,Mumbai,55425,17,2763,2,189,Quarterly,Credit Card,Yes,3,6,0
CUST1184,34,Male,Bangalore,37287,47,2876,3,386,Monthly,Credit Card,Yes,2,9,0
CUST1185,24,Female,Delhi,73642,28,1718,0,361,Monthly,Debit Card,No,10,9,0
CUST1186,36,Female,Pune,72520,5,1918,2,255,Monthly,Net Banking,No,24,6,1
CUST1187,29,Male,Pune,51754,5,1699,1,483,Quarterly,Net Banking,No,5,5,1
CUST1188,34,Female,Chennai,75648,50,1824,5,378,Quarterly,UPI,Yes,19,10,1
CUST1189,24,Male,Pune,31591,40,2389,2,318,Quarterly,Credit Card,No,6,8,0
CUST1190,40,Male,Kolkata,49623,28,2900,2,392,Yearly,Debit Card,No,13,9,0
CUST1191,57,Male,Hyderabad,99274,38,1199,6,162,Yearly,Net Banking,No,11,10,1
CUST1192,52,Female,Pune,77638,42,2910,4,111,Monthly,UPI,No,4,2,1
CUST1193,35,Female,Kolkata,87932,29,2047,6,253,Monthly,Credit Card,Yes,13,1,1
CUST1194,38,Female,Delhi,61966,34,1199,4,355,Yearly,UPI,Yes,19,7,1
CUST1195,31,Male,Pune,72207,34,1935,3,364,Quarterly,UPI,Yes,30,5,1
CUST1196,50,Male,Pune,43507,20,2387,3,271,Monthly,UPI,Yes,4,1,1
CUST1197,33,Female,Delhi,93888,10,1385,0,51,Yearly,Credit Card,No,26,8,1
CUST1198,39,Male,Chennai,97889,14,1203,6,314,Quarterly,UPI,No,12,4,1
CUST1199,56,Male,Chennai,51427,12,1530,4,62,Quarterly,Net Banking,Yes,6,3,1
CUST1200,32,Male,Pune,59241,23,1953,1,314,Monthly,UPI,Yes,4,1,1
CUST1201,56,Male,Bangalore,36540,41,538,6,186,Quarterly,Debit Card,Yes,11,4,1
CUST1202,53,Male,Hyderabad,90545,47,1473,3,51,Quarterly,Debit Card,No,11,3,1
CUST1203,38,Female,Bangalore,74413,44,1488,4,332,Yearly,Net Banking,Yes,16,5,1
CUST1204,41,Male,Pune,78901,19,2476,4,416,Monthly,Debit Card,No,27,1,1
CUST1205,59,Female,Pune,49982,34,2480,2,300,Yearly,UPI,No,12,8,0
CUST1206,46,Male,Kolkata,35776,29,1019,6,56,Monthly,UPI,No,14,2,1
CUST1207,28,Female,Kolkata,91788,44,1192,3,407,Yearly,Net Banking,Yes,3,4,1
CUST1208,36,Female,Chennai,98760,30,2753,6,302,Yearly,Net Banking,No,30,4,1
CUST1209,57,Male,Bangalore,38712,38,1516,3,530,Yearly,Debit Card,Yes,21,2,1
CUST1210,45,Female,Bangalore,59759,13,571,4,303,Monthly,Credit Card,No,30,2,1
CUST1211,52,Female,Kolkata,56143,11,1824,0,131,Quarterly,UPI,No,9,8,0
CUST1212,32,Male,Kolkata,62981,51,1611,0,430,Quarterly,Credit Card,Yes,12,9,0
CUST1213,53,Male,Bangalore,78787,33,1213,1,31,Quarterly,UPI,No,1,1,1
CUST1214,34,Male,Pune,86985,22,2741,5,119,Monthly,UPI,Yes,14,10,1
CUST1215,36,Female,Bangalore,98577,42,1386,3,334,Quarterly,Debit Card,Yes,8,3,1
CUST1216,27,Male,Chennai,56015,41,1215,1,347,Quarterly,UPI,Yes,20,7,1
CUST1217,32,Male,Hyderabad,76163,16,1399,5,343,Quarterly,Credit Card,No,22,10,1
CUST1218,24,Male,Pune,86446,41,1373,5,41,Yearly,UPI,No,23,9,1
CUST1219,40,Female,Pune,50022,46,1184,4,338,Quarterly,UPI,No,23,3,1
CUST1220,39,Female,Pune,46082,22,1048,0,88,Quarterly,Credit Card,Yes,3,10,0
CUST1221,56,Male,Pune,75500,29,2482,6,382,Yearly,Credit Card,Yes,7,1,1
CUST1222,51,Female,Hyderabad,89321,24,903,4,545,Monthly,Debit Card,Yes,28,4,1
CUST1223,45,Female,Kolkata,34703,41,2967,1,146,Yearly,UPI,Yes,2,4,1
CUST1224,23,Male,Pune,56958,34,2297,6,400,Monthly,Credit Card,No,26,6,1
CUST1225,33,Male,Hyderabad,78364,18,2568,6,549,Yearly,Net Banking,Yes,4,7,1
CUST1226,35,Male,Pune,79153,55,2840,4,347,Monthly,Credit Card,No,22,8,1
CUST1227,46,Male,Delhi,99350,6,2540,3,95,Monthly,Debit Card,No,3,5,1
CUST1228,26,Female,Kolkata,43760,40,959,3,330,Quarterly,Credit Card,No,23,10,1
CUST1229,24,Male,Mumbai,63397,14,2493,4,390,Quarterly,Credit Card,Yes,1,5,1
CUST1230,41,Male,Hyderabad,53499,1,2860,5,313,Yearly,Credit Card,Yes,25,5,1
CUST1231,58,Male,Hyderabad,45563,37,2852,0,185,Monthly,UPI,No,15,6,0
CUST1232,41,Female,Pune,50337,14,1468,6,322,Yearly,Debit Card,No,20,10,1
CUST1233,50,Male,Bangalore,69030,35,697,4,88,Yearly,UPI,No,5,1,1
CUST1234,35,Male,Kolkata,55611,42,775,4,271,Monthly,Debit Card,Yes,24,2,1
CUST1235,46,Female,Mumbai,91212,57,1746,6,456,Monthly,Debit Card,No,18,7,1
CUST1236,59,Male,Bangalore,42115,23,2931,5,337,Monthly,Debit Card,No,16,2,1
CUST1237,29,Male,Bangalore,40225,21,628,6,381,Monthly,Net Banking,Yes,6,5,1
CUST1238,43,Female,Bangalore,78320,55,1642,1,456,Yearly,UPI,Yes,10,2,1
CUST1239,39,Female,Pune,54089,8,802,0,374,Quarterly,Credit Card,Yes,14,4,1
CUST1240,54,Female,Delhi,61890,31,2499,5,82,Yearly,Credit Card,No,16,5,1
CUST1241,47,Male,Hyderabad,38125,28,1509,5,190,Yearly,UPI,No,9,9,1
CUST1242,34,Female,Pune,57208,53,988,2,353,Quarterly,Net Banking,Yes,2,6,0
CUST1243,25,Female,Hyderabad,34114,6,2944,0,308,Monthly,Credit Card,Yes,19,1,1
CUST1244,45,Female,Delhi,81924,15,1210,6,502,Monthly,Credit Card,No,1,1,1
CUST1245,53,Male,Bangalore,52443,38,2509,2,32,Yearly,Credit Card,No,21,10,1
CUST1246,29,Male,Bangalore,65631,2,2447,4,250,Monthly,Debit Card,Yes,26,9,1
CUST1247,33,Female,Pune,51636,34,803,4,329,Yearly,Credit Card,Yes,4,7,1
CUST1248,27,Female,Bangalore,89889,44,1390,2,50,Monthly,Net Banking,Yes,23,7,1
CUST1249,37,Female,Pune,89182,53,1647,6,80,Yearly,UPI,No,15,4,1
CUST1250,42,Male,Bangalore,67650,34,1857,4,402,Quarterly,UPI,Yes,20,3,1
CUST1251,29,Female,Hyderabad,84691,30,2181,1,119,Monthly,Net Banking,No,25,7,1
CUST1252,52,Female,Pune,74139,10,1562,4,188,Yearly,Debit Card,Yes,7,8,1
CUST1253,57,Male,Bangalore,42149,7,2345,0,201,Quarterly,Debit Card,Yes,24,10,1
CUST1254,34,Female,Chennai,95429,54,1800,5,249,Monthly,Debit Card,Yes,9,10,1
CUST1255,30,Male,Delhi,61401,8,2699,0,183,Monthly,Debit Card,Yes,27,5,1
CUST1256,25,Female,Delhi,85826,36,645,2,468,Quarterly,UPI,Yes,18,5,1
CUST1257,56,Male,Delhi,47633,33,1130,4,461,Quarterly,Credit Card,Yes,5,3,1
CUST1258,49,Female,Pune,70390,32,2046,1,106,Yearly,UPI,No,29,9,1
CUST1259,46,Female,Bangalore,47727,35,762,4,403,Quarterly,Debit Card,No,29,7,1
CUST1260,32,Female,Kolkata,92438,24,1199,5,247,Quarterly,UPI,Yes,6,10,1
CUST1261,53,Female,Delhi,69532,46,535,4,382,Yearly,Debit Card,Yes,4,3,1
CUST1262,30,Male,Kolkata,61367,33,2414,5,454,Yearly,UPI,Yes,7,4,1
CUST1263,34,Female,Hyderabad,94315,2,1455,4,457,Yearly,Credit Card,Yes,27,5,1
CUST1264,29,Male,Kolkata,86549,8,2085,2,410,Yearly,Debit Card,Yes,26,3,1
CUST1265,43,Male,Mumbai,35249,23,1695,1,238,Quarterly,Net Banking,No,3,2,1
CUST1266,44,Female,Mumbai,83363,8,1161,3,471,Yearly,UPI,No,4,5,1
CUST1267,34,Female,Kolkata,78604,31,1516,6,237,Monthly,UPI,Yes,10,9,1
CUST1268,37,Female,Chennai,98619,17,1923,3,544,Quarterly,Debit Card,Yes,16,7,1
CUST1269,49,Female,Mumbai,85922,40,1129,4,277,Monthly,Net Banking,No,12,1,1
CUST1270,51,Male,Delhi,43395,6,2953,1,485,Yearly,Net Banking,No,7,1,1
CUST1271,37,Male,Hyderabad,40699,38,2023,1,538,Quarterly,Credit Card,Yes,14,4,1
CUST1272,54,Male,Kolkata,35782,50,2101,0,370,Monthly,UPI,No,2,9,0
CUST1273,30,Male,Bangalore,85114,3,1703,5,436,Quarterly,Credit Card,Yes,26,4,1
CUST1274,39,Female,Chennai,95450,15,841,3,130,Yearly,Net Banking,Yes,20,10,1
CUST1275,33,Male,Kolkata,42329,38,1093,4,187,Yearly,Debit Card,No,24,10,1
CUST1276,51,Male,Bangalore,82290,16,1447,5,102,Monthly,Debit Card,No,15,5,1
CUST1277,56,Female,Chennai,36721,27,629,2,495,Quarterly,Net Banking,Yes,14,4,1
CUST1278,39,Male,Chennai,78895,10,2060,1,282,Quarterly,Net Banking,Yes,22,1,1
CUST1279,57,Male,Hyderabad,35901,1,1633,5,267,Monthly,UPI,No,29,4,1
CUST1280,24,Male,Hyderabad,65298,41,1548,4,146,Monthly,Net Banking,No,2,8,1
CUST1281,42,Male,Bangalore,47347,25,2103,4,41,Quarterly,Credit Card,Yes,28,4,1
CUST1282,39,Male,Hyderabad,82188,60,2994,5,72,Yearly,Net Banking,Yes,30,2,1
CUST1283,44,Male,Bangalore,69922,5,2453,1,374,Quarterly,UPI,Yes,2,2,1
CUST1284,52,Male,Mumbai,55032,23,2630,0,128,Yearly,UPI,No,21,9,1
CUST1285,49,Female,Kolkata,58141,51,2810,3,289,Monthly,Debit Card,Yes,4,7,0
CUST1286,38,Male,Hyderabad,73108,39,1903,3,250,Yearly,UPI,No,20,4,1
CUST1287,59,Male,Kolkata,87009,37,2097,4,512,Monthly,Debit Card,Yes,7,6,1
CUST1288,35,Male,Kolkata,61174,37,2544,5,539,Quarterly,Debit Card,Yes,23,2,1
CUST1289,48,Female,Bangalore,36548,54,1241,6,500,Monthly,Net Banking,No,26,8,1
CUST1290,26,Female,Pune,90428,21,2509,1,522,Quarterly,UPI,Yes,21,5,1
CUST1291,39,Male,Bangalore,77076,45,1171,3,494,Yearly,Debit Card,No,3,1,1
CUST1292,32,Female,Pune,34798,21,2855,6,539,Yearly,Credit Card,Yes,4,2,1
CUST1293,39,Male,Chennai,51223,35,2268,4,465,Monthly,UPI,Yes,29,6,1
CUST1294,42,Male,Chennai,94041,13,604,0,149,Quarterly,UPI,No,9,9,0
CUST1295,22,Female,Chennai,94641,60,2576,0,39,Yearly,Debit Card,No,18,10,1
CUST1296,42,Female,Hyderabad,58602,22,2747,0,108,Yearly,Credit Card,Yes,17,7,1
CUST1297,45,Female,Delhi,86492,19,1939,3,478,Quarterly,Credit Card,No,23,5,1
CUST1298,29,Female,Kolkata,90920,23,2590,0,464,Quarterly,Net Banking,Yes,24,3,1
CUST1299,45,Female,Chennai,46531,21,731,1,395,Yearly,Debit Card,No,4,4,1
CUST1300,36,Male,Chennai,94027,51,2989,4,379,Monthly,Net Banking,Yes,22,8,1
CUST1301,31,Female,Bangalore,72533,47,1491,3,366,Monthly,Credit Card,No,8,8,0
CUST1302,46,Male,Delhi,65144,2,1462,0,411,Yearly,Credit Card,Yes,4,9,1
CUST1303,46,Female,Hyderabad,91558,50,2301,4,517,Monthly,Debit Card,No,2,6,1
CUST1304,34,Male,Chennai,69071,31,1811,3,255,Quarterly,Debit Card,Yes,11,10,0
CUST1305,36,Female,Chennai,88279,18,2730,0,517,Yearly,Net Banking,No,27,10,1
CUST1306,46,Female,Kolkata,32461,20,2248,3,317,Yearly,Debit Card,Yes,19,1,1
CUST1307,42,Female,Chennai,60841,32,1745,6,68,Yearly,UPI,Yes,17,9,1
CUST1308,39,Male,Chennai,58044,21,2427,5,389,Yearly,Credit Card,No,14,7,1
CUST1309,44,Male,Kolkata,44571,32,2750,5,264,Monthly,Net Banking,Yes,25,6,1
CUST1310,49,Male,Hyderabad,78908,18,1269,4,242,Monthly,Net Banking,Yes,15,4,1
CUST1311,48,Female,Kolkata,78689,31,1986,2,436,Monthly,Net Banking,No,24,6,1
CUST1312,58,Female,Hyderabad,97260,33,1014,6,48,Quarterly,Credit Card,No,23,7,1
CUST1313,46,Male,Hyderabad,86447,37,1634,1,215,Monthly,Credit Card,No,16,8,1
CUST1314,22,Female,Bangalore,85147,5,1014,0,133,Yearly,Net Banking,Yes,3,10,1
CUST1315,55,Female,Hyderabad,98056,10,1928,5,260,Quarterly,Debit Card,No,27,2,1
CUST1316,34,Female,Pune,77701,42,813,5,41,Quarterly,Credit Card,Yes,17,9,1
CUST1317,55,Male,Delhi,70372,57,2278,6,99,Monthly,Debit Card,No,24,3,1
CUST1318,58,Male,Chennai,39596,4,1543,1,256,Quarterly,Net Banking,No,26,5,1
CUST1319,59,Female,Mumbai,32023,39,2952,1,67,Monthly,Credit Card,Yes,14,4,1
CUST1320,41,Female,Kolkata,89664,55,1025,2,365,Quarterly,Credit Card,Yes,26,7,1
CUST1321,25,Male,Hyderabad,66727,24,661,5,188,Yearly,Credit Card,No,28,3,1
CUST1322,40,Male,Chennai,79815,45,1599,5,343,Monthly,Debit Card,Yes,6,5,1
CUST1323,52,Male,Hyderabad,40258,48,1239,5,212,Quarterly,Net Banking,Yes,17,7,1
CUST1324,54,Female,Delhi,63937,52,1636,2,505,Yearly,UPI,No,27,9,1
CUST1325,54,Female,Chennai,89792,6,1783,3,76,Yearly,Credit Card,No,27,6,1
CUST1326,35,Male,Delhi,87418,39,2684,1,429,Quarterly,Debit Card,No,5,9,0
CUST1327,31,Male,Hyderabad,64865,3,1472,2,283,Yearly,Credit Card,No,22,6,1
CUST1328,38,Male,Bangalore,53284,19,1949,2,331,Monthly,UPI,Yes,26,3,1
CUST1329,26,Female,Pune,92812,37,2503,0,103,Yearly,Net Banking,Yes,5,4,1
CUST1330,27,Male,Hyderabad,56201,4,1137,6,324,Yearly,UPI,No,18,3,1
CUST1331,22,Female,Bangalore,32839,57,2361,0,211,Quarterly,UPI,Yes,14,9,0
CUST1332,52,Female,Chennai,97155,24,1484,3,437,Quarterly,Net Banking,Yes,12,10,0
CUST1333,51,Female,Pune,39557,28,1402,2,249,Yearly,Net Banking,No,14,8,0
CUST1334,31,Male,Delhi,62591,16,2514,1,234,Monthly,UPI,Yes,6,9,0
CUST1335,57,Male,Pune,89063,43,2797,2,470,Yearly,Net Banking,Yes,21,4,1
CUST1336,54,Female,Chennai,60682,7,1922,1,232,Quarterly,Debit Card,Yes,20,8,1
CUST1337,36,Female,Pune,95428,42,1395,5,342,Quarterly,UPI,Yes,5,10,1
CUST1338,42,Male,Hyderabad,58228,3,2253,4,334,Quarterly,Net Banking,No,19,3,1
CUST1339,46,Female,Chennai,92292,12,2992,0,190,Yearly,UPI,No,18,5,1
CUST1340,25,Female,Kolkata,45352,7,1097,6,318,Yearly,Credit Card,Yes,17,8,1
CUST1341,55,Male,Mumbai,53481,43,2204,6,206,Quarterly,Debit Card,No,17,2,1
CUST1342,27,Female,Pune,80669,6,1352,4,543,Yearly,Net Banking,No,22,9,1
CUST1343,23,Female,Delhi,95633,16,2403,2,115,Monthly,Credit Card,No,12,8,0
CUST1344,59,Female,Bangalore,60651,59,1110,2,61,Quarterly,Net Banking,No,7,5,1
CUST1345,41,Male,Delhi,93870,4,2401,3,243,Yearly,Credit Card,Yes,15,8,1
CUST1346,42,Female,Mumbai,48133,52,1281,2,410,Quarterly,Net Banking,No,9,8,0
CUST1347,49,Female,Bangalore,69961,49,946,1,283,Quarterly,Credit Card,No,3,8,0
CUST1348,54,Female,Delhi,80729,52,2774,5,465,Monthly,UPI,Yes,23,9,1
CUST1349,40,Female,Delhi,36852,51,1278,3,37,Quarterly,UPI,Yes,24,9,1
CUST1350,57,Male,Mumbai,87828,21,1404,6,267,Monthly,Debit Card,No,8,2,1
CUST1351,41,Male,Mumbai,67711,3,758,2,69,Yearly,Debit Card,Yes,6,1,1
CUST1352,49,Male,Hyderabad,95031,37,2415,2,289,Monthly,UPI,No,30,6,1
CUST1353,40,Male,Hyderabad,32591,9,2047,2,45,Monthly,Credit Card,Yes,1,7,0
CUST1354,42,Female,Bangalore,86481,4,1423,5,535,Quarterly,UPI,Yes,27,7,1
CUST1355,48,Female,Pune,38004,25,2678,0,225,Yearly,Credit Card,Yes,25,4,1
CUST1356,55,Female,Hyderabad,54217,5,726,4,505,Yearly,Net Banking,Yes,29,9,1
CUST1357,59,Male,Chennai,30645,19,1918,1,393,Monthly,UPI,No,12,9,0
CUST1358,42,Male,Pune,76305,22,1654,3,505,Monthly,Debit Card,No,30,10,1
CUST1359,42,Female,Pune,55556,35,2215,1,70,Yearly,Debit Card,Yes,19,2,1
CUST1360,32,Female,Delhi,71855,22,2820,4,318,Monthly,Debit Card,No,20,2,1
CUST1361,23,Female,Pune,67346,40,2795,3,76,Quarterly,Credit Card,Yes,7,6,0
CUST1362,30,Male,Hyderabad,68547,60,2548,6,220,Yearly,UPI,Yes,3,4,1
CUST1363,46,Female,Delhi,93278,38,2690,6,256,Monthly,UPI,No,25,5,1
CUST1364,35,Male,Hyderabad,85267,12,1050,0,236,Yearly,Credit Card,No,18,3,1
CUST1365,54,Male,Chennai,52746,23,1966,2,383,Yearly,Debit Card,Yes,24,6,1
CUST1366,35,Male,Mumbai,32659,53,1339,5,536,Yearly,Net Banking,Yes,20,1,1
CUST1367,46,Male,Chennai,53383,14,653,5,112,Yearly,Debit Card,No,14,3,1
CUST1368,24,Female,Delhi,51778,9,2831,3,202,Yearly,Net Banking,Yes,7,9,0
CUST1369,40,Female,Pune,82142,52,897,5,466,Monthly,Credit Card,Yes,29,4,1
CUST1370,38,Female,Hyderabad,79437,9,2867,0,405,Yearly,UPI,No,20,9,1
CUST1371,35,Male,Bangalore,41240,59,2881,5,70,Yearly,Debit Card,No,4,4,1
CUST1372,49,Female,Hyderabad,44849,41,2121,0,156,Quarterly,Debit Card,No,23,1,1
CUST1373,51,Female,Hyderabad,89659,35,1278,5,498,Yearly,Debit Card,No,21,5,1
CUST1374,41,Female,Chennai,74900,3,2544,0,474,Yearly,UPI,No,9,4,1
CUST1375,56,Female,Hyderabad,39168,34,1227,0,37,Monthly,Credit Card,No,13,7,0
CUST1376,33,Female,Kolkata,36581,12,2721,6,55,Yearly,Credit Card,No,20,6,1
CUST1377,42,Female,Hyderabad,91944,29,678,3,484,Monthly,Debit Card,Yes,28,4,1
CUST1378,43,Male,Pune,60795,45,1078,5,521,Quarterly,Credit Card,No,2,8,1
CUST1379,55,Female,Kolkata,41190,41,2292,6,291,Yearly,UPI,No,22,9,1
CUST1380,39,Male,Hyderabad,56512,12,761,1,312,Yearly,Debit Card,Yes,8,3,1
CUST1381,22,Male,Hyderabad,72604,49,1366,5,320,Monthly,UPI,Yes,16,4,1
CUST1382,34,Female,Chennai,84245,49,1825,0,219,Monthly,Debit Card,No,8,4,1
CUST1383,54,Male,Bangalore,46724,53,2468,5,392,Monthly,Credit Card,No,22,9,1
CUST1384,30,Male,Kolkata,35463,37,1316,0,212,Quarterly,Credit Card,Yes,9,7,0
CUST1385,34,Female,Kolkata,52207,11,2017,2,362,Yearly,Debit Card,Yes,14,1,1
CUST1386,40,Female,Kolkata,74363,8,955,4,138,Yearly,Debit Card,No,12,1,1
CUST1387,47,Male,Delhi,85398,28,1019,0,203,Yearly,Credit Card,Yes,23,7,1
CUST1388,41,Female,Pune,53377,18,1847,5,449,Quarterly,UPI,Yes,18,5,1
CUST1389,40,Female,Hyderabad,64542,28,1435,3,142,Yearly,Credit Card,No,1,10,0
CUST1390,36,Female,Bangalore,44376,39,2293,6,134,Yearly,Net Banking,Yes,10,2,1
CUST1391,32,Female,Hyderabad,94200,57,2063,2,113,Quarterly,Credit Card,Yes,6,5,1
CUST1392,23,Female,Bangalore,60373,3,2435,5,325,Monthly,Debit Card,No,2,1,1
CUST1393,33,Male,Bangalore,32282,1,2498,1,386,Quarterly,Debit Card,No,21,1,1
CUST1394,52,Male,Chennai,80583,57,2319,4,467,Quarterly,Debit Card,No,11,2,1
CUST1395,57,Female,Chennai,66268,55,2620,4,59,Quarterly,Debit Card,No,28,2,1
CUST1396,53,Male,Chennai,47858,3,1679,3,70,Quarterly,Debit Card,No,23,8,1
CUST1397,32,Female,Delhi,94047,32,2541,2,147,Monthly,Credit Card,No,4,1,1
CUST1398,45,Male,Delhi,75734,34,2987,3,36,Yearly,Debit Card,Yes,4,5,1
CUST1399,22,Male,Delhi,74179,19,1413,3,448,Quarterly,Net Banking,Yes,11,1,1
CUST1400,59,Male,Bangalore,38767,5,1915,1,469,Quarterly,Net Banking,Yes,12,6,1
CUST1401,22,Male,Delhi,47438,4,2148,4,463,Yearly,Debit Card,No,5,8,1
CUST1402,45,Female,Pune,37597,54,862,2,263,Quarterly,Credit Card,Yes,19,2,1
CUST1403,27,Female,Bangalore,83161,37,2669,4,199,Yearly,UPI,Yes,28,5,1
CUST1404,56,Female,Pune,57734,6,2231,1,230,Yearly,UPI,No,17,4,1
CUST1405,38,Female,Kolkata,89500,32,1801,3,98,Monthly,UPI,No,5,9,0
CUST1406,34,Female,Kolkata,38556,22,1320,2,372,Monthly,Credit Card,Yes,19,3,1
CUST1407,55,Female,Hyderabad,86882,58,840,5,412,Yearly,UPI,Yes,12,5,1
CUST1408,32,Female,Pune,30358,4,2022,0,309,Yearly,Debit Card,No,29,3,1
CUST1409,34,Female,Kolkata,88478,34,2686,3,464,Yearly,Net Banking,No,29,1,1
CUST1410,56,Female,Pune,50219,18,2651,5,194,Yearly,UPI,No,7,5,1
CUST1411,29,Female,Chennai,31307,5,1156,4,193,Yearly,Credit Card,Yes,22,3,1
CUST1412,48,Male,Pune,31140,34,766,5,169,Yearly,Net Banking,Yes,22,5,1
CUST1413,32,Male,Bangalore,56086,28,1476,3,176,Yearly,UPI,No,26,4,1
CUST1414,53,Female,Chennai,88954,33,1739,6,428,Quarterly,UPI,No,27,9,1
CUST1415,38,Female,Chennai,60386,53,581,3,394,Yearly,Net Banking,Yes,3,9,0
CUST1416,29,Male,Delhi,38016,17,1380,0,176,Monthly,UPI,No,6,3,1
CUST1417,26,Male,Delhi,55518,46,2224,6,143,Quarterly,Net Banking,Yes,22,6,1
CUST1418,24,Female,Kolkata,49337,42,2867,5,306,Monthly,Debit Card,Yes,16,2,1
CUST1419,45,Female,Chennai,79847,30,556,5,332,Monthly,UPI,No,3,3,1
CUST1420,29,Male,Chennai,66976,40,1041,6,94,Monthly,Debit Card,Yes,4,9,1
CUST1421,58,Male,Kolkata,72727,8,2735,0,156,Monthly,Credit Card,Yes,1,4,1
CUST1422,56,Male,Mumbai,45038,40,1301,5,413,Quarterly,UPI,No,4,6,1
CUST1423,32,Male,Delhi,49810,8,1409,3,319,Quarterly,Credit Card,Yes,13,3,1
CUST1424,59,Female,Hyderabad,52031,2,2180,6,191,Quarterly,Credit Card,No,10,6,1
CUST1425,23,Male,Hyderabad,76092,56,2658,6,537,Monthly,Debit Card,No,2,7,1
CUST1426,24,Female,Kolkata,98487,23,1473,5,56,Yearly,Net Banking,No,22,7,1
CUST1427,22,Male,Kolkata,45592,30,936,4,432,Monthly,Credit Card,Yes,21,3,1
CUST1428,46,Male,Kolkata,60750,17,682,6,475,Monthly,Credit Card,No,10,10,1
CUST1429,57,Female,Kolkata,31589,52,1159,1,43,Yearly,Net Banking,No,18,4,1
CUST1430,45,Female,Mumbai,76101,30,2807,4,88,Monthly,Credit Card,Yes,23,8,1
CUST1431,39,Female,Bangalore,42237,34,1349,1,104,Monthly,Credit Card,Yes,9,1,1
CUST1432,36,Female,Bangalore,84238,49,2384,1,125,Yearly,UPI,No,22,6,1
CUST1433,38,Female,Bangalore,57990,24,1317,0,419,Yearly,Credit Card,Yes,5,9,0
CUST1434,50,Male,Hyderabad,71627,11,1132,0,166,Quarterly,Net Banking,No,27,2,1
CUST1435,25,Female,Hyderabad,46209,15,1318,4,112,Quarterly,Net Banking,No,17,6,1
CUST1436,33,Female,Pune,62441,23,2765,4,204,Quarterly,UPI,No,23,5,1
CUST1437,42,Female,Chennai,45372,37,1428,3,481,Yearly,Debit Card,No,15,9,0
CUST1438,51,Male,Pune,46211,19,2246,3,322,Yearly,UPI,Yes,10,1,1
CUST1439,58,Male,Delhi,52005,48,1523,0,384,Monthly,UPI,No,15,2,1
CUST1440,35,Female,Pune,35355,41,1391,6,42,Quarterly,Credit Card,No,18,5,1
CUST1441,34,Male,Kolkata,56654,2,1148,0,195,Quarterly,Credit Card,Yes,11,6,1
CUST1442,43,Female,Bangalore,81168,36,2378,4,191,Quarterly,Net Banking,Yes,9,8,1
CUST1443,29,Female,Delhi,77377,3,1551,5,178,Quarterly,UPI,Yes,28,8,1
CUST1444,22,Female,Pune,90948,60,734,2,342,Monthly,Debit Card,No,17,6,1
CUST1445,31,Female,Kolkata,85860,44,2600,1,131,Quarterly,Net Banking,No,24,2,1
CUST1446,43,Female,Chennai,38016,36,897,1,416,Monthly,Net Banking,No,15,6,0
CUST1447,38,Female,Kolkata,66021,52,1040,2,438,Quarterly,Net Banking,Yes,4,10,0
CUST1448,47,Male,Hyderabad,74864,20,618,3,494,Quarterly,Net Banking,Yes,8,10,0
CUST1449,33,Male,Delhi,33866,54,2205,2,204,Monthly,UPI,Yes,30,9,1
CUST1450,55,Male,Bangalore,60116,6,2259,4,62,Quarterly,Net Banking,Yes,23,10,1
CUST1451,28,Female,Bangalore,81955,57,2559,2,402,Monthly,UPI,No,4,7,0
CUST1452,57,Male,Kolkata,94110,51,956,2,254,Monthly,Net Banking,Yes,23,9,1
CUST1453,29,Female,Kolkata,41308,22,1582,3,224,Quarterly,Credit Card,Yes,29,9,1
CUST1454,50,Female,Chennai,61131,13,1602,3,500,Monthly,Debit Card,Yes,12,10,0
CUST1455,25,Female,Hyderabad,51607,9,1130,4,463,Quarterly,Net Banking,Yes,11,6,1
CUST1456,38,Male,Kolkata,68458,26,2909,0,55,Quarterly,Credit Card,Yes,25,10,1
CUST1457,40,Male,Hyderabad,85751,40,1591,6,441,Yearly,Debit Card,Yes,11,1,1
CUST1458,59,Female,Chennai,62983,54,2223,0,188,Yearly,UPI,Yes,9,2,1
CUST1459,47,Male,Bangalore,46241,5,2343,0,488,Monthly,UPI,Yes,24,6,1
CUST1460,54,Male,Pune,57045,27,2562,4,151,Quarterly,Credit Card,No,21,5,1
CUST1461,27,Male,Mumbai,94805,22,2993,1,331,Quarterly,Net Banking,No,13,3,1
CUST1462,51,Male,Kolkata,68405,29,992,2,190,Monthly,Debit Card,No,17,2,1
CUST1463,32,Female,Bangalore,84110,28,2105,0,301,Monthly,UPI,Yes,4,3,1
CUST1464,47,Female,Mumbai,35451,11,856,0,303,Monthly,Net Banking,No,19,7,1
CUST1465,59,Female,Bangalore,60873,6,1783,3,154,Quarterly,UPI,Yes,2,1,1
CUST1466,37,Female,Kolkata,85745,34,1770,4,391,Quarterly,Net Banking,No,8,4,1
CUST1467,51,Male,Mumbai,86746,39,686,3,122,Monthly,Credit Card,No,22,9,1
CUST1468,58,Male,Kolkata,52601,36,2136,3,541,Yearly,Net Banking,No,28,10,1
CUST1469,42,Female,Chennai,48601,60,1371,1,485,Quarterly,Credit Card,Yes,16,6,1
CUST1470,58,Male,Mumbai,96732,10,1961,6,528,Quarterly,Credit Card,No,1,9,1
CUST1471,50,Female,Bangalore,83574,49,1479,3,388,Quarterly,Debit Card,No,27,10,1
CUST1472,35,Male,Chennai,83521,45,615,4,120,Monthly,Debit Card,Yes,18,4,1
CUST1473,22,Male,Pune,81313,1,653,4,433,Yearly,Debit Card,Yes,20,7,1
CUST1474,31,Male,Pune,42602,11,1564,0,222,Monthly,Credit Card,Yes,17,6,1
CUST1475,55,Female,Hyderabad,94503,45,2460,4,285,Monthly,UPI,Yes,11,8,1
CUST1476,42,Female,Hyderabad,52626,12,2829,2,432,Monthly,Net Banking,No,13,7,0
CUST1477,28,Male,Delhi,75607,5,904,5,161,Quarterly,Debit Card,No,23,10,1
CUST1478,41,Male,Pune,80574,50,720,0,397,Yearly,Debit Card,Yes,19,7,1
CUST1479,49,Female,Chennai,50954,4,2413,6,450,Yearly,Credit Card,Yes,1,3,1
CUST1480,45,Male,Mumbai,75095,36,1493,4,33,Monthly,Credit Card,No,3,2,1
CUST1481,44,Male,Chennai,37415,52,778,4,283,Yearly,Debit Card,No,21,9,1
CUST1482,27,Male,Pune,64148,57,2173,6,114,Monthly,Debit Card,No,29,4,1
CUST1483,24,Male,Chennai,87727,51,841,6,67,Yearly,Credit Card,Yes,19,4,1
CUST1484,26,Male,Chennai,52412,23,2349,1,141,Monthly,Credit Card,Yes,27,3,1
CUST1485,35,Male,Chennai,37214,54,1545,4,339,Quarterly,Debit Card,Yes,21,8,1
CUST1486,37,Female,Mumbai,75046,31,2579,2,191,Yearly,Debit Card,Yes,30,9,1
CUST1487,38,Male,Hyderabad,82874,32,509,5,534,Quarterly,UPI,Yes,17,4,1
CUST1488,46,Male,Bangalore,41156,37,2356,6,110,Yearly,Net Banking,Yes,9,8,1
CUST1489,23,Female,Delhi,50583,15,2414,5,30,Yearly,Debit Card,No,15,7,1
CUST1490,38,Male,Bangalore,49873,59,1180,4,102,Quarterly,UPI,Yes,13,6,1
CUST1491,27,Female,Pune,96899,52,2792,2,366,Yearly,Net Banking,No,17,7,1
CUST1492,22,Female,Bangalore,42112,3,1997,6,129,Monthly,Net Banking,Yes,4,2,1
CUST1493,40,Female,Chennai,54618,52,577,1,299,Monthly,UPI,No,2,7,0
CUST1494,25,Male,Delhi,57962,29,1401,0,197,Quarterly,Debit Card,Yes,19,5,1
CUST1495,22,Male,Hyderabad,69194,16,889,4,269,Monthly,UPI,No,30,3,1
CUST1496,40,Female,Mumbai,65531,16,1390,2,487,Quarterly,Debit Card,No,25,4,1
CUST1497,52,Female,Mumbai,46835,44,2037,5,342,Monthly,Debit Card,Yes,5,8,1
CUST1498,28,Female,Kolkata,41889,16,1094,2,239,Yearly,Debit Card,Yes,20,8,1
CUST1499,54,Male,Chennai,30112,12,2878,4,312,Monthly,UPI,No,12,1,1
CUST1500,27,Male,Pune,49552,5,2447,5,98,Quarterly,UPI,No,22,8,1
CUST1501,54,Female,Kolkata,56049,30,951,0,170,Monthly,Net Banking,No,20,6,1
CUST1502,28,Female,Mumbai,75270,14,2762,2,157,Yearly,Net Banking,No,22,8,1
CUST1503,41,Male,Delhi,85633,10,860,0,421,Yearly,UPI,Yes,26,10,1
CUST1504,38,Female,Chennai,40561,6,1848,3,347,Quarterly,Credit Card,Yes,9,5,1
CUST1505,39,Male,Pune,44256,27,2212,3,416,Quarterly,Debit Card,Yes,10,2,1
CUST1506,46,Female,Bangalore,71167,2,2159,1,195,Quarterly,Credit Card,No,22,10,1
CUST1507,48,Female,Pune,97054,38,2567,2,177,Quarterly,Debit Card,Yes,12,3,1
CUST1508,41,Male,Hyderabad,56990,2,1937,4,163,Quarterly,Credit Card,No,15,10,1
CUST1509,30,Female,Kolkata,75800,59,599,2,537,Monthly,Credit Card,Yes,2,4,1
CUST1510,22,Male,Pune,32642,26,2508,1,108,Monthly,Credit Card,Yes,27,6,1
CUST1511,42,Female,Pune,31813,36,1109,5,54,Monthly,Credit Card,Yes,13,1,1
CUST1512,25,Male,Delhi,95618,1,2593,1,291,Monthly,Net Banking,Yes,16,6,1
CUST1513,38,Female,Hyderabad,49874,52,1864,6,438,Yearly,Credit Card,Yes,28,4,1
CUST1514,50,Female,Chennai,32426,9,1771,3,72,Quarterly,Debit Card,No,25,9,1
CUST1515,41,Male,Mumbai,92956,40,2586,0,180,Monthly,UPI,Yes,15,4,1
CUST1516,54,Female,Hyderabad,51869,5,2846,1,325,Yearly,Debit Card,Yes,11,2,1
CUST1517,24,Male,Chennai,83053,58,1684,2,367,Quarterly,Debit Card,Yes,30,7,1
CUST1518,31,Female,Bangalore,96897,38,774,3,472,Quarterly,Net Banking,Yes,13,8,0
CUST1519,24,Female,Delhi,30869,1,1514,2,523,Yearly,UPI,Yes,10,1,1
CUST1520,30,Female,Hyderabad,73516,6,794,0,216,Quarterly,Credit Card,No,21,2,1
CUST1521,59,Male,Chennai,79831,36,2142,4,364,Yearly,Net Banking,Yes,28,2,1
CUST1522,55,Female,Chennai,40751,11,1728,3,243,Yearly,Net Banking,No,7,6,0
CUST1523,45,Male,Pune,61707,15,1322,2,150,Yearly,Net Banking,No,1,6,0
CUST1524,59,Male,Hyderabad,43652,48,1424,4,50,Quarterly,Credit Card,Yes,18,7,1
CUST1525,24,Female,Hyderabad,65436,47,2119,2,98,Monthly,UPI,No,1,4,1
CUST1526,33,Female,Hyderabad,65098,56,1245,6,306,Monthly,Credit Card,No,29,10,1
CUST1527,45,Male,Chennai,32591,55,2071,5,206,Quarterly,Credit Card,No,10,10,1
CUST1528,37,Female,Bangalore,60816,49,1736,4,166,Yearly,Debit Card,No,6,3,1
CUST1529,56,Female,Pune,86358,22,2972,5,290,Yearly,Credit Card,No,10,7,1
CUST1530,38,Male,Hyderabad,46322,30,1808,6,401,Quarterly,Debit Card,No,15,7,1
CUST1531,38,Female,Pune,66455,21,949,4,47,Monthly,Debit Card,Yes,30,6,1
CUST1532,54,Female,Kolkata,94925,17,1137,2,445,Yearly,UPI,Yes,10,3,1
CUST1533,35,Female,Kolkata,51113,10,2530,3,144,Quarterly,Net Banking,No,4,2,1
CUST1534,30,Female,Bangalore,76313,28,2753,6,276,Monthly,Credit Card,No,15,6,1
CUST1535,40,Male,Kolkata,77221,15,911,2,538,Quarterly,Debit Card,Yes,9,1,1
CUST1536,54,Female,Mumbai,79170,3,2877,6,478,Quarterly,UPI,Yes,29,2,1
CUST1537,55,Male,Chennai,35618,13,2420,1,122,Quarterly,Net Banking,No,16,1,1
CUST1538,50,Male,Hyderabad,67158,24,2564,6,298,Quarterly,Net Banking,Yes,5,10,1
CUST1539,24,Male,Bangalore,35126,58,1316,6,222,Yearly,Credit Card,No,17,1,1
CUST1540,46,Female,Delhi,80940,3,2526,1,409,Monthly,Credit Card,No,16,9,1
CUST1541,49,Female,Pune,72056,56,2347,0,122,Quarterly,Credit Card,No,25,6,1
CUST1542,37,Male,Delhi,57048,51,1887,2,228,Yearly,Credit Card,No,14,3,1
CUST1543,40,Male,Chennai,34994,11,1041,0,261,Yearly,Net Banking,Yes,18,3,1
CUST1544,23,Female,Bangalore,32581,6,2732,3,364,Yearly,Debit Card,Yes,28,4,1
CUST1545,39,Female,Kolkata,77937,13,2882,3,250,Monthly,UPI,Yes,27,10,1
CUST1546,50,Male,Hyderabad,56946,19,502,5,235,Yearly,Debit Card,No,8,7,1
CUST1547,25,Male,Hyderabad,52010,60,2407,2,151,Monthly,Net Banking,Yes,11,2,1
CUST1548,30,Male,Delhi,44683,31,2005,4,533,Monthly,Net Banking,No,15,9,1
CUST1549,57,Male,Mumbai,51639,9,749,1,397,Yearly,Debit Card,No,13,7,0
CUST1550,53,Female,Mumbai,41577,52,1734,3,121,Yearly,Credit Card,No,9,6,0
CUST1551,50,Female,Mumbai,47374,3,2312,1,519,Quarterly,Debit Card,Yes,5,5,1
CUST1552,43,Male,Pune,86233,12,2205,4,298,Quarterly,Credit Card,Yes,11,6,1
CUST1553,37,Female,Pune,90935,40,1582,0,69,Quarterly,Net Banking,Yes,13,2,1
CUST1554,51,Male,Chennai,36859,10,2847,2,236,Quarterly,Net Banking,No,16,1,1
CUST1555,47,Male,Chennai,90593,12,870,1,347,Monthly,Net Banking,Yes,17,6,1
CUST1556,24,Female,Hyderabad,81877,3,2608,0,185,Quarterly,Debit Card,No,21,10,1
CUST1557,34,Male,Pune,96458,36,2109,6,466,Monthly,UPI,No,15,4,1
CUST1558,53,Male,Chennai,67701,24,1863,1,369,Yearly,Credit Card,No,12,1,1
CUST1559,49,Female,Delhi,59063,1,1593,4,434,Yearly,Net Banking,No,3,5,1
CUST1560,27,Female,Pune,32103,46,2222,6,484,Quarterly,UPI,No,8,6,1
CUST1561,39,Female,Delhi,97914,33,1705,4,56,Quarterly,Debit Card,Yes,20,10,1
CUST1562,24,Female,Hyderabad,67228,27,2198,6,429,Monthly,Net Banking,Yes,29,1,1
CUST1563,56,Male,Hyderabad,91114,21,998,5,537,Yearly,Debit Card,No,16,5,1
CUST1564,56,Female,Bangalore,62933,31,1419,1,462,Yearly,Credit Card,Yes,4,7,0
CUST1565,36,Male,Mumbai,66607,43,1014,4,154,Quarterly,Credit Card,Yes,10,3,1
CUST1566,46,Female,Mumbai,38210,43,2621,4,305,Monthly,Debit Card,No,16,3,1
CUST1567,44,Male,Mumbai,63418,46,1493,6,220,Yearly,Credit Card,No,27,5,1
CUST1568,42,Female,Chennai,65595,50,2423,5,142,Monthly,Debit Card,No,10,4,1
CUST1569,59,Female,Hyderabad,55613,11,787,2,218,Monthly,Credit Card,No,18,7,1
CUST1570,39,Female,Chennai,77574,11,2824,3,372,Yearly,UPI,No,9,9,0
CUST1571,31,Female,Mumbai,30917,19,1332,6,289,Monthly,Debit Card,Yes,1,8,1
CUST1572,33,Male,Bangalore,91845,22,592,5,463,Yearly,Credit Card,No,20,2,1
CUST1573,54,Male,Pune,64087,54,1031,5,195,Quarterly,Net Banking,No,3,8,1
CUST1574,47,Female,Kolkata,35213,13,2357,4,467,Monthly,Net Banking,Yes,26,8,1
CUST1575,43,Female,Delhi,44995,8,1552,1,369,Quarterly,Credit Card,No,20,7,1
CUST1576,37,Male,Bangalore,55517,43,1475,4,268,Yearly,Debit Card,Yes,24,5,1
CUST1577,44,Female,Bangalore,33327,9,678,3,263,Yearly,UPI,Yes,17,7,1
CUST1578,29,Female,Delhi,63998,31,1384,5,395,Yearly,Credit Card,Yes,20,7,1
CUST1579,33,Male,Mumbai,65903,42,1424,2,523,Yearly,Debit Card,Yes,11,2,1
CUST1580,28,Male,Kolkata,65179,58,2325,2,305,Quarterly,UPI,No,18,6,1
CUST1581,45,Female,Mumbai,75619,15,2540,3,85,Quarterly,Net Banking,No,23,8,1
CUST1582,32,Male,Kolkata,55479,29,1361,3,68,Quarterly,UPI,No,28,1,1
CUST1583,57,Female,Chennai,87980,13,535,4,115,Monthly,UPI,Yes,4,2,1
CUST1584,59,Male,Delhi,48814,24,530,6,40,Yearly,Credit Card,Yes,28,5,1
CUST1585,59,Female,Kolkata,64057,40,2785,2,141,Monthly,Net Banking,No,28,7,1
CUST1586,38,Male,Bangalore,49520,55,1490,1,468,Quarterly,Credit Card,No,10,5,1
CUST1587,55,Male,Bangalore,63455,18,1471,0,428,Quarterly,Net Banking,Yes,10,7,0
CUST1588,34,Female,Kolkata,73856,32,2940,3,247,Yearly,UPI,Yes,27,5,1
CUST1589,39,Female,Bangalore,79996,16,2748,6,457,Yearly,UPI,No,6,3,1
CUST1590,28,Female,Pune,61480,35,547,1,468,Quarterly,Net Banking,No,7,4,1
CUST1591,46,Female,Delhi,65303,13,1348,0,258,Monthly,Debit Card,Yes,6,3,1
CUST1592,34,Female,Delhi,31881,14,2130,5,161,Monthly,UPI,No,28,7,1
CUST1593,29,Female,Bangalore,78920,13,2195,2,515,Quarterly,Debit Card,Yes,6,8,0
CUST1594,49,Male,Chennai,84722,28,2166,4,435,Monthly,Debit Card,Yes,29,6,1
CUST1595,29,Female,Hyderabad,38263,57,2553,5,416,Yearly,Net Banking,No,27,1,1
CUST1596,52,Female,Mumbai,79500,5,807,0,156,Quarterly,Credit Card,No,9,5,1
CUST1597,41,Male,Hyderabad,49942,22,2935,4,305,Monthly,Credit Card,No,20,1,1
CUST1598,57,Male,Mumbai,75536,1,1410,4,302,Yearly,Debit Card,Yes,24,10,1
CUST1599,29,Female,Bangalore,96670,59,1280,6,258,Yearly,Credit Card,No,17,9,1
CUST1600,37,Male,Mumbai,86830,17,1370,4,527,Quarterly,Credit Card,Yes,29,2,1
CUST1601,34,Male,Pune,60676,30,2147,6,496,Quarterly,Credit Card,No,20,9,1
CUST1602,31,Male,Delhi,77574,52,916,0,337,Yearly,UPI,Yes,9,6,0
CUST1603,22,Male,Mumbai,65554,11,1621,0,169,Monthly,Net Banking,Yes,1,9,0
CUST1604,29,Male,Kolkata,87415,27,1791,0,136,Monthly,Net Banking,Yes,8,10,0
CUST1605,32,Female,Delhi,90006,43,2820,0,445,Yearly,Debit Card,Yes,26,5,1
CUST1606,42,Male,Delhi,87767,23,2091,5,371,Quarterly,Credit Card,No,18,6,1
CUST1607,58,Female,Kolkata,55068,51,1321,0,256,Quarterly,Credit Card,Yes,19,8,1
CUST1608,42,Female,Hyderabad,53666,2,1586,2,302,Quarterly,UPI,Yes,6,3,1
CUST1609,59,Male,Mumbai,31051,2,2073,6,322,Yearly,Credit Card,Yes,19,4,1
CUST1610,25,Female,Chennai,74757,26,2724,2,87,Yearly,Debit Card,Yes,13,4,1
CUST1611,53,Female,Mumbai,65944,36,1770,3,523,Monthly,UPI,No,19,10,1
CUST1612,56,Female,Bangalore,85021,40,2219,2,239,Yearly,Debit Card,Yes,16,8,1
CUST1613,54,Male,Chennai,85755,8,971,1,521,Quarterly,Debit Card,Yes,27,9,1
CUST1614,37,Female,Bangalore,33358,24,1898,5,540,Yearly,Debit Card,No,2,3,1
CUST1615,45,Male,Hyderabad,85805,54,1596,1,389,Quarterly,Debit Card,No,10,3,1
CUST1616,24,Female,Mumbai,99783,5,1718,1,312,Yearly,Net Banking,No,16,1,1
CUST1617,36,Male,Chennai,91899,41,2210,1,380,Quarterly,Net Banking,Yes,18,4,1
CUST1618,33,Male,Pune,50566,48,2730,0,275,Quarterly,Debit Card,No,25,2,1
CUST1619,51,Female,Mumbai,50354,58,648,0,462,Monthly,Credit Card,No,20,6,1
CUST1620,42,Male,Kolkata,36589,33,1383,5,172,Quarterly,Net Banking,Yes,26,10,1
CUST1621,36,Male,Hyderabad,55901,25,1483,0,99,Quarterly,Debit Card,No,17,7,1
CUST1622,25,Female,Hyderabad,55105,21,1238,5,221,Quarterly,UPI,No,3,8,1
CUST1623,31,Female,Pune,83592,52,1508,6,232,Quarterly,Debit Card,Yes,29,5,1
CUST1624,58,Male,Chennai,50922,45,1369,4,226,Quarterly,Credit Card,Yes,9,2,1
CUST1625,22,Male,Chennai,44011,51,2577,2,137,Quarterly,Net Banking,No,12,7,0
CUST1626,47,Male,Hyderabad,40956,59,2491,6,474,Monthly,UPI,Yes,29,6,1
CUST1627,49,Male,Hyderabad,99497,30,1114,6,524,Yearly,UPI,Yes,2,7,1
CUST1628,52,Female,Kolkata,31587,25,2111,0,468,Yearly,Net Banking,Yes,22,8,1
CUST1629,58,Male,Kolkata,48816,1,1260,6,519,Monthly,Net Banking,Yes,22,10,1
CUST1630,42,Female,Mumbai,35454,17,521,5,237,Monthly,Credit Card,Yes,8,1,1
CUST1631,38,Male,Delhi,89993,13,1156,5,525,Yearly,Net Banking,Yes,14,6,1
CUST1632,56,Male,Pune,72222,8,1154,5,538,Quarterly,Net Banking,Yes,27,1,1
CUST1633,52,Female,Hyderabad,39460,56,1583,5,436,Quarterly,UPI,Yes,25,2,1
CUST1634,47,Female,Pune,54366,5,1485,3,419,Monthly,UPI,Yes,6,2,1
CUST1635,39,Male,Pune,35368,14,1985,4,413,Monthly,UPI,Yes,12,7,1
CUST1636,36,Female,Chennai,42306,43,1503,2,366,Quarterly,Net Banking,No,3,3,1
CUST1637,41,Female,Chennai,48019,35,2669,3,346,Monthly,Debit Card,No,29,1,1
CUST1638,28,Female,Kolkata,80225,1,2902,3,170,Monthly,Net Banking,Yes,6,10,1
CUST1639,35,Female,Pune,69791,15,2274,5,216,Quarterly,Credit Card,No,16,4,1
CUST1640,47,Male,Bangalore,35313,31,1270,5,165,Monthly,UPI,Yes,24,9,1
CUST1641,23,Female,Chennai,82999,7,1375,2,132,Yearly,Credit Card,No,10,9,0
CUST1642,37,Male,Bangalore,83218,30,1981,5,226,Quarterly,UPI,Yes,21,7,1
CUST1643,55,Male,Mumbai,67034,45,952,5,523,Monthly,Credit Card,Yes,12,4,1
CUST1644,50,Male,Delhi,71247,42,1947,1,486,Monthly,Credit Card,No,5,10,0
CUST1645,41,Male,Hyderabad,98207,56,946,2,135,Yearly,UPI,Yes,11,1,1
CUST1646,53,Male,Bangalore,51438,4,1308,2,445,Yearly,UPI,No,22,8,1
CUST1647,27,Male,Kolkata,70469,1,2697,6,544,Yearly,Debit Card,Yes,9,7,1
CUST1648,35,Female,Bangalore,92993,49,2798,0,112,Quarterly,Net Banking,Yes,29,5,1
CUST1649,44,Male,Bangalore,93768,28,2517,4,277,Quarterly,Debit Card,Yes,16,9,1
CUST1650,31,Male,Hyderabad,96253,42,1516,5,343,Monthly,UPI,Yes,30,7,1
CUST1651,46,Male,Bangalore,55933,35,615,1,128,Monthly,Credit Card,No,11,5,1
CUST1652,42,Female,Chennai,70149,45,1971,5,287,Quarterly,Net Banking,Yes,12,9,1
CUST1653,39,Male,Mumbai,90410,11,1283,0,512,Yearly,Debit Card,Yes,21,10,1
CUST1654,37,Female,Kolkata,77365,57,1887,2,460,Monthly,UPI,Yes,15,10,0
CUST1655,33,Female,Hyderabad,62443,13,2423,6,503,Yearly,Debit Card,No,27,8,1
CUST1656,28,Male,Mumbai,61422,47,2410,5,41,Quarterly,Credit Card,No,13,1,1
CUST1657,38,Male,Pune,50855,36,1019,4,119,Monthly,UPI,No,16,4,1
CUST1658,49,Female,Chennai,45972,30,2947,5,100,Monthly,Credit Card,No,13,4,1
CUST1659,58,Female,Kolkata,99518,36,1959,2,490,Quarterly,UPI,No,10,5,1
CUST1660,58,Male,Mumbai,53862,52,784,3,310,Yearly,Credit Card,Yes,6,4,1
CUST1661,23,Female,Chennai,65733,32,1283,1,59,Quarterly,Net Banking,Yes,13,3,1
CUST1662,44,Female,Hyderabad,94140,43,1329,5,250,Yearly,UPI,No,4,6,1
CUST1663,57,Male,Pune,75896,39,2438,5,145,Quarterly,Credit Card,No,15,9,1
CUST1664,41,Male,Bangalore,71347,50,2373,4,307,Yearly,Net Banking,No,26,4,1
CUST1665,50,Female,Mumbai,74331,34,2333,0,164,Yearly,Credit Card,Yes,4,3,1
CUST1666,51,Male,Kolkata,40068,31,1862,6,210,Yearly,Net Banking,No,2,4,1
CUST1667,31,Female,Mumbai,68751,16,515,5,452,Quarterly,UPI,Yes,21,8,1
CUST1668,22,Male,Delhi,63654,21,2551,6,439,Yearly,Credit Card,No,15,2,1
CUST1669,33,Female,Hyderabad,65422,17,1871,0,210,Quarterly,Debit Card,No,10,7,0
CUST1670,23,Female,Kolkata,78899,44,2957,2,325,Yearly,UPI,No,18,3,1
CUST1671,33,Male,Delhi,79346,42,2729,1,345,Quarterly,Debit Card,Yes,22,4,1
CUST1672,59,Female,Kolkata,92559,10,943,1,390,Monthly,Debit Card,No,22,10,1
CUST1673,58,Male,Pune,47653,16,1760,5,214,Quarterly,UPI,No,20,2,1
CUST1674,48,Male,Hyderabad,73169,32,1997,0,351,Monthly,UPI,No,12,8,0
CUST1675,30,Male,Pune,51067,26,700,1,534,Yearly,Debit Card,No,2,4,1
CUST1676,23,Male,Chennai,58992,51,2537,2,415,Monthly,Debit Card,No,25,2,1
CUST1677,50,Female,Bangalore,71486,12,2672,6,309,Yearly,UPI,No,21,10,1
CUST1678,35,Male,Bangalore,60564,18,2251,5,157,Quarterly,Debit Card,No,26,6,1
CUST1679,27,Male,Bangalore,37189,14,1879,0,125,Monthly,Net Banking,Yes,1,4,1
CUST1680,41,Female,Bangalore,37697,38,694,6,509,Quarterly,UPI,Yes,13,5,1
CUST1681,25,Male,Mumbai,90519,51,1985,6,425,Quarterly,Net Banking,Yes,16,1,1
CUST1682,44,Male,Chennai,55256,54,1055,1,138,Yearly,Debit Card,Yes,27,4,1
CUST1683,44,Female,Hyderabad,86063,59,2753,6,72,Quarterly,Debit Card,Yes,1,5,1
CUST1684,52,Male,Delhi,43666,17,975,2,139,Yearly,Credit Card,No,22,7,1
CUST1685,53,Female,Hyderabad,96471,13,2798,3,320,Quarterly,Net Banking,No,5,9,0
CUST1686,50,Female,Delhi,46709,25,2485,4,537,Yearly,Net Banking,No,27,9,1
CUST1687,29,Male,Bangalore,55216,20,2378,2,373,Yearly,Credit Card,Yes,11,6,0
CUST1688,47,Female,Hyderabad,98111,35,2081,2,222,Monthly,UPI,No,26,5,1
CUST1689,22,Female,Hyderabad,37493,8,2576,2,160,Yearly,Credit Card,Yes,28,3,1
CUST1690,26,Male,Mumbai,35594,44,2759,4,305,Quarterly,Net Banking,Yes,9,7,1
CUST1691,25,Male,Mumbai,46626,54,670,4,217,Monthly,Net Banking,Yes,25,6,1
CUST1692,49,Male,Mumbai,73059,47,2472,4,72,Quarterly,Debit Card,Yes,19,8,1
CUST1693,29,Female,Hyderabad,70745,26,1549,6,328,Yearly,Debit Card,No,13,9,1
CUST1694,41,Male,Bangalore,93927,19,2074,2,236,Monthly,UPI,Yes,23,10,1
CUST1695,48,Male,Hyderabad,90197,34,926,2,477,Quarterly,Net Banking,No,6,4,1
CUST1696,59,Male,Delhi,78994,40,827,2,81,Quarterly,Net Banking,No,22,8,1
CUST1697,28,Male,Mumbai,50746,39,2444,3,450,Yearly,Net Banking,Yes,14,5,1
CUST1698,45,Male,Bangalore,51199,57,1792,0,410,Quarterly,Debit Card,No,22,6,1
CUST1699,25,Female,Hyderabad,39290,32,2852,6,395,Monthly,Debit Card,Yes,26,6,1
CUST1700,44,Male,Hyderabad,57052,23,1246,6,342,Quarterly,Credit Card,Yes,26,9,1
CUST1701,50,Female,Hyderabad,76546,33,2881,2,377,Yearly,Net Banking,No,17,3,1
CUST1702,37,Female,Chennai,48157,30,1184,6,246,Yearly,Net Banking,No,19,6,1
CUST1703,59,Female,Chennai,41350,25,2372,1,198,Monthly,Net Banking,Yes,10,10,0
CUST1704,28,Male,Pune,75436,50,1241,2,542,Yearly,Net Banking,Yes,12,5,1
CUST1705,55,Female,Kolkata,31539,17,1143,2,531,Yearly,Debit Card,Yes,26,4,1
CUST1706,22,Male,Kolkata,40310,30,956,4,320,Quarterly,UPI,No,8,8,1
CUST1707,40,Female,Bangalore,38947,59,2334,2,406,Yearly,Credit Card,No,18,3,1
CUST1708,52,Female,Mumbai,60979,37,2052,6,333,Quarterly,Credit Card,No,14,10,1
CUST1709,25,Female,Bangalore,64069,11,1589,3,297,Quarterly,Debit Card,Yes,30,4,1
CUST1710,39,Female,Mumbai,30692,7,2800,0,412,Yearly,Credit Card,Yes,26,10,1
CUST1711,44,Male,Bangalore,35209,45,2937,5,73,Monthly,Debit Card,No,8,8,1
CUST1712,43,Female,Kolkata,54594,37,1880,5,62,Yearly,Credit Card,Yes,10,5,1
CUST1713,33,Male,Chennai,37797,30,654,6,275,Quarterly,UPI,No,21,7,1
CUST1714,50,Male,Mumbai,31184,43,2225,4,300,Monthly,Debit Card,Yes,2,4,1
CUST1715,39,Female,Chennai,48690,7,2206,1,451,Monthly,Debit Card,No,5,10,0
CUST1716,54,Female,Bangalore,93851,59,2925,2,225,Monthly,Debit Card,No,17,2,1
CUST1717,50,Female,Chennai,47857,44,882,5,455,Quarterly,Debit Card,No,25,7,1
CUST1718,42,Female,Pune,58557,39,1935,3,208,Yearly,Credit Card,No,23,1,1
CUST1719,30,Female,Delhi,65892,32,1853,2,152,Monthly,UPI,No,15,3,1
CUST1720,40,Male,Chennai,92217,28,528,6,64,Monthly,Net Banking,No,6,6,1
CUST1721,34,Male,Kolkata,39095,8,2669,3,204,Yearly,Debit Card,Yes,4,3,1
CUST1722,42,Male,Hyderabad,59831,23,1856,2,525,Yearly,Debit Card,No,9,5,1
CUST1723,28,Male,Chennai,97598,7,2137,1,454,Yearly,Credit Card,No,22,8,1
CUST1724,58,Male,Bangalore,65081,43,1731,5,398,Monthly,UPI,No,25,2,1
CUST1725,33,Male,Mumbai,56299,26,2017,5,449,Yearly,Net Banking,Yes,25,7,1
CUST1726,27,Female,Pune,56026,25,2053,5,170,Monthly,UPI,No,11,2,1
CUST1727,49,Female,Pune,48610,56,1678,6,166,Quarterly,UPI,No,8,4,1
CUST1728,49,Male,Pune,89872,4,1313,0,352,Monthly,Credit Card,No,26,8,1
CUST1729,27,Male,Kolkata,62230,30,2976,4,177,Monthly,Net Banking,Yes,22,2,1
CUST1730,39,Female,Delhi,99806,12,994,4,143,Monthly,Net Banking,No,15,9,1
CUST1731,32,Female,Delhi,51650,35,1498,4,43,Monthly,Net Banking,Yes,22,8,1
CUST1732,22,Male,Pune,51042,43,2373,3,468,Quarterly,Debit Card,No,28,1,1
CUST1733,40,Female,Mumbai,43851,59,1191,4,155,Quarterly,Credit Card,Yes,17,5,1
CUST1734,47,Male,Delhi,35730,34,626,2,197,Yearly,Net Banking,Yes,16,6,1
CUST1735,34,Female,Kolkata,71979,54,918,3,265,Monthly,Credit Card,Yes,23,7,1
CUST1736,43,Male,Delhi,32841,40,584,0,518,Yearly,UPI,No,1,6,0
CUST1737,44,Male,Chennai,47010,23,1418,5,520,Quarterly,Net Banking,No,18,7,1
CUST1738,36,Female,Mumbai,51398,27,1312,3,495,Quarterly,UPI,No,24,3,1
CUST1739,28,Female,Pune,31073,48,2887,2,376,Monthly,Credit Card,No,9,5,1
CUST1740,52,Female,Mumbai,98116,26,795,4,206,Quarterly,Net Banking,Yes,23,4,1
CUST1741,58,Male,Chennai,42021,53,2127,0,57,Quarterly,Credit Card,No,9,2,1
CUST1742,46,Female,Pune,91497,50,796,5,360,Quarterly,Debit Card,No,25,6,1
CUST1743,27,Male,Mumbai,32881,40,1270,6,384,Monthly,Net Banking,No,1,8,1
CUST1744,40,Female,Pune,75201,49,2407,4,373,Quarterly,Debit Card,No,13,3,1
CUST1745,22,Male,Delhi,52499,25,2976,0,537,Yearly,UPI,No,30,2,1
CUST1746,46,Female,Pune,60607,34,720,2,54,Quarterly,Net Banking,No,16,6,1
CUST1747,30,Male,Hyderabad,72624,42,980,1,468,Quarterly,UPI,Yes,18,2,1
CUST1748,46,Female,Delhi,70581,21,2157,5,77,Monthly,UPI,Yes,11,7,1
CUST1749,52,Female,Pune,96537,10,2540,3,303,Yearly,Credit Card,No,28,8,1
CUST1750,30,Female,Bangalore,79630,15,1015,6,197,Monthly,Credit Card,No,9,9,1
CUST1751,47,Male,Kolkata,88755,17,771,6,98,Yearly,Debit Card,Yes,23,5,1
CUST1752,41,Male,Chennai,68990,18,1122,1,359,Quarterly,Debit Card,Yes,29,9,1
CUST1753,29,Female,Pune,30066,48,690,5,146,Quarterly,Credit Card,No,11,3,1
CUST1754,58,Male,Hyderabad,41772,42,1687,4,297,Yearly,Credit Card,No,5,10,1
CUST1755,30,Female,Bangalore,62966,2,2281,3,516,Yearly,Net Banking,Yes,21,7,1
CUST1756,50,Female,Hyderabad,74237,26,678,4,118,Quarterly,UPI,Yes,18,4,1
CUST1757,38,Female,Bangalore,33084,58,1231,1,404,Monthly,Credit Card,Yes,6,3,1
CUST1758,56,Female,Pune,59265,11,1715,4,496,Yearly,UPI,No,30,8,1
CUST1759,25,Male,Chennai,90430,25,2015,6,212,Yearly,UPI,Yes,14,1,1
CUST1760,40,Male,Bangalore,61186,49,1667,6,261,Yearly,Credit Card,Yes,19,8,1
CUST1761,39,Male,Kolkata,31577,17,2720,4,36,Quarterly,Credit Card,Yes,27,10,1
CUST1762,55,Female,Kolkata,91957,24,1413,6,163,Quarterly,Credit Card,No,29,9,1
CUST1763,38,Male,Kolkata,94173,24,2878,1,412,Yearly,UPI,Yes,19,2,1
CUST1764,49,Male,Bangalore,43386,38,1712,5,50,Yearly,UPI,Yes,22,8,1
CUST1765,51,Female,Hyderabad,34922,8,2726,3,141,Monthly,UPI,No,22,7,1
CUST1766,30,Male,Hyderabad,32716,8,1835,5,64,Yearly,UPI,No,27,3,1
CUST1767,28,Female,Delhi,80906,16,1466,3,116,Monthly,Debit Card,Yes,9,10,0
CUST1768,54,Male,Bangalore,64980,41,2222,6,238,Yearly,Credit Card,Yes,3,5,1
CUST1769,53,Male,Hyderabad,63139,47,1969,2,145,Monthly,Debit Card,No,14,1,1
CUST1770,45,Female,Bangalore,77766,18,1573,5,527,Yearly,Credit Card,Yes,15,6,1
CUST1771,48,Male,Mumbai,67425,36,2794,6,416,Yearly,Net Banking,Yes,30,9,1
CUST1772,55,Male,Chennai,40143,30,2407,0,30,Monthly,Net Banking,No,2,9,0
CUST1773,50,Male,Delhi,53649,18,2490,4,43,Monthly,Credit Card,Yes,8,6,1
CUST1774,23,Male,Hyderabad,43668,14,839,4,474,Yearly,Credit Card,No,21,6,1
CUST1775,56,Female,Mumbai,58132,16,2853,1,157,Monthly,Net Banking,No,17,1,1
CUST1776,37,Male,Delhi,81702,2,1096,6,511,Monthly,UPI,Yes,30,6,1
CUST1777,38,Male,Bangalore,59670,25,2872,4,477,Quarterly,Debit Card,No,16,3,1
CUST1778,58,Female,Delhi,56312,5,1949,0,294,Monthly,UPI,Yes,11,4,1
CUST1779,43,Female,Mumbai,61551,22,1962,4,451,Monthly,Net Banking,No,27,1,1
CUST1780,39,Male,Hyderabad,56950,1,1394,0,542,Monthly,Credit Card,No,24,4,1
CUST1781,25,Female,Kolkata,98689,27,2206,2,190,Monthly,Net Banking,No,28,10,1
CUST1782,57,Female,Bangalore,58229,16,1301,6,501,Quarterly,Credit Card,Yes,24,1,1
CUST1783,34,Female,Mumbai,43329,54,2660,4,200,Quarterly,Credit Card,No,7,10,1
CUST1784,38,Male,Bangalore,63686,54,998,5,100,Quarterly,UPI,Yes,24,2,1
CUST1785,28,Female,Chennai,67333,58,692,3,523,Monthly,UPI,No,17,4,1
CUST1786,50,Male,Kolkata,82116,26,2369,0,460,Quarterly,UPI,No,12,10,0
CUST1787,27,Male,Pune,68871,27,1339,0,270,Quarterly,Net Banking,No,17,8,1
CUST1788,28,Female,Delhi,62574,57,1450,3,315,Monthly,Credit Card,Yes,29,6,1
CUST1789,32,Female,Bangalore,48557,29,2022,0,187,Quarterly,UPI,No,16,2,1
CUST1790,38,Female,Hyderabad,57094,25,1730,5,469,Quarterly,UPI,No,22,3,1
CUST1791,40,Female,Chennai,70875,34,2416,0,506,Quarterly,Credit Card,No,6,5,1
CUST1792,22,Female,Chennai,46562,1,2766,4,521,Quarterly,Debit Card,No,27,6,1
CUST1793,47,Male,Pune,32895,28,564,3,200,Monthly,Net Banking,No,17,9,1
CUST1794,44,Male,Bangalore,34011,53,2655,6,191,Yearly,Debit Card,Yes,14,4,1
CUST1795,35,Male,Pune,62769,10,2981,4,110,Yearly,Credit Card,Yes,5,6,1
CUST1796,43,Male,Delhi,73880,20,628,5,530,Quarterly,Debit Card,No,26,6,1
CUST1797,40,Female,Bangalore,87233,6,2592,0,308,Monthly,Credit Card,No,23,10,1
CUST1798,34,Female,Bangalore,79178,26,1047,4,248,Monthly,UPI,Yes,25,5,1
CUST1799,23,Male,Hyderabad,70544,16,1098,5,363,Monthly,Credit Card,Yes,29,10,1
CUST1800,56,Male,Hyderabad,89470,3,2378,4,198,Yearly,Net Banking,No,9,7,1
CUST1801,28,Male,Pune,86633,32,2834,1,72,Yearly,Credit Card,Yes,7,9,0
CUST1802,22,Male,Kolkata,50028,14,1703,5,132,Quarterly,Credit Card,No,10,7,1
CUST1803,47,Male,Pune,34321,30,2263,4,155,Yearly,Credit Card,No,28,1,1
CUST1804,54,Male,Hyderabad,40313,51,1714,6,85,Yearly,Credit Card,Yes,16,9,1
CUST1805,53,Female,Delhi,90942,27,783,0,523,Quarterly,Debit Card,No,27,2,1
CUST1806,23,Male,Pune,45630,25,2991,5,541,Monthly,Credit Card,Yes,26,1,1
CUST1807,32,Male,Bangalore,97657,25,600,2,146,Monthly,Credit Card,Yes,6,9,0
CUST1808,45,Female,Bangalore,62167,46,1108,0,258,Monthly,Debit Card,Yes,25,2,1
CUST1809,53,Male,Delhi,47272,60,1841,0,366,Quarterly,Debit Card,No,17,5,1
CUST1810,51,Female,Bangalore,91607,58,2238,4,181,Monthly,Net Banking,No,10,1,1
CUST1811,39,Male,Chennai,30495,20,2648,4,111,Yearly,Net Banking,Yes,17,9,1
CUST1812,35,Female,Pune,62924,31,2679,1,433,Monthly,Credit Card,No,24,8,1
CUST1813,30,Male,Hyderabad,86398,27,1496,6,183,Quarterly,Debit Card,Yes,26,1,1
CUST1814,39,Female,Bangalore,68367,53,2997,0,302,Yearly,UPI,No,12,1,1
CUST1815,33,Male,Hyderabad,67040,56,1142,2,78,Yearly,Net Banking,No,23,10,1
CUST1816,56,Male,Chennai,87204,54,2298,5,331,Monthly,Debit Card,No,4,8,1
CUST1817,22,Male,Chennai,45896,10,1641,1,229,Monthly,Net Banking,Yes,29,7,1
CUST1818,49,Male,Hyderabad,41397,16,647,6,262,Quarterly,Debit Card,No,14,10,1
CUST1819,47,Male,Bangalore,75254,33,1037,0,330,Monthly,UPI,Yes,20,3,1
CUST1820,25,Female,Mumbai,58412,26,2037,5,315,Monthly,Credit Card,Yes,17,10,1
CUST1821,54,Female,Hyderabad,45116,14,2251,5,311,Quarterly,UPI,No,21,4,1
CUST1822,23,Female,Pune,88446,13,2851,3,159,Yearly,Credit Card,Yes,20,4,1
CUST1823,24,Male,Chennai,37489,36,577,2,538,Yearly,UPI,Yes,14,6,0
CUST1824,34,Female,Mumbai,74387,22,1023,3,152,Quarterly,Net Banking,No,22,5,1
CUST1825,28,Female,Hyderabad,64565,20,2904,6,472,Monthly,Credit Card,No,5,3,1
CUST1826,26,Male,Mumbai,30534,53,1532,6,416,Yearly,Net Banking,No,29,6,1
CUST1827,38,Male,Kolkata,76233,21,1672,0,296,Quarterly,UPI,Yes,6,8,0
CUST1828,45,Female,Chennai,49324,35,1130,5,532,Monthly,Debit Card,Yes,14,10,1
CUST1829,33,Male,Hyderabad,30363,55,1045,0,545,Quarterly,Debit Card,Yes,10,2,1
CUST1830,42,Female,Kolkata,58885,57,2744,2,41,Yearly,Debit Card,No,17,10,1
CUST1831,55,Male,Bangalore,63541,8,1136,2,296,Quarterly,Credit Card,No,25,9,1
CUST1832,23,Female,Pune,32567,58,2174,3,338,Yearly,UPI,No,4,10,0
CUST1833,42,Male,Chennai,39327,8,1373,3,282,Quarterly,Debit Card,Yes,14,6,0
CUST1834,42,Female,Bangalore,39045,21,2783,1,507,Quarterly,Credit Card,No,7,4,1
CUST1835,45,Male,Kolkata,61624,1,909,5,323,Quarterly,Debit Card,No,22,6,1
CUST1836,31,Male,Bangalore,45734,58,2180,2,271,Quarterly,Net Banking,Yes,6,8,0
CUST1837,31,Male,Hyderabad,51751,6,2604,5,68,Quarterly,UPI,Yes,24,1,1
CUST1838,39,Female,Pune,54503,28,1324,3,381,Quarterly,Debit Card,Yes,12,10,0
CUST1839,48,Male,Chennai,84857,46,1516,3,54,Quarterly,Credit Card,Yes,11,7,0
CUST1840,55,Female,Hyderabad,71139,40,2417,6,506,Monthly,Debit Card,No,7,8,1
CUST1841,54,Male,Kolkata,52785,18,2776,1,464,Yearly,Credit Card,No,18,6,1
CUST1842,39,Male,Kolkata,70701,24,2065,3,338,Quarterly,Credit Card,Yes,10,7,0
CUST1843,32,Male,Chennai,82409,26,1684,6,71,Monthly,Credit Card,No,19,2,1
CUST1844,58,Male,Mumbai,51341,19,1453,6,280,Quarterly,Net Banking,No,22,1,1
CUST1845,33,Male,Delhi,63313,53,1516,1,86,Quarterly,Debit Card,Yes,16,5,1
CUST1846,47,Female,Pune,57829,13,1862,4,288,Monthly,Debit Card,Yes,26,8,1
CUST1847,33,Male,Kolkata,90289,11,1631,3,514,Quarterly,Net Banking,Yes,22,2,1
CUST1848,58,Male,Hyderabad,75337,26,1727,6,283,Yearly,Net Banking,Yes,28,9,1
CUST1849,53,Female,Mumbai,73790,37,1920,4,488,Quarterly,Net Banking,No,10,4,1
CUST1850,34,Male,Delhi,51672,53,2913,1,391,Yearly,UPI,No,24,7,1
CUST1851,49,Male,Delhi,59087,35,754,6,40,Quarterly,UPI,No,12,10,1
CUST1852,58,Female,Bangalore,69148,49,718,6,490,Monthly,Credit Card,No,23,4,1
CUST1853,37,Male,Mumbai,61390,53,1373,0,329,Yearly,Net Banking,No,12,10,0
CUST1854,58,Male,Kolkata,96543,33,2255,0,313,Yearly,Credit Card,Yes,24,3,1
CUST1855,26,Male,Kolkata,57105,46,2368,6,394,Monthly,Net Banking,No,16,10,1
CUST1856,35,Female,Hyderabad,72025,38,1704,0,100,Yearly,UPI,Yes,24,9,1
CUST1857,29,Male,Mumbai,76762,57,1154,5,428,Monthly,Debit Card,No,5,3,1
CUST1858,31,Female,Kolkata,56627,31,1347,3,310,Monthly,Debit Card,No,23,2,1
CUST1859,57,Female,Bangalore,72292,18,2033,6,255,Monthly,Net Banking,No,9,4,1
CUST1860,50,Female,Delhi,86574,45,933,6,57,Yearly,Debit Card,Yes,10,4,1
CUST1861,26,Male,Pune,49177,1,2915,2,199,Monthly,Credit Card,Yes,22,7,1
CUST1862,47,Female,Pune,52821,23,1673,3,462,Quarterly,Debit Card,No,27,9,1
CUST1863,25,Male,Pune,48646,2,971,6,411,Monthly,Credit Card,No,15,8,1
CUST1864,55,Female,Bangalore,61099,26,1984,6,481,Monthly,Credit Card,No,16,4,1
CUST1865,24,Female,Chennai,45728,22,1637,0,532,Yearly,Debit Card,No,28,1,1
CUST1866,33,Male,Hyderabad,47718,21,2347,3,73,Quarterly,UPI,Yes,26,7,1
CUST1867,41,Male,Chennai,91646,23,664,4,174,Yearly,Net Banking,No,18,5,1
CUST1868,34,Male,Mumbai,95938,30,544,1,235,Quarterly,Debit Card,Yes,30,4,1
CUST1869,57,Female,Hyderabad,63132,44,2975,4,536,Quarterly,UPI,No,2,2,1
CUST1870,26,Male,Mumbai,34150,10,541,0,260,Monthly,Credit Card,Yes,5,10,0
CUST1871,31,Male,Pune,96917,27,1967,2,434,Monthly,Net Banking,No,8,1,1
CUST1872,49,Female,Bangalore,98685,21,1553,4,78,Yearly,Credit Card,No,9,1,1
CUST1873,26,Female,Pune,65897,57,2201,2,176,Monthly,Net Banking,Yes,4,2,1
CUST1874,54,Female,Mumbai,67879,33,945,4,407,Quarterly,Debit Card,No,12,10,1
CUST1875,52,Male,Kolkata,46645,57,1396,6,248,Quarterly,Debit Card,Yes,21,8,1
CUST1876,44,Female,Delhi,33443,20,1193,0,185,Yearly,Net Banking,Yes,5,8,0
CUST1877,42,Male,Mumbai,58690,33,1716,4,416,Monthly,Net Banking,No,10,5,1
CUST1878,56,Female,Chennai,79703,3,1676,6,266,Monthly,Net Banking,Yes,6,7,1
CUST1879,41,Female,Pune,57307,45,1707,6,397,Monthly,UPI,No,23,6,1
CUST1880,34,Female,Hyderabad,40748,2,2822,2,533,Quarterly,Credit Card,No,7,6,1
CUST1881,41,Female,Delhi,55616,27,757,6,48,Monthly,UPI,No,17,5,1
CUST1882,39,Female,Hyderabad,51876,54,1604,6,453,Yearly,Net Banking,No,13,4,1
CUST1883,59,Male,Hyderabad,83144,5,703,3,314,Quarterly,Credit Card,No,9,4,1
CUST1884,45,Female,Hyderabad,81012,18,2461,0,239,Monthly,Credit Card,Yes,17,8,1
CUST1885,32,Male,Delhi,51120,15,1811,3,294,Monthly,Net Banking,Yes,15,8,0
CUST1886,56,Male,Bangalore,80901,27,1888,3,350,Yearly,UPI,Yes,21,1,1
CUST1887,22,Female,Delhi,47929,47,2926,2,125,Monthly,Debit Card,No,30,7,1
CUST1888,43,Male,Delhi,72863,46,2255,1,111,Yearly,UPI,Yes,12,8,0
CUST1889,52,Male,Delhi,46198,36,1925,3,67,Quarterly,Debit Card,No,27,9,1
CUST1890,30,Female,Chennai,61213,8,1778,2,418,Monthly,Net Banking,Yes,14,4,1
CUST1891,41,Male,Mumbai,49867,12,2741,2,179,Yearly,Net Banking,No,23,4,1
CUST1892,59,Male,Delhi,66931,15,587,0,30,Monthly,UPI,Yes,7,9,0
CUST1893,52,Male,Chennai,44953,5,2143,1,387,Monthly,UPI,No,28,7,1
CUST1894,39,Female,Kolkata,61169,10,1489,3,151,Yearly,Debit Card,No,17,4,1
CUST1895,28,Female,Kolkata,63085,41,2002,2,281,Quarterly,UPI,No,27,7,1
CUST1896,55,Female,Kolkata,63477,50,544,1,208,Monthly,UPI,Yes,30,2,1
CUST1897,36,Male,Bangalore,50805,50,1939,2,544,Monthly,Credit Card,Yes,22,6,1
CUST1898,31,Male,Bangalore,41826,3,1008,3,122,Quarterly,Debit Card,No,16,1,1
CUST1899,28,Male,Kolkata,35495,2,2052,3,354,Monthly,UPI,No,10,9,1
CUST1900,48,Female,Mumbai,75772,19,776,5,545,Yearly,Debit Card,No,24,3,1
CUST1901,24,Male,Chennai,88535,48,809,2,508,Monthly,UPI,No,24,9,1
CUST1902,34,Female,Bangalore,98931,46,1345,4,291,Monthly,Net Banking,Yes,17,4,1
CUST1903,56,Female,Pune,81024,41,679,1,377,Monthly,Credit Card,Yes,11,10,0
CUST1904,43,Female,Mumbai,81638,3,726,3,471,Quarterly,Credit Card,Yes,12,8,1
CUST1905,26,Female,Hyderabad,91030,39,1536,0,522,Monthly,Credit Card,Yes,12,8,0
CUST1906,31,Female,Hyderabad,33407,45,2070,2,546,Quarterly,UPI,No,26,7,1
CUST1907,31,Female,Chennai,66713,52,2709,2,266,Monthly,Credit Card,No,7,2,1
CUST1908,27,Male,Mumbai,33880,32,2988,1,493,Quarterly,UPI,Yes,25,7,1
CUST1909,38,Female,Mumbai,73333,23,1614,5,99,Monthly,Credit Card,No,6,2,1
CUST1910,43,Female,Delhi,86920,15,2287,0,78,Quarterly,UPI,Yes,20,1,1
CUST1911,43,Female,Bangalore,76705,47,2680,6,195,Quarterly,UPI,No,22,5,1
CUST1912,58,Male,Bangalore,74786,31,1331,1,329,Yearly,Debit Card,Yes,18,7,1
CUST1913,54,Female,Kolkata,56639,54,662,1,543,Yearly,Credit Card,Yes,30,9,1
CUST1914,37,Male,Pune,43403,53,2382,5,343,Monthly,Credit Card,No,13,10,1
CUST1915,28,Female,Mumbai,76505,47,1064,2,482,Yearly,Credit Card,No,23,2,1
CUST1916,36,Male,Hyderabad,62991,26,850,2,378,Monthly,Net Banking,No,22,10,1
CUST1917,25,Male,Delhi,77997,3,1515,4,401,Yearly,Net Banking,No,11,1,1
CUST1918,59,Female,Chennai,43753,11,2568,6,131,Yearly,UPI,Yes,14,2,1
CUST1919,48,Male,Kolkata,78291,11,1634,1,152,Yearly,Debit Card,No,1,3,1
CUST1920,56,Female,Mumbai,73678,28,780,2,515,Quarterly,Debit Card,Yes,20,3,1
CUST1921,23,Male,Pune,50689,44,1469,4,287,Quarterly,Debit Card,No,2,6,1
CUST1922,52,Male,Hyderabad,44345,50,1001,4,78,Monthly,UPI,Yes,15,6,1
CUST1923,24,Male,Kolkata,58036,46,2765,4,375,Quarterly,UPI,No,6,10,1
CUST1924,29,Male,Hyderabad,45620,15,622,0,450,Yearly,Credit Card,No,3,4,1
CUST1925,52,Male,Bangalore,96060,56,707,6,178,Quarterly,Debit Card,Yes,2,6,1
CUST1926,48,Female,Hyderabad,33749,26,2221,5,387,Quarterly,Debit Card,Yes,14,9,1
CUST1927,32,Male,Hyderabad,34551,8,2132,4,228,Monthly,Net Banking,No,6,5,1
CUST1928,29,Male,Hyderabad,59685,21,1971,3,293,Monthly,Credit Card,Yes,26,2,1
CUST1929,50,Female,Chennai,91192,15,2189,1,531,Yearly,Debit Card,Yes,16,4,1
CUST1930,41,Female,Mumbai,90277,37,1865,6,436,Yearly,Debit Card,Yes,9,8,1
CUST1931,50,Female,Kolkata,79999,38,911,5,188,Quarterly,Net Banking,Yes,14,5,1
CUST1932,54,Male,Delhi,78632,9,1102,4,249,Quarterly,UPI,No,8,7,1
CUST1933,50,Female,Hyderabad,74678,42,1175,0,312,Yearly,UPI,No,26,2,1
CUST1934,46,Female,Hyderabad,67528,54,1648,2,35,Yearly,Net Banking,No,29,10,1
CUST1935,27,Male,Hyderabad,63332,2,1325,1,111,Monthly,Debit Card,Yes,23,2,1
CUST1936,33,Male,Pune,75717,37,2951,6,397,Yearly,Debit Card,Yes,20,1,1
CUST1937,22,Male,Chennai,90624,59,2420,4,507,Monthly,Net Banking,No,9,3,1
CUST1938,32,Male,Mumbai,35077,44,2336,1,478,Monthly,Net Banking,No,24,10,1
CUST1939,56,Female,Pune,80711,28,2007,2,272,Quarterly,Credit Card,Yes,22,9,1
CUST1940,55,Male,Pune,54398,26,614,3,328,Quarterly,Net Banking,No,5,3,1
CUST1941,34,Female,Hyderabad,47482,18,2005,6,326,Yearly,Credit Card,Yes,10,2,1
CUST1942,44,Female,Hyderabad,44650,39,758,3,36,Monthly,Credit Card,No,17,10,1
CUST1943,54,Female,Delhi,46559,15,1500,6,484,Monthly,Credit Card,Yes,4,4,1
CUST1944,57,Female,Chennai,80975,28,1856,0,217,Monthly,Net Banking,Yes,24,3,1
CUST1945,51,Female,Kolkata,64808,55,2252,1,354,Yearly,Credit Card,No,19,6,1
CUST1946,45,Female,Hyderabad,31132,52,2904,4,385,Quarterly,UPI,Yes,4,4,1
CUST1947,57,Female,Bangalore,40931,53,2981,0,95,Quarterly,UPI,Yes,21,4,1
CUST1948,50,Female,Pune,51301,26,2120,0,365,Yearly,UPI,Yes,28,3,1
CUST1949,30,Male,Bangalore,69390,14,600,1,205,Quarterly,UPI,Yes,14,1,1
CUST1950,56,Female,Pune,41110,58,2503,1,326,Quarterly,Credit Card,No,19,5,1
CUST1951,39,Female,Pune,84659,12,1040,6,299,Yearly,UPI,Yes,23,3,1
CUST1952,26,Female,Mumbai,90752,58,1629,1,200,Yearly,Credit Card,Yes,17,5,1
CUST1953,30,Male,Delhi,99603,36,2181,0,58,Yearly,Credit Card,No,29,2,1
CUST1954,35,Male,Bangalore,51400,15,2937,1,186,Monthly,UPI,Yes,15,4,1
CUST1955,39,Male,Chennai,75809,57,1219,2,299,Quarterly,UPI,No,3,3,1
CUST1956,59,Male,Delhi,56028,42,2245,1,284,Yearly,UPI,Yes,20,10,1
CUST1957,46,Male,Delhi,94824,38,960,3,491,Yearly,UPI,No,1,4,1
CUST1958,58,Male,Mumbai,67383,44,2783,4,403,Yearly,UPI,Yes,5,9,1
CUST1959,53,Female,Kolkata,53840,3,1041,1,233,Yearly,Debit Card,No,29,3,1
CUST1960,47,Male,Hyderabad,77356,30,1404,1,415,Quarterly,Credit Card,Yes,30,3,1
CUST1961,25,Female,Delhi,74722,13,1823,2,340,Yearly,Net Banking,Yes,23,9,1
CUST1962,23,Male,Kolkata,31468,54,1308,3,60,Quarterly,Net Banking,No,12,2,1
CUST1963,53,Female,Kolkata,67841,13,2145,4,87,Quarterly,UPI,No,10,10,1
CUST1964,46,Male,Mumbai,70097,37,2833,6,483,Yearly,UPI,No,22,7,1
CUST1965,24,Female,Delhi,67260,3,2573,0,155,Monthly,Debit Card,No,24,5,1
CUST1966,27,Male,Delhi,47194,60,2532,3,479,Quarterly,Debit Card,No,11,7,0
CUST1967,55,Female,Pune,32147,40,1447,5,307,Quarterly,UPI,Yes,21,2,1
CUST1968,51,Female,Chennai,39479,34,1324,6,358,Monthly,Net Banking,Yes,19,4,1
CUST1969,46,Male,Hyderabad,39490,5,827,2,55,Quarterly,Credit Card,No,27,3,1
CUST1970,50,Male,Delhi,70736,19,728,2,396,Monthly,UPI,No,16,7,1
CUST1971,28,Female,Chennai,67387,8,2168,1,311,Quarterly,Credit Card,No,5,6,0
CUST1972,36,Female,Bangalore,60988,28,2142,6,47,Quarterly,Credit Card,Yes,18,5,1
CUST1973,51,Female,Bangalore,95305,16,2211,0,451,Monthly,Debit Card,Yes,2,1,1
CUST1974,27,Male,Bangalore,57181,50,1177,1,245,Monthly,Net Banking,Yes,18,9,1
CUST1975,29,Male,Bangalore,43275,10,2308,6,475,Yearly,Credit Card,No,29,10,1
CUST1976,27,Female,Hyderabad,45605,6,2061,6,128,Yearly,Debit Card,Yes,14,6,1
CUST1977,44,Male,Bangalore,46984,13,1224,0,423,Yearly,Debit Card,Yes,21,7,1
CUST1978,30,Male,Delhi,95614,52,1397,0,255,Quarterly,Net Banking,Yes,19,10,1
CUST1979,55,Female,Hyderabad,48562,42,1203,0,432,Monthly,Net Banking,No,3,2,1
CUST1980,30,Male,Delhi,76451,12,632,2,150,Monthly,Debit Card,No,30,4,1
CUST1981,26,Female,Kolkata,50608,27,2098,4,362,Quarterly,Net Banking,No,9,2,1
CUST1982,58,Female,Kolkata,62463,48,1929,3,168,Yearly,Credit Card,Yes,23,10,1
CUST1983,50,Female,Mumbai,92370,48,1513,6,380,Monthly,UPI,Yes,10,9,1
CUST1984,37,Female,Hyderabad,43503,32,2611,2,244,Monthly,UPI,No,2,6,0
CUST1985,52,Female,Hyderabad,31906,40,2064,2,535,Monthly,Credit Card,No,14,9,0
CUST1986,22,Female,Hyderabad,58561,9,1672,0,434,Monthly,UPI,No,27,10,1
CUST1987,27,Female,Bangalore,98607,44,855,3,458,Quarterly,Credit Card,Yes,17,8,1
CUST1988,24,Female,Delhi,46459,39,2239,1,277,Quarterly,Debit Card,No,14,6,0
CUST1989,44,Male,Kolkata,49613,5,892,4,296,Quarterly,Net Banking,No,5,3,1
CUST1990,48,Male,Kolkata,59680,2,1172,6,203,Yearly,Net Banking,No,5,3,1
CUST1991,49,Male,Hyderabad,38123,31,1866,0,159,Quarterly,UPI,Yes,8,9,0
CUST1992,48,Male,Bangalore,98322,2,1370,4,87,Monthly,Debit Card,Yes,5,4,1
CUST1993,42,Female,Delhi,53806,38,1159,1,415,Quarterly,Net Banking,No,25,10,1
CUST1994,27,Male,Chennai,40976,1,1318,4,42,Yearly,Debit Card,Yes,19,9,1
CUST1995,56,Female,Hyderabad,32017,22,1728,0,416,Yearly,UPI,No,28,5,1
CUST1996,41,Female,Kolkata,64206,5,2281,0,229,Yearly,UPI,Yes,24,2,1
CUST1997,41,Female,Delhi,87851,16,2021,3,361,Quarterly,Debit Card,No,13,10,0
CUST1998,46,Male,Delhi,44591,32,1227,6,201,Yearly,Debit Card,Yes,9,8,1
CUST1999,44,Male,Mumbai,40929,13,1509,6,354,Quarterly,UPI,Yes,22,9,1
CUST2000,31,Female,Mumbai,43265,49,645,6,545,Quarterly,Credit Card,Yes,26,5,1
CUST2001,37,Female,Hyderabad,39215,26,2064,6,108,Quarterly,Net Banking,Yes,17,1,1
CUST2002,46,Female,Pune,54976,23,2604,2,215,Quarterly,UPI,No,14,4,1
CUST2003,51,Female,Pune,37526,56,2993,5,517,Quarterly,UPI,Yes,18,9,1
CUST2004,54,Female,Bangalore,31951,54,2564,2,355,Monthly,UPI,No,3,8,0
CUST2005,58,Male,Delhi,30595,25,1341,1,373,Quarterly,Net Banking,Yes,21,10,1
CUST2006,51,Male,Mumbai,74912,16,1530,2,45,Monthly,Credit Card,No,8,3,1
CUST2007,42,Female,Bangalore,41953,43,2775,0,317,Yearly,Debit Card,Yes,9,6,0
CUST2008,45,Male,Hyderabad,68170,20,1589,0,466,Quarterly,Net Banking,Yes,29,6,1
CUST2009,24,Male,Delhi,40702,45,1644,5,535,Yearly,Net Banking,Yes,22,7,1
CUST2010,52,Male,Pune,79111,59,1490,4,302,Yearly,Credit Card,Yes,14,8,1
CUST2011,57,Female,Delhi,33513,48,1547,4,531,Quarterly,Net Banking,Yes,27,9,1
CUST2012,53,Female,Pune,86947,18,2437,4,166,Monthly,Debit Card,No,28,3,1
CUST2013,29,Male,Hyderabad,39107,54,2397,5,496,Quarterly,UPI,Yes,30,5,1
CUST2014,49,Female,Chennai,82066,43,2482,2,462,Quarterly,Net Banking,Yes,16,7,1
CUST2015,57,Female,Mumbai,85698,12,914,2,492,Yearly,Net Banking,Yes,29,2,1
CUST2016,47,Male,Kolkata,33435,2,583,6,273,Yearly,UPI,Yes,4,6,1
CUST2017,59,Female,Delhi,83014,59,2125,2,533,Yearly,Net Banking,Yes,2,8,0
CUST2018,50,Male,Delhi,66113,55,1061,5,147,Quarterly,UPI,Yes,10,3,1
CUST2019,30,Male,Pune,57499,12,2216,6,107,Yearly,Debit Card,Yes,24,7,1
CUST2020,46,Female,Mumbai,54596,10,1538,2,115,Quarterly,Net Banking,Yes,21,4,1
CUST2021,53,Female,Pune,92257,23,1664,4,289,Yearly,Net Banking,No,28,8,1
CUST2022,30,Male,Bangalore,62376,51,1942,4,272,Yearly,Net Banking,No,17,1,1
CUST2023,52,Male,Bangalore,56849,6,2761,5,96,Monthly,Credit Card,No,12,4,1
CUST2024,33,Male,Chennai,30769,15,906,4,509,Monthly,Debit Card,No,7,1,1
CUST2025,53,Female,Pune,74013,6,2918,5,312,Quarterly,Net Banking,Yes,18,8,1
CUST2026,58,Female,Delhi,93767,38,1813,6,243,Quarterly,UPI,No,22,8,1
CUST2027,22,Male,Pune,48705,44,1343,0,392,Monthly,Credit Card,No,28,8,1
CUST2028,28,Female,Bangalore,89274,22,1245,2,145,Quarterly,Credit Card,Yes,29,10,1
CUST2029,49,Male,Bangalore,37373,18,2827,1,147,Yearly,Net Banking,No,13,5,1
CUST2030,29,Male,Delhi,37642,36,2808,0,334,Quarterly,UPI,No,2,8,0
CUST2031,47,Male,Kolkata,84712,37,1237,6,121,Monthly,Credit Card,No,7,7,1
CUST2032,49,Female,Kolkata,90926,14,2600,1,515,Monthly,Debit Card,No,4,10,0
CUST2033,39,Male,Pune,80539,48,2956,6,226,Yearly,Credit Card,No,3,10,1
CUST2034,41,Female,Delhi,72578,48,2927,2,500,Quarterly,Debit Card,No,7,7,0
CUST2035,28,Female,Delhi,32413,34,2397,2,87,Monthly,UPI,No,9,3,1
CUST2036,39,Male,Hyderabad,88408,48,2720,1,432,Quarterly,UPI,No,7,7,0
CUST2037,36,Female,Pune,88703,27,2139,1,220,Quarterly,UPI,Yes,4,3,1
CUST2038,40,Female,Bangalore,93230,28,712,2,423,Monthly,Debit Card,No,19,6,1
CUST2039,24,Female,Bangalore,43777,11,1955,1,250,Quarterly,UPI,Yes,27,2,1
CUST2040,30,Male,Kolkata,87089,29,724,1,265,Quarterly,Debit Card,No,23,8,1
CUST2041,58,Female,Chennai,44779,33,1122,5,265,Yearly,Credit Card,Yes,8,3,1
CUST2042,53,Female,Pune,77258,1,2782,3,318,Yearly,UPI,No,30,8,1
CUST2043,53,Male,Hyderabad,45111,57,2845,1,166,Monthly,UPI,No,24,7,1
CUST2044,56,Female,Hyderabad,97313,7,2984,5,310,Monthly,UPI,Yes,3,7,1
CUST2045,45,Female,Chennai,88645,11,2211,6,264,Yearly,Credit Card,Yes,3,1,1
CUST2046,59,Female,Bangalore,82021,37,1742,3,108,Yearly,Credit Card,No,12,1,1
CUST2047,54,Male,Pune,81507,54,2324,3,142,Yearly,Credit Card,Yes,29,5,1
CUST2048,42,Male,Bangalore,41017,6,614,0,94,Monthly,Net Banking,No,20,9,1
CUST2049,29,Male,Bangalore,74553,9,868,0,224,Yearly,Net Banking,Yes,11,10,0
CUST2050,46,Female,Kolkata,60936,11,1969,5,193,Yearly,Credit Card,Yes,7,5,1
CUST2051,47,Female,Chennai,58365,39,1323,0,85,Quarterly,UPI,Yes,22,4,1
CUST2052,51,Male,Hyderabad,49276,52,1938,5,264,Yearly,Credit Card,Yes,23,4,1
CUST2053,37,Male,Kolkata,66486,22,2000,2,469,Quarterly,UPI,Yes,1,10,0
CUST2054,50,Male,Hyderabad,62959,59,1626,3,36,Monthly,Credit Card,Yes,27,7,1
CUST2055,47,Female,Pune,55032,41,853,4,362,Monthly,Debit Card,Yes,23,7,1
CUST2056,57,Female,Mumbai,38536,24,1156,1,170,Quarterly,UPI,Yes,29,2,1
CUST2057,49,Male,Bangalore,80830,31,1243,6,305,Monthly,Debit Card,Yes,10,5,1
CUST2058,30,Male,Pune,43334,8,1164,4,114,Quarterly,UPI,Yes,13,5,1
CUST2059,26,Male,Bangalore,98906,25,1894,2,76,Quarterly,UPI,No,7,7,0
CUST2060,59,Female,Mumbai,33650,45,2202,4,148,Yearly,Debit Card,No,18,6,1
CUST2061,29,Female,Kolkata,47459,27,1812,5,366,Monthly,Credit Card,Yes,10,8,1
CUST2062,44,Female,Delhi,97067,42,1380,2,283,Yearly,UPI,Yes,29,2,1
CUST2063,41,Male,Chennai,85823,17,1731,2,405,Monthly,Credit Card,No,24,8,1
CUST2064,59,Female,Bangalore,56149,53,1116,3,473,Quarterly,Debit Card,Yes,12,7,0
CUST2065,38,Male,Delhi,52606,9,2458,1,425,Yearly,UPI,No,25,7,1
CUST2066,39,Female,Kolkata,47358,32,1017,1,265,Monthly,Credit Card,Yes,11,4,1
CUST2067,56,Male,Delhi,79377,38,681,0,347,Yearly,Credit Card,Yes,5,2,1
CUST2068,37,Female,Pune,43703,25,2643,5,115,Quarterly,Debit Card,No,11,10,1
CUST2069,33,Male,Kolkata,39716,28,1081,2,162,Quarterly,Credit Card,No,23,9,1
CUST2070,50,Male,Bangalore,37213,22,2043,2,363,Quarterly,Debit Card,Yes,7,5,1
CUST2071,55,Male,Pune,45690,54,1627,0,83,Quarterly,Debit Card,Yes,12,2,1
CUST2072,28,Male,Delhi,96425,49,2865,6,147,Yearly,Debit Card,Yes,25,3,1
CUST2073,59,Male,Pune,31067,44,657,0,423,Monthly,Credit Card,No,3,4,1
CUST2074,39,Female,Kolkata,73052,44,2766,2,344,Quarterly,Net Banking,No,17,4,1
CUST2075,44,Male,Delhi,87225,11,1337,2,518,Quarterly,Credit Card,No,30,2,1
CUST2076,57,Female,Mumbai,79508,17,1371,5,233,Yearly,Net Banking,No,21,8,1
CUST2077,40,Male,Hyderabad,73601,53,582,6,291,Yearly,Credit Card,Yes,16,8,1
CUST2078,39,Female,Chennai,32739,48,1818,0,425,Monthly,Credit Card,Yes,13,10,0
CUST2079,28,Male,Kolkata,42336,36,792,3,340,Quarterly,Net Banking,Yes,25,7,1
CUST2080,38,Male,Pune,57228,30,2874,0,40,Quarterly,Debit Card,No,9,3,1
CUST2081,25,Female,Pune,98827,57,2058,2,258,Yearly,UPI,No,7,8,0
CUST2082,37,Female,Bangalore,35409,7,1651,5,388,Yearly,Credit Card,No,15,9,1
CUST2083,32,Female,Chennai,56145,39,2743,2,58,Monthly,Credit Card,No,2,7,0
CUST2084,34,Female,Hyderabad,53332,17,2159,2,106,Yearly,Net Banking,No,5,2,1
CUST2085,32,Male,Chennai,94471,6,1072,1,355,Monthly,Debit Card,No,11,7,0
CUST2086,23,Female,Hyderabad,68674,4,2221,5,194,Quarterly,UPI,No,29,7,1
CUST2087,30,Male,Bangalore,82960,1,591,2,510,Monthly,Credit Card,Yes,1,5,1
CUST2088,41,Female,Pune,80227,3,1298,2,430,Quarterly,Net Banking,Yes,23,4,1
CUST2089,58,Female,Kolkata,37065,53,1097,4,182,Quarterly,Net Banking,Yes,2,7,1
CUST2090,43,Male,Hyderabad,96201,55,2708,5,85,Monthly,Debit Card,No,4,1,1
CUST2091,42,Male,Bangalore,63837,16,1131,3,442,Quarterly,UPI,No,28,8,1
CUST2092,45,Female,Delhi,40514,33,1602,5,231,Yearly,Net Banking,Yes,18,6,1
CUST2093,48,Male,Kolkata,94800,5,1229,4,440,Yearly,Net Banking,No,25,8,1
CUST2094,24,Male,Delhi,56205,35,2083,6,491,Quarterly,Debit Card,No,12,1,1
CUST2095,42,Female,Bangalore,54406,20,947,2,231,Monthly,Credit Card,No,10,6,0
CUST2096,57,Female,Kolkata,99847,12,522,2,215,Yearly,Net Banking,No,25,5,1
CUST2097,27,Female,Delhi,50800,6,933,5,154,Monthly,Credit Card,No,15,10,1
CUST2098,29,Male,Kolkata,48482,24,2723,5,282,Quarterly,UPI,No,6,6,1
CUST2099,56,Female,Mumbai,35435,46,2477,3,297,Quarterly,UPI,Yes,10,2,1
CUST2100,28,Female,Pune,68179,52,2322,0,170,Yearly,Debit Card,No,18,9,1
CUST2101,45,Male,Pune,56751,31,2933,5,300,Quarterly,Net Banking,Yes,3,6,1
CUST2102,24,Female,Delhi,80231,11,2144,3,167,Monthly,Net Banking,No,6,9,0
CUST2103,28,Female,Chennai,51390,18,1093,3,543,Quarterly,Credit Card,Yes,8,4,1
CUST2104,55,Male,Pune,37833,7,2457,5,162,Yearly,Credit Card,Yes,11,1,1
CUST2105,55,Female,Delhi,65282,2,970,4,117,Monthly,Credit Card,No,4,6,1
CUST2106,41,Male,Bangalore,41345,1,1809,5,299,Quarterly,UPI,Yes,4,5,1
CUST2107,32,Female,Bangalore,65771,31,810,4,237,Yearly,Debit Card,Yes,24,8,1
CUST2108,47,Male,Hyderabad,59377,16,921,5,350,Yearly,Net Banking,Yes,17,3,1
CUST2109,56,Male,Delhi,80986,29,1348,1,324,Yearly,UPI,Yes,10,3,1
CUST2110,31,Female,Mumbai,33258,42,1215,6,445,Monthly,Credit Card,No,10,10,1
CUST2111,22,Male,Pune,30055,58,605,1,405,Quarterly,UPI,Yes,7,7,0
CUST2112,48,Male,Kolkata,41656,22,1301,5,369,Monthly,Net Banking,Yes,21,3,1
CUST2113,57,Female,Pune,91607,45,1404,0,179,Monthly,Net Banking,No,18,10,1
CUST2114,30,Female,Bangalore,38837,19,1137,6,36,Monthly,Net Banking,Yes,16,5,1
CUST2115,37,Male,Pune,30370,37,986,2,194,Yearly,Net Banking,Yes,29,1,1
CUST2116,47,Female,Chennai,94839,33,1297,6,111,Quarterly,UPI,Yes,11,9,1
CUST2117,31,Male,Mumbai,72487,4,536,3,431,Yearly,Credit Card,No,29,8,1
CUST2118,23,Male,Bangalore,48976,58,1990,0,423,Monthly,Credit Card,No,1,10,0
CUST2119,42,Female,Hyderabad,67563,47,2518,0,535,Quarterly,Debit Card,No,22,9,1
CUST2120,44,Male,Mumbai,35190,56,735,0,191,Monthly,Credit Card,Yes,9,1,1
CUST2121,54,Male,Delhi,34677,37,668,5,378,Quarterly,Credit Card,No,26,4,1
CUST2122,57,Female,Bangalore,90148,15,2043,1,57,Monthly,Credit Card,Yes,4,6,0
CUST2123,33,Female,Chennai,96354,40,925,4,135,Monthly,Net Banking,No,7,2,1
CUST2124,22,Female,Chennai,91716,1,2306,3,217,Quarterly,UPI,Yes,29,4,1
CUST2125,31,Male,Bangalore,69291,46,1044,1,346,Quarterly,Credit Card,Yes,10,6,0
CUST2126,41,Female,Mumbai,76144,13,2036,4,525,Monthly,Credit Card,Yes,13,1,1
CUST2127,55,Female,Delhi,32956,14,2333,2,346,Yearly,Debit Card,Yes,27,1,1
CUST2128,30,Female,Pune,36458,50,2436,2,49,Quarterly,Debit Card,Yes,16,9,1
CUST2129,23,Female,Delhi,33203,36,1577,1,416,Monthly,UPI,No,9,6,0
CUST2130,44,Female,Bangalore,82683,10,1301,2,307,Monthly,Debit Card,Yes,6,2,1
CUST2131,23,Female,Kolkata,62449,32,1629,3,30,Monthly,UPI,No,21,8,1
CUST2132,34,Female,Pune,86235,8,1848,1,176,Quarterly,Net Banking,Yes,15,6,0
CUST2133,32,Female,Delhi,36772,43,2439,4,207,Quarterly,Debit Card,No,10,2,1
CUST2134,47,Male,Chennai,37612,6,2146,6,174,Yearly,Net Banking,No,19,3,1
CUST2135,27,Female,Hyderabad,76910,29,2366,5,182,Quarterly,Credit Card,No,8,7,1
CUST2136,47,Female,Hyderabad,68677,25,1030,6,455,Quarterly,Credit Card,No,9,4,1
CUST2137,44,Male,Pune,75784,2,2229,0,448,Monthly,UPI,No,9,5,1
CUST2138,53,Female,Mumbai,85989,34,1326,0,141,Quarterly,Credit Card,No,2,6,0
CUST2139,53,Male,Bangalore,49381,40,2925,3,450,Quarterly,Credit Card,Yes,9,1,1
CUST2140,31,Male,Mumbai,32486,4,2390,5,167,Quarterly,UPI,No,15,6,1
CUST2141,33,Female,Pune,45916,17,949,2,282,Monthly,Credit Card,No,9,3,1
CUST2142,50,Female,Delhi,84545,20,2786,5,447,Yearly,Net Banking,Yes,17,6,1
CUST2143,52,Male,Pune,56425,40,685,1,443,Monthly,Net Banking,Yes,25,3,1
CUST2144,29,Female,Mumbai,46091,8,722,2,265,Quarterly,Credit Card,No,22,1,1
CUST2145,57,Male,Delhi,45248,14,998,0,168,Monthly,Debit Card,No,20,3,1
CUST2146,32,Female,Pune,36791,4,1369,6,123,Yearly,UPI,Yes,12,5,1
CUST2147,41,Female,Delhi,69419,4,704,4,102,Yearly,Net Banking,Yes,4,9,1
CUST2148,34,Male,Chennai,58261,42,2635,2,106,Monthly,UPI,No,13,10,0
CUST2149,49,Male,Kolkata,63012,2,1905,5,171,Yearly,Credit Card,No,29,4,1
CUST2150,36,Male,Mumbai,65167,33,2699,5,475,Quarterly,Credit Card,No,13,2,1
CUST2151,38,Male,Chennai,71002,8,1526,4,297,Yearly,Credit Card,Yes,20,5,1
CUST2152,54,Female,Mumbai,48205,59,2050,1,284,Yearly,Net Banking,No,28,7,1
CUST2153,35,Female,Hyderabad,65645,15,1794,3,93,Yearly,Credit Card,No,6,8,0
CUST2154,32,Male,Pune,94222,25,2087,5,117,Monthly,Credit Card,Yes,25,3,1
CUST2155,23,Male,Hyderabad,62583,25,2620,1,372,Monthly,Debit Card,Yes,5,7,0
CUST2156,46,Female,Pune,35295,45,2306,0,160,Quarterly,Debit Card,Yes,6,6,0
CUST2157,35,Female,Kolkata,76371,18,837,2,39,Quarterly,Credit Card,No,17,7,1
CUST2158,22,Male,Pune,79882,57,1294,2,162,Monthly,Net Banking,No,7,3,1
CUST2159,50,Male,Kolkata,67134,35,2658,4,105,Quarterly,UPI,No,30,4,1
CUST2160,58,Male,Bangalore,99672,39,2826,2,498,Yearly,Debit Card,No,16,9,1
CUST2161,34,Male,Bangalore,92363,27,2342,3,238,Yearly,Debit Card,Yes,6,4,1
CUST2162,22,Female,Mumbai,74433,51,1152,6,329,Quarterly,UPI,No,14,4,1
CUST2163,54,Male,Hyderabad,83911,36,2278,0,385,Quarterly,Credit Card,Yes,20,9,1
CUST2164,32,Female,Chennai,87745,30,2015,4,297,Yearly,Credit Card,Yes,21,9,1
CUST2165,32,Male,Bangalore,87032,50,2225,6,118,Yearly,UPI,Yes,3,4,1
CUST2166,53,Female,Hyderabad,42676,41,646,6,463,Quarterly,Debit Card,Yes,16,1,1
CUST2167,23,Male,Chennai,46365,1,2221,0,429,Yearly,Debit Card,No,15,10,1
CUST2168,37,Male,Pune,83517,29,1706,6,101,Yearly,Net Banking,No,2,2,1
CUST2169,48,Male,Hyderabad,32402,23,996,3,476,Yearly,Net Banking,Yes,21,10,1
CUST2170,50,Female,Delhi,64112,4,2931,6,375,Quarterly,Net Banking,No,17,7,1
CUST2171,44,Female,Kolkata,31695,52,1218,4,223,Yearly,UPI,Yes,28,3,1
CUST2172,45,Male,Hyderabad,68636,24,510,2,44,Monthly,Debit Card,Yes,10,9,0
CUST2173,48,Female,Delhi,55651,28,1874,3,258,Yearly,Net Banking,No,30,2,1
CUST2174,59,Female,Hyderabad,67606,49,703,4,404,Yearly,Debit Card,Yes,10,6,1
CUST2175,41,Male,Kolkata,51534,7,604,1,525,Quarterly,Debit Card,No,29,7,1
CUST2176,49,Female,Chennai,67412,55,2277,2,492,Monthly,UPI,No,21,4,1
CUST2177,58,Male,Bangalore,41319,12,2274,0,410,Yearly,UPI,No,28,7,1
CUST2178,43,Female,Kolkata,60615,51,941,1,251,Yearly,Net Banking,Yes,1,6,0
CUST2179,39,Male,Bangalore,88182,50,2107,5,59,Quarterly,Credit Card,No,7,7,1
CUST2180,53,Male,Kolkata,85381,42,2860,4,298,Quarterly,UPI,No,26,3,1
CUST2181,56,Female,Chennai,54544,21,2355,6,209,Yearly,UPI,No,2,9,1
CUST2182,56,Male,Chennai,47157,45,852,3,112,Monthly,UPI,Yes,1,5,1
CUST2183,55,Male,Chennai,57213,19,606,5,419,Yearly,Credit Card,No,20,9,1
CUST2184,58,Male,Hyderabad,42755,34,2061,1,102,Yearly,Debit Card,No,27,5,1
CUST2185,27,Male,Hyderabad,64381,28,2379,4,42,Quarterly,Credit Card,Yes,11,3,1
CUST2186,40,Male,Hyderabad,30148,27,2669,2,309,Monthly,Net Banking,Yes,26,8,1
CUST2187,39,Male,Chennai,61075,42,1424,0,73,Yearly,Net Banking,No,13,4,1
CUST2188,31,Male,Bangalore,41672,31,2870,6,118,Monthly,UPI,Yes,17,6,1
CUST2189,47,Female,Chennai,55287,35,2217,0,218,Yearly,Debit Card,Yes,16,7,1
CUST2190,24,Female,Kolkata,82726,4,1308,4,300,Yearly,UPI,No,8,6,1
CUST2191,40,Female,Pune,91358,26,858,1,363,Monthly,Net Banking,No,17,9,1
CUST2192,40,Male,Chennai,39476,55,2258,6,240,Monthly,Credit Card,No,20,10,1
CUST2193,45,Male,Pune,60177,57,1546,4,325,Yearly,Credit Card,Yes,6,6,1
CUST2194,57,Male,Chennai,83450,5,2791,6,76,Yearly,UPI,No,25,10,1
CUST2195,43,Female,Chennai,62535,29,2620,1,75,Quarterly,Net Banking,No,24,2,1
CUST2196,37,Female,Pune,76940,39,623,1,358,Yearly,Credit Card,Yes,27,9,1
CUST2197,24,Male,Chennai,55017,25,1410,1,385,Quarterly,Net Banking,No,18,8,1
CUST2198,48,Female,Hyderabad,43285,30,590,6,236,Yearly,Net Banking,No,26,1,1
CUST2199,25,Male,Pune,39372,57,2292,2,335,Yearly,Debit Card,No,14,6,0
CUST2200,32,Male,Bangalore,92537,59,2097,0,269,Yearly,Credit Card,No,21,9,1
CUST2201,32,Female,Delhi,48890,6,884,5,227,Monthly,Net Banking,Yes,13,6,1
CUST2202,52,Male,Bangalore,43092,47,1381,3,460,Quarterly,Net Banking,No,26,5,1
CUST2203,57,Male,Hyderabad,67089,7,1059,1,527,Quarterly,Debit Card,No,17,5,1
CUST2204,34,Female,Kolkata,87920,47,537,0,439,Quarterly,Debit Card,No,13,1,1
CUST2205,58,Male,Delhi,64600,30,1068,0,77,Monthly,Net Banking,Yes,8,1,1
CUST2206,22,Male,Chennai,80903,6,2124,0,286,Quarterly,Debit Card,No,10,10,0
CUST2207,24,Female,Delhi,81248,19,815,2,442,Monthly,Net Banking,No,18,2,1
CUST2208,30,Female,Kolkata,64743,17,2479,5,449,Quarterly,Credit Card,No,29,1,1
CUST2209,33,Female,Pune,32963,50,2078,0,207,Quarterly,UPI,No,5,10,0
CUST2210,36,Female,Kolkata,34512,16,2686,6,177,Monthly,UPI,Yes,6,8,1
CUST2211,37,Male,Delhi,41351,9,2249,3,411,Yearly,Credit Card,No,25,3,1
CUST2212,48,Female,Pune,42501,10,2608,1,248,Monthly,Net Banking,Yes,12,9,0
CUST2213,56,Male,Mumbai,89949,21,1981,6,502,Quarterly,UPI,Yes,11,4,1
CUST2214,57,Female,Kolkata,91365,54,2154,6,46,Quarterly,Debit Card,Yes,13,3,1
CUST2215,59,Male,Delhi,64346,48,2662,2,365,Quarterly,UPI,No,16,5,1
CUST2216,47,Male,Kolkata,50344,36,646,1,110,Yearly,UPI,Yes,13,10,0
CUST2217,43,Male,Pune,60782,56,1167,0,457,Monthly,Credit Card,Yes,4,5,1
CUST2218,23,Male,Mumbai,38080,40,1689,4,490,Yearly,Debit Card,Yes,11,2,1
CUST2219,29,Female,Mumbai,68314,42,2348,0,501,Monthly,Credit Card,Yes,3,4,1
CUST2220,34,Female,Pune,47682,7,1404,2,207,Yearly,Debit Card,No,18,1,1
CUST2221,35,Female,Kolkata,74111,11,1940,5,413,Monthly,Credit Card,No,7,5,1
CUST2222,37,Male,Chennai,68736,59,2681,2,52,Quarterly,Credit Card,Yes,22,6,1
CUST2223,26,Male,Kolkata,34311,55,1156,6,119,Monthly,Credit Card,No,4,7,1
CUST2224,33,Female,Kolkata,32580,19,2056,3,367,Yearly,Debit Card,No,11,4,1
CUST2225,24,Male,Pune,95532,49,2847,1,261,Yearly,UPI,No,15,5,1
CUST2226,25,Female,Delhi,44260,52,1574,4,289,Quarterly,Debit Card,Yes,15,1,1
CUST2227,24,Female,Delhi,62430,42,2731,6,158,Quarterly,Debit Card,No,3,5,1
CUST2228,52,Female,Pune,57115,1,2832,0,446,Quarterly,Debit Card,Yes,4,10,1
CUST2229,47,Female,Delhi,67251,49,2305,1,446,Quarterly,Net Banking,No,22,3,1
CUST2230,44,Male,Hyderabad,69574,4,2824,4,200,Monthly,Net Banking,Yes,21,10,1
CUST2231,56,Male,Bangalore,52821,24,2524,4,480,Monthly,Credit Card,Yes,1,4,1
CUST2232,40,Male,Hyderabad,32837,14,2404,0,171,Monthly,UPI,Yes,12,1,1
CUST2233,34,Male,Hyderabad,59669,49,1919,6,336,Yearly,Credit Card,No,6,7,1
CUST2234,54,Male,Hyderabad,41936,29,2872,5,109,Quarterly,Debit Card,No,25,1,1
CUST2235,34,Male,Pune,93027,10,971,1,508,Yearly,Net Banking,No,13,3,1
CUST2236,55,Male,Bangalore,90848,28,966,6,277,Quarterly,UPI,Yes,5,8,1
CUST2237,24,Male,Bangalore,44908,60,969,4,315,Monthly,Net Banking,No,28,2,1
CUST2238,53,Female,Hyderabad,69220,7,1636,3,485,Yearly,Debit Card,No,15,4,1
CUST2239,25,Female,Mumbai,63697,5,1428,0,226,Quarterly,Debit Card,Yes,6,2,1
CUST2240,47,Male,Hyderabad,41136,4,1562,5,541,Quarterly,UPI,No,26,1,1
CUST2241,54,Female,Bangalore,89155,16,1416,4,532,Monthly,Credit Card,Yes,24,10,1
CUST2242,44,Female,Kolkata,79950,52,511,0,144,Yearly,Debit Card,Yes,26,9,1
CUST2243,37,Female,Pune,64263,50,1392,2,255,Yearly,Net Banking,Yes,1,2,1
CUST2244,45,Male,Hyderabad,76732,2,1210,6,50,Quarterly,Debit Card,Yes,19,9,1
CUST2245,43,Female,Pune,93690,33,915,4,196,Quarterly,UPI,No,20,8,1
CUST2246,58,Male,Bangalore,52024,25,1492,1,304,Yearly,Debit Card,No,14,4,1
CUST2247,50,Male,Pune,98112,60,588,5,379,Monthly,Credit Card,No,20,3,1
CUST2248,44,Female,Kolkata,34535,36,2811,0,450,Yearly,UPI,Yes,13,9,0
CUST2249,54,Male,Hyderabad,44746,45,503,5,501,Quarterly,Credit Card,Yes,14,3,1
CUST2250,58,Male,Hyderabad,91407,7,1554,6,410,Yearly,UPI,No,12,8,1
CUST2251,29,Male,Chennai,78671,57,665,3,371,Quarterly,Debit Card,Yes,2,3,1
CUST2252,41,Male,Hyderabad,39399,14,1044,1,221,Quarterly,UPI,No,30,4,1
CUST2253,48,Female,Chennai,74891,43,596,2,307,Monthly,Net Banking,No,9,9,0
CUST2254,30,Male,Mumbai,35914,17,1531,1,152,Monthly,Credit Card,Yes,1,1,1
CUST2255,33,Male,Delhi,38118,5,942,1,368,Quarterly,Debit Card,Yes,22,8,1
CUST2256,24,Female,Hyderabad,60020,55,1179,2,367,Monthly,Credit Card,No,18,5,1
CUST2257,52,Male,Mumbai,84816,47,1669,4,260,Yearly,UPI,No,16,6,1
CUST2258,28,Male,Bangalore,42109,43,2984,6,397,Yearly,Debit Card,Yes,25,6,1
CUST2259,43,Female,Pune,70954,16,2691,3,374,Monthly,Net Banking,Yes,13,8,0
CUST2260,26,Female,Mumbai,91707,41,2262,0,406,Yearly,Debit Card,No,22,2,1
CUST2261,30,Male,Bangalore,50968,18,1445,4,68,Quarterly,UPI,Yes,27,4,1
CUST2262,38,Female,Kolkata,57703,34,2614,4,52,Quarterly,Debit Card,Yes,7,2,1
CUST2263,44,Female,Hyderabad,81672,13,1052,1,258,Monthly,UPI,No,29,6,1
CUST2264,38,Male,Bangalore,91142,54,2471,1,509,Yearly,Net Banking,No,24,2,1
CUST2265,43,Male,Chennai,57818,13,2171,2,494,Yearly,Debit Card,Yes,12,4,1
CUST2266,34,Male,Pune,48526,41,2414,5,36,Monthly,Debit Card,Yes,23,8,1
CUST2267,26,Female,Hyderabad,36212,17,1041,0,291,Yearly,Debit Card,No,25,3,1
CUST2268,37,Male,Hyderabad,40532,15,2880,4,317,Yearly,UPI,Yes,13,8,1
CUST2269,39,Female,Pune,35539,26,914,0,186,Monthly,Credit Card,No,5,1,1
CUST2270,44,Female,Chennai,35607,3,1078,6,192,Yearly,Debit Card,No,15,8,1
CUST2271,24,Male,Mumbai,55117,39,1349,2,456,Monthly,Net Banking,No,17,6,1
CUST2272,22,Male,Bangalore,39628,10,2255,0,176,Quarterly,Credit Card,Yes,3,4,1
CUST2273,36,Male,Pune,85264,41,1126,4,119,Monthly,Credit Card,Yes,16,4,1
CUST2274,54,Female,Hyderabad,56707,13,1172,4,514,Yearly,UPI,No,14,7,1
CUST2275,35,Male,Delhi,44439,4,2535,2,507,Yearly,Net Banking,No,19,9,1
CUST2276,34,Male,Bangalore,63270,60,1123,6,194,Quarterly,UPI,Yes,23,6,1
CUST2277,47,Male,Pune,50156,13,1829,3,48,Quarterly,Debit Card,No,1,8,0
CUST2278,53,Male,Delhi,67909,48,1488,1,77,Monthly,Net Banking,Yes,23,1,1
CUST2279,29,Male,Kolkata,85107,11,1660,1,365,Monthly,Debit Card,No,6,5,1
CUST2280,42,Female,Hyderabad,43882,19,1039,5,53,Yearly,Net Banking,No,16,5,1
CUST2281,47,Male,Mumbai,75278,56,678,1,479,Quarterly,Net Banking,No,25,4,1
CUST2282,23,Male,Chennai,39001,1,919,0,193,Monthly,Debit Card,No,9,6,1
CUST2283,54,Male,Kolkata,56797,22,2892,4,47,Yearly,UPI,No,6,2,1
CUST2284,37,Male,Hyderabad,96062,48,1792,6,217,Quarterly,Credit Card,No,29,9,1
CUST2285,28,Male,Kolkata,55104,50,2835,5,528,Monthly,Debit Card,Yes,25,7,1
CUST2286,50,Female,Bangalore,59717,1,1296,4,532,Quarterly,Net Banking,No,10,3,1
CUST2287,58,Female,Kolkata,30684,13,637,1,257,Yearly,UPI,No,25,8,1
CUST2288,28,Female,Hyderabad,35782,19,801,5,426,Yearly,Credit Card,No,29,5,1
CUST2289,22,Female,Bangalore,85186,60,759,1,544,Yearly,Net Banking,Yes,27,4,1
CUST2290,56,Male,Bangalore,86091,6,1977,6,393,Monthly,Debit Card,Yes,23,1,1
CUST2291,37,Male,Mumbai,50478,24,1698,3,354,Monthly,Net Banking,Yes,5,2,1
CUST2292,48,Male,Kolkata,51346,26,1242,0,431,Quarterly,Net Banking,No,1,9,0
CUST2293,52,Female,Hyderabad,97428,59,2415,1,382,Quarterly,Debit Card,No,7,2,1
CUST2294,38,Male,Mumbai,34833,39,1373,5,274,Yearly,Debit Card,No,3,3,1
CUST2295,32,Male,Hyderabad,67180,44,2359,0,461,Monthly,Net Banking,No,20,2,1
CUST2296,52,Male,Mumbai,47573,53,1202,6,30,Yearly,UPI,No,3,5,1
CUST2297,43,Female,Kolkata,84672,14,2326,1,285,Quarterly,Credit Card,No,19,6,1
CUST2298,37,Male,Bangalore,58460,36,2845,0,300,Quarterly,UPI,Yes,28,8,1
CUST2299,40,Male,Kolkata,59377,42,1891,6,261,Yearly,Net Banking,No,9,7,1
CUST2300,52,Female,Kolkata,75647,42,2219,3,393,Yearly,UPI,No,10,2,1
CUST2301,39,Male,Hyderabad,55411,9,634,1,293,Quarterly,UPI,No,11,7,0
CUST2302,24,Male,Kolkata,53772,50,2915,3,33,Yearly,UPI,No,25,4,1
CUST2303,27,Male,Pune,34261,26,1997,0,121,Yearly,Debit Card,Yes,3,6,0
CUST2304,56,Male,Pune,39422,43,2648,5,270,Quarterly,Credit Card,No,9,7,1
CUST2305,56,Female,Hyderabad,54435,45,1807,6,410,Yearly,UPI,No,6,9,1
CUST2306,33,Female,Bangalore,52414,21,806,2,84,Quarterly,Net Banking,Yes,23,1,1
CUST2307,50,Male,Delhi,77703,16,1932,6,332,Yearly,Credit Card,Yes,16,8,1
CUST2308,59,Male,Kolkata,89136,7,2548,0,125,Monthly,UPI,No,9,10,0
CUST2309,44,Male,Pune,76835,38,2004,6,425,Quarterly,UPI,Yes,22,4,1
CUST2310,38,Female,Kolkata,97619,3,2190,4,510,Quarterly,Debit Card,No,20,4,1
CUST2311,26,Female,Kolkata,64262,45,1519,6,468,Monthly,Net Banking,No,19,6,1
CUST2312,36,Female,Kolkata,94791,23,2787,1,134,Yearly,Credit Card,No,9,1,1
CUST2313,38,Female,Mumbai,30496,56,2271,4,187,Monthly,UPI,Yes,12,10,1
CUST2314,40,Female,Pune,39884,2,1158,6,492,Quarterly,UPI,No,15,8,1
CUST2315,59,Female,Bangalore,55218,38,754,1,124,Yearly,Credit Card,No,28,7,1
CUST2316,51,Male,Hyderabad,94170,58,689,6,513,Quarterly,Debit Card,No,29,8,1
CUST2317,25,Female,Hyderabad,72623,29,2335,4,84,Yearly,Credit Card,Yes,29,10,1
CUST2318,40,Female,Chennai,59405,51,2193,2,151,Monthly,Credit Card,Yes,11,7,0
CUST2319,30,Male,Bangalore,30296,42,1961,6,226,Quarterly,Credit Card,No,29,3,1
CUST2320,48,Male,Hyderabad,69322,8,819,1,298,Monthly,Credit Card,Yes,29,3,1
CUST2321,29,Male,Mumbai,61645,22,1160,3,543,Monthly,UPI,Yes,18,9,1
CUST2322,23,Female,Kolkata,99506,16,1958,3,278,Monthly,Net Banking,No,18,4,1
CUST2323,46,Male,Pune,60346,29,772,1,278,Quarterly,UPI,Yes,23,8,1
CUST2324,41,Female,Mumbai,76060,2,1422,1,534,Yearly,Credit Card,No,14,4,1
CUST2325,34,Female,Delhi,98258,44,1513,6,229,Quarterly,UPI,Yes,2,6,1
CUST2326,52,Female,Kolkata,83739,21,1757,1,445,Yearly,UPI,Yes,20,10,1
CUST2327,50,Male,Mumbai,96920,52,2709,4,90,Monthly,Net Banking,No,29,8,1
CUST2328,28,Female,Hyderabad,53365,11,2790,1,250,Yearly,Credit Card,Yes,25,5,1
CUST2329,24,Male,Hyderabad,69767,47,2045,2,41,Yearly,Debit Card,Yes,7,1,1
CUST2330,22,Female,Chennai,79177,15,2068,5,258,Monthly,UPI,Yes,15,3,1
CUST2331,22,Male,Chennai,77994,54,1260,2,54,Yearly,Net Banking,No,25,1,1
CUST2332,27,Female,Kolkata,35255,4,632,0,115,Monthly,Credit Card,Yes,28,7,1
CUST2333,44,Female,Bangalore,66163,52,674,2,50,Yearly,Credit Card,Yes,5,8,0
CUST2334,23,Female,Kolkata,99050,7,2596,0,369,Monthly,UPI,Yes,26,7,1
CUST2335,55,Male,Chennai,98682,34,1428,1,348,Monthly,Net Banking,Yes,23,9,1
CUST2336,43,Female,Chennai,92137,34,1346,1,71,Monthly,UPI,Yes,29,9,1
CUST2337,44,Female,Pune,95018,17,2149,3,493,Monthly,UPI,Yes,4,3,1
CUST2338,54,Male,Delhi,42150,31,573,3,106,Quarterly,Net Banking,No,16,4,1
CUST2339,50,Male,Kolkata,47669,26,2878,4,103,Monthly,Credit Card,No,29,1,1
CUST2340,47,Male,Pune,78889,12,1921,0,484,Yearly,UPI,Yes,10,3,1
CUST2341,57,Female,Kolkata,32881,26,1768,1,456,Monthly,Debit Card,Yes,10,1,1
CUST2342,43,Female,Chennai,58690,2,666,0,432,Quarterly,Credit Card,No,16,6,1
CUST2343,46,Male,Pune,69023,18,1096,2,68,Monthly,Credit Card,Yes,9,4,1
CUST2344,46,Male,Pune,52462,32,1937,4,90,Monthly,UPI,No,4,3,1
CUST2345,55,Male,Hyderabad,70644,52,1523,5,162,Monthly,Net Banking,No,27,4,1
CUST2346,30,Female,Kolkata,42380,22,1934,1,237,Quarterly,Net Banking,Yes,10,10,0
CUST2347,31,Male,Hyderabad,59317,49,1901,5,220,Yearly,Credit Card,Yes,27,8,1
CUST2348,46,Female,Pune,73826,50,2679,2,405,Quarterly,Credit Card,Yes,19,4,1
CUST2349,56,Female,Pune,40057,34,2455,5,200,Monthly,Net Banking,No,14,5,1
CUST2350,40,Male,Mumbai,64017,25,2116,6,251,Yearly,Credit Card,No,7,6,1
CUST2351,52,Male,Mumbai,94829,35,2896,2,311,Monthly,Credit Card,No,8,3,1
CUST2352,27,Male,Hyderabad,96567,33,1062,2,370,Monthly,UPI,No,24,9,1
CUST2353,40,Male,Bangalore,39308,53,1917,3,446,Quarterly,UPI,No,24,7,1
CUST2354,38,Female,Kolkata,72940,58,2557,6,345,Quarterly,Net Banking,Yes,6,1,1
CUST2355,58,Female,Pune,80385,26,2448,2,509,Quarterly,Debit Card,Yes,6,3,1
CUST2356,54,Female,Kolkata,79892,26,1889,0,477,Yearly,Credit Card,No,1,9,0
CUST2357,55,Male,Mumbai,31894,10,1223,6,109,Yearly,Net Banking,Yes,5,1,1
CUST2358,41,Female,Chennai,97865,48,1250,3,327,Monthly,UPI,Yes,29,10,1
CUST2359,55,Female,Chennai,63038,1,1238,0,263,Monthly,UPI,Yes,27,6,1
CUST2360,27,Female,Hyderabad,86151,21,1082,0,285,Yearly,Net Banking,Yes,30,5,1
CUST2361,26,Male,Hyderabad,68333,4,1609,1,256,Monthly,Net Banking,Yes,17,2,1
CUST2362,45,Female,Bangalore,55921,13,1841,5,428,Monthly,Net Banking,No,5,3,1
CUST2363,58,Female,Kolkata,62642,35,2215,6,441,Yearly,Credit Card,Yes,28,2,1
CUST2364,57,Female,Chennai,94303,40,2820,6,549,Quarterly,Net Banking,No,21,8,1
CUST2365,52,Male,Pune,62314,58,1151,6,240,Yearly,Debit Card,Yes,10,7,1
CUST2366,33,Male,Delhi,82115,37,1756,6,211,Quarterly,Net Banking,Yes,26,7,1
CUST2367,50,Male,Kolkata,63481,29,1187,1,213,Monthly,UPI,Yes,17,9,1
CUST2368,54,Female,Pune,53457,45,1788,6,48,Monthly,Credit Card,No,7,6,1
CUST2369,32,Male,Pune,50092,12,1261,1,284,Yearly,Debit Card,No,21,10,1
CUST2370,41,Female,Chennai,41825,36,591,4,66,Monthly,Debit Card,Yes,29,10,1
CUST2371,56,Female,Kolkata,90071,54,1701,0,166,Yearly,UPI,Yes,30,6,1
CUST2372,26,Female,Kolkata,47045,38,2790,2,444,Monthly,Credit Card,Yes,19,3,1
CUST2373,44,Female,Delhi,65497,59,645,2,151,Yearly,Debit Card,Yes,28,7,1
CUST2374,24,Male,Delhi,67338,58,2015,6,376,Yearly,Credit Card,No,20,7,1
CUST2375,46,Male,Hyderabad,58013,37,1617,4,368,Yearly,UPI,Yes,21,8,1
CUST2376,42,Male,Chennai,44179,40,1882,6,283,Yearly,UPI,No,6,5,1
CUST2377,35,Female,Kolkata,46116,45,2717,1,540,Monthly,Credit Card,Yes,4,8,0
CUST2378,45,Female,Pune,87802,17,2405,4,86,Monthly,Net Banking,No,26,7,1
CUST2379,47,Female,Kolkata,91807,47,607,6,447,Monthly,Net Banking,Yes,12,5,1
CUST2380,35,Female,Chennai,37283,9,755,0,157,Monthly,UPI,Yes,6,3,1
CUST2381,50,Female,Delhi,55146,25,2284,0,429,Monthly,Net Banking,Yes,20,6,1
CUST2382,58,Male,Hyderabad,32260,4,847,5,377,Quarterly,UPI,No,17,7,1
CUST2383,43,Male,Hyderabad,94732,52,598,1,187,Monthly,Credit Card,No,2,10,0
CUST2384,32,Male,Pune,32274,39,2790,1,74,Quarterly,UPI,No,24,3,1
CUST2385,44,Male,Delhi,51213,31,591,5,201,Monthly,UPI,Yes,28,9,1
CUST2386,28,Female,Bangalore,82076,6,779,2,400,Yearly,Debit Card,Yes,9,4,1
CUST2387,59,Male,Kolkata,56844,24,803,6,354,Monthly,UPI,Yes,21,6,1
CUST2388,47,Male,Mumbai,85309,39,1168,3,420,Quarterly,UPI,Yes,5,5,1
CUST2389,39,Female,Mumbai,99157,59,1719,2,329,Quarterly,Debit Card,Yes,15,3,1
CUST2390,44,Male,Mumbai,92170,60,1831,6,281,Monthly,Net Banking,No,8,9,1
CUST2391,24,Female,Delhi,66575,5,2503,5,55,Monthly,Net Banking,Yes,15,6,1
CUST2392,57,Female,Hyderabad,48298,5,1088,0,234,Yearly,Debit Card,Yes,22,5,1
CUST2393,29,Female,Pune,74440,40,2579,3,416,Quarterly,UPI,Yes,4,4,1
CUST2394,36,Female,Pune,66157,27,2280,4,377,Monthly,Credit Card,No,25,10,1
CUST2395,54,Female,Kolkata,67805,14,2723,5,478,Yearly,Net Banking,No,16,2,1
CUST2396,28,Female,Kolkata,37410,55,1980,6,448,Quarterly,Debit Card,Yes,24,1,1
CUST2397,37,Female,Chennai,70412,23,2258,0,532,Yearly,Debit Card,Yes,14,5,1
CUST2398,51,Female,Hyderabad,91748,39,654,6,144,Monthly,Net Banking,No,6,7,1
CUST2399,54,Male,Kolkata,96577,16,511,3,261,Quarterly,Net Banking,No,27,10,1
CUST2400,43,Female,Pune,60048,58,2536,6,332,Quarterly,UPI,Yes,29,6,1
CUST2401,34,Female,Chennai,51518,36,2894,3,356,Yearly,Net Banking,No,8,5,1
CUST2402,35,Male,Kolkata,50043,36,2919,4,453,Monthly,Debit Card,No,21,1,1
CUST2403,55,Female,Delhi,36487,21,1172,6,478,Yearly,Credit Card,Yes,9,3,1
CUST2404,36,Female,Delhi,33017,54,2158,2,402,Quarterly,Debit Card,Yes,28,6,1
CUST2405,45,Female,Hyderabad,33196,17,840,2,207,Monthly,Net Banking,Yes,11,8,0
CUST2406,28,Male,Chennai,80345,39,568,3,410,Yearly,Credit Card,Yes,25,5,1
CUST2407,39,Male,Mumbai,75971,15,2872,4,208,Yearly,Credit Card,No,12,7,1
CUST2408,42,Male,Chennai,89940,6,1978,1,519,Quarterly,Net Banking,Yes,16,8,1
CUST2409,30,Female,Mumbai,92979,21,2696,0,454,Monthly,Net Banking,No,5,9,0
CUST2410,49,Male,Bangalore,65361,12,2443,3,515,Yearly,UPI,Yes,30,8,1
CUST2411,28,Male,Bangalore,37971,38,1475,3,425,Monthly,UPI,No,29,1,1
CUST2412,42,Male,Pune,40510,14,2845,3,493,Monthly,Net Banking,Yes,15,10,0
CUST2413,25,Male,Delhi,43782,29,808,3,348,Monthly,Debit Card,No,9,5,1
CUST2414,28,Male,Kolkata,36057,4,2744,4,284,Quarterly,UPI,Yes,9,9,1
CUST2415,51,Female,Hyderabad,37043,2,2529,2,271,Yearly,Debit Card,Yes,21,6,1
CUST2416,39,Male,Delhi,99000,20,1167,1,160,Quarterly,Credit Card,Yes,9,4,1
CUST2417,52,Female,Delhi,95424,55,906,1,134,Quarterly,Debit Card,No,9,5,1
CUST2418,36,Male,Hyderabad,35806,3,1222,3,288,Monthly,UPI,Yes,6,4,1
CUST2419,45,Female,Bangalore,39004,59,830,4,222,Yearly,Debit Card,Yes,9,1,1
CUST2420,22,Female,Hyderabad,84766,26,2317,6,59,Monthly,Net Banking,Yes,10,8,1
CUST2421,46,Female,Pune,30319,22,898,2,134,Quarterly,Net Banking,Yes,24,9,1
CUST2422,31,Male,Pune,91032,47,1320,4,343,Yearly,UPI,Yes,19,8,1
CUST2423,59,Female,Mumbai,93115,26,2574,4,300,Monthly,UPI,Yes,14,5,1
CUST2424,22,Female,Hyderabad,66923,43,719,0,125,Monthly,Net Banking,No,29,9,1
CUST2425,47,Female,Hyderabad,89622,8,2822,5,140,Yearly,Net Banking,No,10,6,1
CUST2426,50,Female,Hyderabad,69328,38,1651,4,157,Quarterly,Credit Card,No,3,3,1
CUST2427,31,Female,Hyderabad,55230,11,610,1,309,Monthly,Net Banking,No,13,5,1
CUST2428,25,Male,Pune,35239,37,2339,6,30,Quarterly,UPI,Yes,28,10,1
CUST2429,33,Female,Mumbai,64674,58,1567,5,255,Yearly,Net Banking,Yes,2,9,1
CUST2430,25,Female,Chennai,89254,26,2179,1,138,Monthly,UPI,Yes,2,3,1
CUST2431,40,Male,Pune,93365,19,686,4,272,Monthly,UPI,Yes,8,10,1
CUST2432,24,Female,Pune,68428,15,1034,1,75,Quarterly,Net Banking,Yes,19,10,1
CUST2433,31,Female,Kolkata,47718,2,2102,6,84,Monthly,UPI,No,16,10,1
CUST2434,40,Female,Pune,41419,17,2694,4,49,Quarterly,Debit Card,No,13,1,1
CUST2435,49,Female,Mumbai,74291,22,2410,4,382,Quarterly,Net Banking,No,12,10,1
CUST2436,54,Female,Hyderabad,82107,2,1518,3,103,Quarterly,UPI,Yes,22,1,1
CUST2437,47,Female,Pune,74610,7,1479,3,377,Monthly,Debit Card,No,9,10,0
CUST2438,43,Female,Hyderabad,78127,38,1452,0,243,Monthly,Credit Card,Yes,12,5,1
CUST2439,34,Male,Delhi,31626,15,2633,5,453,Quarterly,Credit Card,No,5,2,1
CUST2440,55,Male,Hyderabad,39465,48,616,2,73,Monthly,UPI,Yes,29,5,1
CUST2441,46,Female,Bangalore,47300,2,1298,3,315,Yearly,UPI,Yes,12,3,1
CUST2442,45,Female,Bangalore,78791,58,1406,4,229,Monthly,Credit Card,No,10,8,1
CUST2443,41,Female,Bangalore,39032,7,1089,3,159,Quarterly,UPI,Yes,25,8,1
CUST2444,34,Male,Kolkata,79954,23,2849,5,144,Monthly,Net Banking,Yes,12,9,1
CUST2445,57,Female,Pune,75380,3,2037,3,531,Monthly,Debit Card,No,17,6,1
CUST2446,31,Male,Delhi,93042,36,1131,6,438,Yearly,Debit Card,No,22,7,1
CUST2447,51,Male,Bangalore,80708,30,847,6,264,Monthly,Net Banking,Yes,22,5,1
CUST2448,22,Female,Chennai,92028,21,2094,5,371,Yearly,Debit Card,Yes,12,7,1
CUST2449,27,Female,Mumbai,72244,9,731,5,476,Quarterly,Credit Card,No,10,4,1
CUST2450,47,Female,Delhi,78692,45,1040,2,421,Quarterly,UPI,No,23,5,1
CUST2451,56,Male,Pune,48740,35,1363,1,290,Monthly,Credit Card,No,16,1,1
CUST2452,53,Female,Delhi,39471,52,2567,1,497,Monthly,Net Banking,Yes,15,2,1
CUST2453,22,Female,Chennai,78348,19,2463,5,393,Monthly,UPI,Yes,7,2,1
CUST2454,29,Male,Bangalore,89405,5,2460,1,237,Yearly,UPI,Yes,13,7,1
CUST2455,37,Female,Hyderabad,96118,27,2113,5,201,Yearly,Net Banking,No,1,1,1
CUST2456,41,Female,Chennai,33060,47,1943,6,189,Monthly,UPI,No,16,3,1
CUST2457,50,Female,Hyderabad,56325,6,2403,6,83,Quarterly,Credit Card,No,6,10,1
CUST2458,37,Female,Chennai,92751,45,2745,0,338,Quarterly,Credit Card,No,19,8,1
CUST2459,48,Female,Bangalore,32365,18,2912,6,532,Quarterly,Credit Card,No,13,5,1
CUST2460,51,Female,Kolkata,79396,49,2176,1,385,Yearly,Debit Card,Yes,30,9,1
CUST2461,23,Female,Kolkata,31919,36,1925,4,283,Yearly,Net Banking,No,25,5,1
CUST2462,31,Female,Delhi,67924,49,1865,4,212,Yearly,Debit Card,No,17,9,1
CUST2463,45,Female,Pune,63910,37,2054,6,75,Quarterly,Debit Card,Yes,22,5,1
CUST2464,29,Male,Pune,54578,28,1904,4,540,Monthly,Debit Card,Yes,13,2,1
CUST2465,26,Female,Chennai,51818,47,2850,6,363,Monthly,Debit Card,Yes,17,10,1
CUST2466,46,Male,Bangalore,40336,15,2563,3,405,Yearly,Net Banking,Yes,6,6,0
CUST2467,46,Male,Bangalore,45619,56,2867,3,507,Monthly,Credit Card,No,2,8,0
CUST2468,53,Male,Delhi,62747,39,1383,0,229,Yearly,Credit Card,No,14,1,1
CUST2469,44,Female,Kolkata,48452,55,2286,3,463,Yearly,Debit Card,No,19,8,1
CUST2470,33,Male,Delhi,76053,26,1781,6,389,Yearly,Debit Card,No,24,6,1
CUST2471,52,Female,Delhi,81928,32,2560,2,124,Yearly,Debit Card,No,27,5,1
CUST2472,46,Male,Bangalore,72255,57,1689,2,116,Quarterly,Debit Card,No,14,6,0
CUST2473,46,Male,Mumbai,74859,43,2431,4,132,Quarterly,Debit Card,Yes,2,6,1
CUST2474,59,Male,Pune,69807,50,1777,3,69,Quarterly,UPI,No,8,8,0
CUST2475,54,Female,Pune,94033,44,962,3,512,Quarterly,UPI,Yes,14,6,0
CUST2476,44,Male,Chennai,92636,55,1702,5,162,Yearly,UPI,No,13,10,1
CUST2477,41,Female,Kolkata,43280,16,2890,1,292,Yearly,Debit Card,No,6,5,1
CUST2478,25,Male,Kolkata,68057,22,1144,1,531,Monthly,UPI,No,28,9,1
CUST2479,46,Male,Delhi,92040,49,1480,0,525,Yearly,Debit Card,Yes,6,6,0
CUST2480,44,Female,Chennai,87923,29,1282,0,318,Quarterly,Net Banking,Yes,9,4,1
CUST2481,43,Male,Delhi,39862,8,1935,4,230,Quarterly,UPI,No,25,8,1
CUST2482,37,Male,Delhi,58415,12,2113,2,402,Quarterly,UPI,No,17,3,1
CUST2483,22,Female,Delhi,99532,51,2099,4,161,Yearly,Net Banking,No,23,5,1
CUST2484,42,Female,Pune,36764,17,896,3,87,Quarterly,Debit Card,No,5,2,1
CUST2485,36,Female,Pune,50939,49,1045,5,46,Monthly,Credit Card,Yes,16,1,1
CUST2486,41,Male,Bangalore,61688,59,1592,6,190,Quarterly,Net Banking,Yes,6,8,1
CUST2487,35,Male,Hyderabad,33216,57,1908,4,483,Monthly,Credit Card,Yes,27,6,1
CUST2488,54,Female,Chennai,48781,46,2954,1,80,Quarterly,Debit Card,Yes,19,3,1
CUST2489,49,Female,Mumbai,59782,4,1095,2,71,Yearly,Debit Card,Yes,27,9,1
CUST2490,55,Male,Kolkata,32243,56,2201,5,292,Quarterly,UPI,No,16,7,1
CUST2491,47,Female,Pune,36553,54,2300,4,135,Quarterly,Credit Card,Yes,13,2,1
CUST2492,37,Female,Delhi,48677,17,1161,4,425,Quarterly,Debit Card,No,10,1,1
CUST2493,53,Female,Bangalore,65079,21,1289,1,201,Yearly,Net Banking,No,9,3,1
CUST2494,47,Female,Kolkata,60164,30,975,3,55,Quarterly,Net Banking,Yes,2,8,0
CUST2495,31,Male,Pune,96351,55,1253,5,491,Yearly,UPI,No,8,7,1
CUST2496,36,Female,Chennai,38272,53,2437,5,436,Yearly,Credit Card,No,30,7,1
CUST2497,56,Female,Mumbai,88150,15,1576,6,505,Yearly,Debit Card,No,16,8,1
CUST2498,27,Female,Delhi,75761,54,1664,3,476,Quarterly,Credit Card,No,2,1,1
CUST2499,48,Female,Mumbai,32460,37,1950,5,400,Monthly,UPI,Yes,24,7,1
CUST2500,55,Male,Bangalore,62175,12,2698,6,284,Quarterly,Credit Card,Yes,1,9,1
CUST2501,34,Male,Pune,92821,32,2917,2,332,Quarterly,Credit Card,Yes,26,5,1
CUST2502,34,Male,Kolkata,83365,5,943,2,153,Yearly,Credit Card,No,18,5,1
CUST2503,31,Male,Bangalore,98247,40,1122,4,86,Yearly,UPI,Yes,27,7,1
CUST2504,43,Male,Kolkata,77003,31,2646,6,543,Monthly,Net Banking,No,24,1,1
CUST2505,22,Female,Mumbai,35445,5,2156,4,276,Yearly,Credit Card,No,18,7,1
CUST2506,24,Male,Chennai,83871,1,2339,5,329,Quarterly,Net Banking,No,19,8,1
CUST2507,23,Male,Pune,93197,30,1892,6,189,Quarterly,Net Banking,No,1,6,1
CUST2508,34,Male,Kolkata,33338,10,1891,2,46,Monthly,Net Banking,No,4,5,1
CUST2509,44,Male,Delhi,40547,10,1697,3,126,Quarterly,Debit Card,No,11,10,0
CUST2510,50,Male,Kolkata,90817,40,2749,1,399,Monthly,Net Banking,No,21,8,1
CUST2511,59,Male,Mumbai,55474,40,1969,0,258,Quarterly,Credit Card,No,29,2,1
CUST2512,23,Female,Chennai,85152,42,2783,1,382,Yearly,UPI,Yes,4,10,0
CUST2513,26,Female,Chennai,52320,60,1304,1,230,Quarterly,Net Banking,No,6,2,1
CUST2514,35,Male,Bangalore,50754,14,2223,2,122,Yearly,Net Banking,No,10,1,1
CUST2515,29,Male,Kolkata,84068,36,2529,4,53,Yearly,Debit Card,No,28,1,1
CUST2516,58,Female,Chennai,76099,3,2253,6,336,Quarterly,Net Banking,No,16,8,1
CUST2517,34,Female,Kolkata,42207,3,2740,0,444,Monthly,Credit Card,No,9,6,1
CUST2518,47,Female,Hyderabad,63719,34,1148,5,149,Yearly,Credit Card,Yes,19,5,1
CUST2519,34,Female,Chennai,36655,47,1271,3,313,Yearly,Debit Card,No,25,6,1
CUST2520,48,Male,Bangalore,91687,12,1841,3,205,Yearly,Credit Card,No,3,1,1
CUST2521,31,Male,Kolkata,81550,15,1466,3,427,Monthly,Credit Card,No,24,3,1
CUST2522,24,Male,Hyderabad,37549,22,1286,2,489,Yearly,UPI,Yes,22,5,1
CUST2523,31,Female,Mumbai,53016,33,2944,2,317,Monthly,UPI,No,11,6,0
CUST2524,45,Male,Pune,59986,19,2715,5,457,Quarterly,Debit Card,No,30,10,1
CUST2525,56,Female,Mumbai,69107,33,1323,3,40,Monthly,Credit Card,Yes,6,9,0
CUST2526,46,Female,Delhi,99715,28,1206,1,501,Monthly,Debit Card,Yes,11,8,0
CUST2527,27,Female,Chennai,53434,32,1166,4,265,Yearly,Credit Card,Yes,16,2,1
CUST2528,34,Female,Chennai,77445,35,1737,3,434,Yearly,UPI,No,14,2,1
CUST2529,52,Female,Delhi,67997,37,2351,3,308,Yearly,Debit Card,No,15,3,1
CUST2530,47,Female,Bangalore,66051,38,859,5,401,Yearly,Net Banking,No,23,3,1
CUST2531,31,Female,Mumbai,86782,56,1475,0,157,Quarterly,Debit Card,Yes,19,5,1
CUST2532,26,Male,Hyderabad,92513,26,2107,4,420,Yearly,Debit Card,Yes,16,7,1
CUST2533,35,Male,Mumbai,30567,41,2679,3,277,Monthly,Net Banking,No,17,4,1
CUST2534,27,Male,Pune,33420,36,856,5,77,Quarterly,Credit Card,No,10,9,1
CUST2535,57,Male,Pune,40652,14,1527,3,284,Monthly,Debit Card,No,4,2,1
CUST2536,34,Female,Kolkata,88541,18,1987,6,531,Yearly,Net Banking,Yes,25,5,1
CUST2537,27,Male,Kolkata,63071,12,983,0,446,Yearly,Debit Card,No,21,8,1
CUST2538,58,Female,Kolkata,87439,26,2869,3,307,Quarterly,Credit Card,No,17,7,1
CUST2539,25,Female,Kolkata,48047,37,2841,2,542,Yearly,Credit Card,No,25,10,1
CUST2540,45,Female,Bangalore,58906,56,2354,0,37,Yearly,Credit Card,No,27,4,1
CUST2541,39,Female,Kolkata,57738,22,771,1,34,Quarterly,Credit Card,No,18,3,1
CUST2542,48,Female,Hyderabad,71552,16,2105,2,292,Monthly,Debit Card,Yes,18,6,1
CUST2543,36,Female,Delhi,56926,48,1940,2,314,Yearly,Net Banking,No,25,5,1
CUST2544,26,Female,Bangalore,33188,6,2974,3,472,Monthly,Net Banking,Yes,25,9,1
CUST2545,24,Male,Bangalore,67081,48,2718,2,158,Yearly,UPI,No,25,5,1
CUST2546,37,Male,Kolkata,69986,48,1982,1,286,Monthly,Net Banking,Yes,26,5,1
CUST2547,30,Male,Pune,57579,59,1375,5,54,Quarterly,Net Banking,Yes,6,5,1
CUST2548,45,Female,Mumbai,36907,60,933,6,95,Monthly,Net Banking,Yes,14,5,1
CUST2549,53,Male,Delhi,58767,28,667,1,133,Quarterly,UPI,Yes,13,8,0
CUST2550,36,Male,Hyderabad,93769,12,1633,2,239,Quarterly,Debit Card,Yes,13,4,1
CUST2551,48,Female,Kolkata,77606,39,570,3,548,Monthly,Net Banking,No,8,3,1
CUST2552,31,Male,Kolkata,76022,21,2728,5,277,Quarterly,UPI,Yes,22,7,1
CUST2553,48,Female,Kolkata,47333,49,1611,6,205,Quarterly,Credit Card,Yes,19,10,1
CUST2554,24,Female,Kolkata,79854,17,1426,1,462,Quarterly,Net Banking,Yes,22,1,1
CUST2555,42,Male,Pune,76947,53,2378,5,489,Yearly,Net Banking,No,25,6,1
CUST2556,41,Female,Kolkata,33952,49,2170,4,506,Yearly,Net Banking,No,13,3,1
CUST2557,23,Male,Delhi,30015,30,1881,5,162,Quarterly,UPI,Yes,24,7,1
CUST2558,55,Male,Hyderabad,39759,49,2816,5,54,Monthly,UPI,No,21,5,1
CUST2559,49,Male,Pune,43587,34,888,1,473,Monthly,Debit Card,Yes,7,9,0
CUST2560,32,Female,Delhi,95077,17,2915,4,371,Monthly,Credit Card,No,5,4,1
CUST2561,27,Female,Delhi,83950,14,1443,6,411,Monthly,UPI,No,20,9,1
CUST2562,53,Male,Hyderabad,77857,53,1703,0,197,Yearly,Debit Card,Yes,22,6,1
CUST2563,37,Female,Kolkata,92583,60,752,3,295,Yearly,Debit Card,Yes,25,5,1
CUST2564,48,Female,Kolkata,33664,33,997,1,503,Monthly,UPI,Yes,21,4,1
CUST2565,22,Female,Hyderabad,62899,4,1357,3,59,Yearly,Debit Card,Yes,19,4,1
CUST2566,26,Male,Chennai,72220,23,515,5,475,Quarterly,Credit Card,No,1,7,1
CUST2567,59,Female,Bangalore,37274,16,2810,2,94,Monthly,Net Banking,Yes,9,2,1
CUST2568,24,Female,Mumbai,71435,10,828,4,192,Quarterly,UPI,No,22,7,1
CUST2569,38,Female,Pune,97309,7,2023,4,325,Yearly,Debit Card,No,4,4,1
CUST2570,45,Male,Pune,55838,5,1824,5,249,Yearly,Credit Card,No,27,5,1
CUST2571,59,Male,Chennai,81818,39,1641,4,41,Quarterly,Debit Card,Yes,17,5,1
CUST2572,59,Female,Kolkata,38078,7,2625,1,106,Monthly,Credit Card,No,16,2,1
CUST2573,38,Male,Chennai,87865,29,1827,1,494,Quarterly,Net Banking,No,22,4,1
CUST2574,34,Male,Chennai,80603,47,2638,5,82,Quarterly,Debit Card,No,26,2,1
CUST2575,58,Female,Delhi,30824,57,1581,5,209,Monthly,UPI,Yes,13,3,1
CUST2576,32,Female,Bangalore,39982,9,2522,2,250,Quarterly,Credit Card,No,19,4,1
CUST2577,53,Male,Bangalore,78582,55,2207,5,217,Yearly,Debit Card,Yes,5,7,1
CUST2578,43,Male,Chennai,73481,42,1343,2,76,Monthly,Credit Card,Yes,1,3,1
CUST2579,48,Female,Hyderabad,86241,30,1905,1,546,Yearly,Net Banking,No,29,1,1
CUST2580,41,Male,Delhi,41881,5,813,6,241,Yearly,Credit Card,Yes,8,1,1
CUST2581,52,Male,Pune,57915,21,2385,5,503,Monthly,Net Banking,No,1,10,1
CUST2582,47,Female,Pune,31379,40,2661,0,84,Monthly,Credit Card,Yes,2,1,1
CUST2583,52,Male,Chennai,47769,18,1442,0,315,Yearly,Debit Card,No,10,3,1
CUST2584,42,Female,Kolkata,66303,6,1308,2,242,Monthly,UPI,No,13,2,1
CUST2585,45,Male,Hyderabad,84261,4,907,4,103,Yearly,Net Banking,No,2,8,1
CUST2586,27,Male,Hyderabad,68255,18,1348,5,266,Yearly,Credit Card,No,23,10,1
CUST2587,42,Male,Kolkata,57453,10,2923,2,105,Yearly,Net Banking,No,9,4,1
CUST2588,45,Female,Chennai,98476,54,1813,6,90,Yearly,UPI,Yes,9,5,1
CUST2589,36,Male,Chennai,70498,52,1133,6,37,Yearly,Credit Card,Yes,17,8,1
CUST2590,49,Female,Hyderabad,35738,27,1716,1,386,Yearly,Credit Card,No,30,6,1
CUST2591,47,Female,Mumbai,74411,21,1954,2,150,Quarterly,Net Banking,No,13,5,1
CUST2592,24,Male,Chennai,40402,19,1860,2,353,Yearly,Debit Card,Yes,13,8,0
CUST2593,40,Female,Hyderabad,46447,37,1845,6,95,Yearly,Debit Card,No,11,7,1
CUST2594,31,Male,Bangalore,43890,5,2457,4,455,Yearly,Credit Card,No,19,8,1
CUST2595,56,Male,Bangalore,79431,24,1540,1,223,Monthly,Credit Card,No,21,7,1
CUST2596,56,Female,Hyderabad,97612,7,720,4,382,Quarterly,Net Banking,No,8,10,1
CUST2597,36,Male,Pune,69028,24,1245,4,324,Quarterly,Debit Card,Yes,26,3,1
CUST2598,23,Male,Mumbai,47443,59,2422,0,526,Monthly,Credit Card,Yes,14,10,0
CUST2599,48,Male,Kolkata,62210,19,953,4,362,Yearly,Debit Card,No,27,10,1
CUST2600,43,Male,Mumbai,61971,56,2961,2,100,Quarterly,Credit Card,No,20,2,1
CUST2601,52,Female,Bangalore,76870,13,836,3,534,Monthly,Debit Card,Yes,14,4,1
CUST2602,34,Female,Hyderabad,67890,26,1473,6,414,Quarterly,Debit Card,Yes,26,8,1
CUST2603,56,Female,Kolkata,31218,13,1954,1,363,Yearly,Net Banking,No,21,10,1
CUST2604,24,Female,Pune,95063,4,2342,2,524,Monthly,UPI,Yes,1,7,1
CUST2605,32,Female,Pune,61740,14,1987,5,267,Quarterly,Net Banking,Yes,10,8,1
CUST2606,39,Female,Hyderabad,68485,9,1412,5,207,Yearly,Credit Card,Yes,5,6,1
CUST2607,42,Female,Mumbai,67170,36,2874,3,424,Yearly,UPI,Yes,12,10,0
CUST2608,26,Female,Chennai,87287,46,2232,1,173,Monthly,Debit Card,Yes,28,4,1
CUST2609,33,Female,Mumbai,39290,3,2098,3,477,Yearly,Net Banking,No,30,5,1
CUST2610,27,Female,Mumbai,56898,18,2115,6,514,Yearly,Net Banking,Yes,9,3,1
CUST2611,29,Female,Chennai,43515,44,2258,0,274,Monthly,UPI,No,16,10,1
CUST2612,35,Male,Bangalore,34606,13,2396,6,361,Quarterly,Credit Card,No,5,2,1
CUST2613,25,Female,Kolkata,96177,35,1133,3,480,Monthly,Debit Card,Yes,4,6,0
CUST2614,33,Male,Pune,66818,10,1329,0,301,Monthly,Net Banking,No,9,9,0
CUST2615,30,Male,Kolkata,69994,55,892,3,148,Quarterly,Debit Card,No,9,2,1
CUST2616,32,Female,Mumbai,33591,55,2681,4,384,Monthly,Debit Card,Yes,8,2,1
CUST2617,55,Female,Mumbai,65447,19,826,6,239,Monthly,Debit Card,Yes,8,7,1
CUST2618,57,Male,Hyderabad,72192,37,2975,0,138,Monthly,Debit Card,No,25,2,1
CUST2619,41,Female,Mumbai,45779,53,1550,0,302,Yearly,Debit Card,Yes,25,9,1
CUST2620,41,Female,Hyderabad,56924,32,2065,3,195,Quarterly,UPI,No,28,1,1
CUST2621,26,Male,Chennai,38254,35,2369,0,251,Quarterly,UPI,Yes,24,4,1
CUST2622,35,Male,Hyderabad,62963,25,1514,6,263,Monthly,Credit Card,Yes,13,4,1
CUST2623,57,Female,Bangalore,52007,14,1221,2,135,Yearly,Debit Card,No,5,7,0
CUST2624,28,Male,Kolkata,33736,3,589,3,257,Yearly,Net Banking,Yes,15,10,1
CUST2625,42,Female,Pune,87589,16,2530,2,145,Monthly,Credit Card,Yes,19,2,1
CUST2626,37,Male,Bangalore,57584,48,1579,6,132,Quarterly,Debit Card,Yes,28,1,1
CUST2627,26,Female,Mumbai,40857,22,1111,5,298,Monthly,Credit Card,No,1,7,1
CUST2628,43,Female,Mumbai,76111,16,2598,6,203,Quarterly,Credit Card,Yes,20,10,1
CUST2629,33,Female,Chennai,72816,53,2396,6,100,Monthly,Debit Card,No,9,6,1
CUST2630,47,Male,Chennai,74788,12,1594,5,76,Monthly,Debit Card,No,15,6,1
CUST2631,42,Female,Mumbai,53437,2,955,6,534,Quarterly,UPI,Yes,1,9,1
CUST2632,27,Female,Mumbai,69293,39,1560,5,549,Yearly,Credit Card,No,7,8,1
CUST2633,49,Female,Chennai,76009,18,2348,2,317,Yearly,UPI,No,22,2,1
CUST2634,34,Female,Bangalore,35400,28,2477,2,373,Yearly,Net Banking,No,2,1,1
CUST2635,55,Female,Hyderabad,44974,22,2872,2,170,Yearly,UPI,No,26,4,1
CUST2636,44,Female,Chennai,95839,12,833,1,440,Monthly,UPI,Yes,28,2,1
CUST2637,37,Male,Mumbai,47116,9,2317,3,390,Monthly,UPI,No,13,4,1
CUST2638,30,Female,Mumbai,94818,12,2792,1,214,Yearly,Net Banking,Yes,6,3,1
CUST2639,37,Female,Hyderabad,41231,56,1290,0,493,Monthly,Credit Card,No,6,8,0
CUST2640,40,Male,Kolkata,85965,57,1493,5,137,Quarterly,Debit Card,Yes,17,2,1
CUST2641,53,Female,Kolkata,60924,21,2203,0,282,Quarterly,UPI,No,25,10,1
CUST2642,48,Male,Kolkata,78795,34,1122,0,449,Monthly,Net Banking,Yes,12,1,1
CUST2643,54,Female,Mumbai,80022,18,1674,3,500,Quarterly,UPI,No,15,10,0
CUST2644,51,Female,Chennai,44892,16,1562,4,366,Yearly,Net Banking,No,12,8,1
CUST2645,45,Male,Bangalore,89660,56,2439,6,341,Quarterly,Net Banking,No,21,4,1
CUST2646,55,Male,Hyderabad,64609,2,748,6,123,Yearly,UPI,Yes,26,3,1
CUST2647,47,Female,Chennai,53401,28,875,3,231,Quarterly,Debit Card,Yes,29,7,1
CUST2648,58,Male,Hyderabad,87042,45,837,0,95,Quarterly,Credit Card,Yes,24,6,1
CUST2649,49,Female,Bangalore,68886,2,2864,5,104,Yearly,UPI,No,10,2,1
CUST2650,36,Female,Hyderabad,80406,41,2746,3,383,Monthly,Credit Card,Yes,3,2,1
CUST2651,43,Male,Mumbai,75950,23,1946,3,176,Monthly,Debit Card,Yes,22,3,1
CUST2652,53,Male,Pune,35375,46,1626,0,448,Quarterly,Credit Card,No,30,1,1
CUST2653,50,Female,Delhi,80117,60,2500,5,514,Quarterly,Net Banking,Yes,29,8,1
CUST2654,53,Female,Delhi,57684,48,1537,2,188,Yearly,Credit Card,Yes,14,9,0
CUST2655,59,Male,Kolkata,64640,19,2103,0,51,Monthly,Credit Card,No,4,1,1
CUST2656,29,Female,Bangalore,94442,34,1790,6,424,Quarterly,Debit Card,No,24,6,1
CUST2657,59,Female,Bangalore,30244,21,1633,5,423,Quarterly,Net Banking,No,26,8,1
CUST2658,29,Female,Hyderabad,99051,8,2410,1,540,Quarterly,Net Banking,No,16,9,1
CUST2659,34,Male,Pune,48006,12,718,6,435,Monthly,Debit Card,Yes,25,1,1
CUST2660,48,Male,Delhi,46352,26,1743,2,136,Quarterly,Credit Card,No,5,1,1
CUST2661,41,Male,Mumbai,46108,8,2736,0,137,Quarterly,Debit Card,No,1,3,1
CUST2662,47,Male,Mumbai,70667,51,2156,4,497,Quarterly,Credit Card,No,19,5,1
CUST2663,58,Female,Mumbai,63043,24,1901,4,339,Yearly,Debit Card,Yes,2,3,1
CUST2664,38,Female,Delhi,72840,18,682,4,335,Monthly,Credit Card,Yes,8,6,1
CUST2665,41,Female,Pune,57201,35,1314,6,176,Quarterly,Net Banking,Yes,13,5,1
CUST2666,27,Male,Delhi,73021,4,2377,2,468,Monthly,UPI,No,7,4,1
CUST2667,55,Female,Hyderabad,96330,7,757,1,365,Quarterly,Credit Card,Yes,25,8,1
CUST2668,36,Male,Kolkata,78821,14,1401,5,110,Yearly,UPI,No,18,4,1
CUST2669,38,Female,Bangalore,84479,40,787,3,312,Quarterly,Credit Card,No,14,4,1
CUST2670,54,Male,Bangalore,35310,10,946,0,526,Monthly,UPI,No,17,4,1
CUST2671,38,Female,Mumbai,45457,8,906,0,177,Yearly,Net Banking,No,22,4,1
CUST2672,44,Female,Mumbai,31128,35,1057,0,251,Yearly,Debit Card,Yes,23,9,1
CUST2673,35,Male,Kolkata,51825,39,1541,5,472,Monthly,Net Banking,Yes,21,8,1
CUST2674,49,Female,Mumbai,43338,2,2388,6,392,Yearly,UPI,No,15,8,1
CUST2675,23,Male,Mumbai,80637,56,1753,0,57,Monthly,Debit Card,Yes,7,2,1
CUST2676,57,Female,Pune,93528,36,1503,3,470,Quarterly,Net Banking,Yes,30,8,1
CUST2677,41,Male,Pune,91086,24,2042,1,467,Monthly,UPI,Yes,8,7,0
CUST2678,26,Female,Pune,68059,13,1089,3,149,Monthly,Debit Card,No,25,4,1
CUST2679,25,Male,Delhi,40534,15,2600,5,461,Yearly,Debit Card,No,20,8,1
CUST2680,29,Female,Hyderabad,95563,21,1263,5,430,Quarterly,Debit Card,Yes,9,9,1
CUST2681,56,Female,Bangalore,43107,29,1989,3,408,Yearly,Credit Card,Yes,24,1,1
CUST2682,36,Female,Kolkata,84081,8,2572,1,486,Yearly,UPI,No,13,6,0
CUST2683,51,Female,Pune,52222,51,2984,6,407,Quarterly,Debit Card,Yes,11,8,1
CUST2684,59,Male,Bangalore,40223,39,863,0,164,Yearly,Debit Card,No,22,8,1
CUST2685,25,Female,Pune,37970,51,2594,3,124,Quarterly,UPI,No,25,9,1
CUST2686,34,Female,Chennai,76996,48,564,3,549,Quarterly,Debit Card,No,20,5,1
CUST2687,42,Female,Kolkata,94666,19,2334,2,401,Quarterly,Credit Card,Yes,19,10,1
CUST2688,26,Female,Kolkata,40995,41,2686,6,268,Yearly,Debit Card,Yes,24,5,1
CUST2689,44,Male,Delhi,77664,38,1826,6,251,Yearly,Credit Card,No,13,7,1
CUST2690,50,Male,Mumbai,85420,37,2375,0,135,Quarterly,UPI,Yes,3,5,1
CUST2691,50,Male,Chennai,90167,22,2408,4,31,Quarterly,Net Banking,Yes,9,1,1
CUST2692,22,Female,Delhi,45467,20,2727,4,322,Yearly,Credit Card,No,8,3,1
CUST2693,27,Female,Pune,40683,45,2975,2,94,Monthly,Debit Card,Yes,25,7,1
CUST2694,50,Female,Chennai,36955,43,1158,5,188,Monthly,UPI,Yes,9,4,1
CUST2695,31,Male,Bangalore,42196,27,1395,1,527,Quarterly,Credit Card,No,21,1,1
CUST2696,45,Female,Hyderabad,68187,42,2933,6,341,Quarterly,Credit Card,No,30,6,1
CUST2697,32,Female,Kolkata,55168,36,2048,6,45,Yearly,Net Banking,Yes,1,1,1
CUST2698,32,Female,Kolkata,77458,44,1202,4,134,Quarterly,Net Banking,No,26,10,1
CUST2699,33,Female,Kolkata,82669,30,2510,1,471,Quarterly,UPI,No,5,9,0
CUST2700,48,Female,Pune,81993,27,1127,0,434,Yearly,Net Banking,Yes,1,6,0
CUST2701,49,Male,Hyderabad,31263,58,1069,6,366,Quarterly,UPI,No,26,4,1
CUST2702,46,Male,Pune,60624,25,1851,4,52,Monthly,Credit Card,Yes,20,6,1
CUST2703,44,Male,Chennai,46650,31,1856,6,479,Quarterly,Debit Card,No,21,3,1
CUST2704,57,Female,Delhi,34123,28,905,5,300,Monthly,Debit Card,No,11,8,1
CUST2705,24,Female,Kolkata,47693,6,1333,4,326,Monthly,Credit Card,Yes,18,3,1
CUST2706,52,Female,Kolkata,42121,44,2431,1,38,Quarterly,Net Banking,No,17,5,1
CUST2707,45,Male,Delhi,39953,8,1768,6,62,Monthly,Debit Card,No,23,6,1
CUST2708,35,Male,Pune,54496,38,1645,3,388,Monthly,Debit Card,Yes,26,10,1
CUST2709,22,Male,Hyderabad,43727,57,1255,4,175,Quarterly,Net Banking,Yes,30,10,1
CUST2710,34,Female,Hyderabad,89799,30,2421,2,140,Quarterly,Credit Card,No,12,9,0
CUST2711,35,Male,Chennai,42875,20,1809,5,343,Yearly,Credit Card,Yes,30,9,1
CUST2712,51,Female,Pune,37664,34,515,5,375,Yearly,UPI,No,8,2,1
CUST2713,25,Male,Delhi,57603,59,1473,0,537,Yearly,UPI,Yes,25,3,1
CUST2714,26,Female,Delhi,36565,4,1274,5,149,Monthly,Debit Card,Yes,19,7,1
CUST2715,56,Male,Pune,50128,14,940,3,491,Monthly,Net Banking,Yes,4,6,0
CUST2716,37,Male,Kolkata,49547,33,505,0,300,Monthly,Debit Card,Yes,12,3,1
CUST2717,56,Male,Chennai,63948,4,2189,2,425,Quarterly,Credit Card,No,2,1,1
CUST2718,56,Female,Chennai,98607,10,1182,4,44,Quarterly,Credit Card,No,3,5,1
CUST2719,42,Male,Chennai,39428,60,504,6,230,Quarterly,Credit Card,No,21,2,1
CUST2720,42,Male,Hyderabad,88951,44,668,0,181,Yearly,Net Banking,Yes,24,8,1
CUST2721,54,Male,Hyderabad,76629,44,1003,2,270,Quarterly,Net Banking,Yes,2,2,1
CUST2722,44,Female,Chennai,31659,22,1566,1,69,Monthly,Debit Card,No,15,9,0
CUST2723,41,Female,Pune,85916,1,2791,3,309,Quarterly,UPI,Yes,4,4,1
CUST2724,23,Male,Mumbai,76619,26,1546,6,120,Quarterly,Debit Card,No,6,3,1
CUST2725,59,Female,Mumbai,49362,36,1725,5,67,Yearly,UPI,Yes,29,4,1
CUST2726,25,Male,Mumbai,72723,59,2208,0,191,Monthly,Net Banking,No,22,8,1
CUST2727,45,Male,Pune,92906,39,2061,2,259,Quarterly,Net Banking,No,27,6,1
CUST2728,55,Male,Bangalore,67830,27,2977,0,175,Quarterly,Credit Card,No,12,7,0
CUST2729,46,Female,Bangalore,74297,30,1493,5,362,Monthly,Credit Card,Yes,22,6,1
CUST2730,30,Male,Kolkata,71150,13,1432,5,102,Yearly,Credit Card,No,8,7,1
CUST2731,24,Female,Mumbai,46375,47,1243,0,319,Yearly,UPI,Yes,14,2,1
CUST2732,40,Male,Kolkata,68197,59,1869,0,403,Quarterly,Credit Card,Yes,28,3,1
CUST2733,48,Female,Pune,65247,52,1260,2,510,Quarterly,Net Banking,Yes,19,7,1
CUST2734,50,Male,Delhi,64474,5,2129,0,215,Quarterly,Credit Card,No,8,10,1
CUST2735,33,Male,Delhi,52540,26,1797,1,80,Monthly,UPI,No,20,1,1
CUST2736,41,Male,Kolkata,82879,37,2029,1,179,Monthly,Debit Card,Yes,8,7,0
CUST2737,25,Male,Hyderabad,75810,54,2092,0,436,Yearly,UPI,Yes,15,9,0
CUST2738,45,Male,Mumbai,45828,41,2090,4,92,Yearly,Net Banking,No,24,7,1
CUST2739,46,Female,Chennai,82798,45,1346,6,254,Quarterly,Credit Card,Yes,1,5,1
CUST2740,30,Female,Delhi,75291,6,1293,3,56,Monthly,Debit Card,Yes,6,4,1
CUST2741,32,Female,Delhi,54660,30,1622,2,219,Monthly,UPI,No,12,5,1
CUST2742,51,Male,Kolkata,57685,21,1817,6,209,Quarterly,Debit Card,Yes,29,6,1
CUST2743,42,Male,Chennai,53696,41,2988,6,450,Quarterly,Net Banking,Yes,28,6,1
CUST2744,33,Male,Kolkata,37370,48,2932,1,284,Monthly,Net Banking,No,21,7,1
CUST2745,30,Male,Kolkata,80668,55,2913,3,248,Monthly,Credit Card,No,27,7,1
CUST2746,57,Female,Kolkata,39675,55,2574,5,252,Monthly,Net Banking,No,18,4,1
CUST2747,56,Male,Chennai,92814,58,2962,5,458,Quarterly,UPI,Yes,9,9,1
CUST2748,30,Male,Bangalore,83013,16,1973,1,171,Monthly,Net Banking,No,27,6,1
CUST2749,55,Female,Kolkata,60484,56,1054,3,75,Yearly,UPI,No,12,6,0
CUST2750,41,Female,Bangalore,83790,33,1951,6,549,Monthly,Net Banking,No,9,2,1
CUST2751,38,Female,Pune,82275,45,2840,1,494,Monthly,Net Banking,No,21,6,1
CUST2752,56,Male,Bangalore,40619,47,2266,5,291,Quarterly,Credit Card,Yes,4,3,1
CUST2753,58,Male,Pune,78328,6,2990,5,315,Quarterly,Debit Card,No,20,4,1
CUST2754,23,Female,Bangalore,42857,36,2464,1,527,Yearly,Debit Card,Yes,9,1,1
CUST2755,34,Female,Delhi,68862,32,542,4,380,Quarterly,Credit Card,Yes,14,6,1
CUST2756,35,Male,Kolkata,87263,55,1936,6,48,Quarterly,UPI,No,27,9,1
CUST2757,58,Female,Kolkata,52564,43,591,3,214,Monthly,Debit Card,Yes,24,4,1
CUST2758,39,Female,Delhi,51699,14,666,1,293,Monthly,Credit Card,Yes,24,4,1
CUST2759,36,Female,Pune,31286,58,2308,5,341,Monthly,Net Banking,Yes,14,5,1
CUST2760,37,Male,Kolkata,89263,52,1871,0,134,Yearly,Debit Card,Yes,22,9,1
CUST2761,57,Female,Delhi,76126,43,1317,4,542,Monthly,UPI,Yes,8,9,1
CUST2762,37,Male,Pune,55465,28,2377,1,196,Yearly,Debit Card,Yes,27,10,1
CUST2763,28,Female,Delhi,72340,47,1191,3,263,Yearly,UPI,No,24,10,1
CUST2764,47,Male,Mumbai,67869,26,1901,1,46,Quarterly,Debit Card,No,21,2,1
CUST2765,34,Male,Hyderabad,31711,10,1771,5,38,Yearly,Debit Card,No,22,7,1
CUST2766,28,Female,Mumbai,85535,9,2574,4,110,Quarterly,UPI,Yes,20,7,1
CUST2767,28,Male,Hyderabad,47234,20,799,6,325,Quarterly,Credit Card,Yes,7,6,1
CUST2768,46,Female,Chennai,59672,59,1865,0,494,Quarterly,Net Banking,No,16,6,1
CUST2769,55,Male,Delhi,89453,8,1952,1,285,Monthly,Debit Card,No,28,6,1
CUST2770,23,Female,Chennai,72287,39,744,4,441,Monthly,Debit Card,Yes,14,9,1
CUST2771,25,Male,Pune,79625,36,1910,0,46,Yearly,Net Banking,No,7,5,1
CUST2772,40,Female,Hyderabad,96480,16,2011,1,460,Monthly,UPI,Yes,7,9,0
CUST2773,59,Male,Hyderabad,76489,56,2113,5,235,Monthly,Debit Card,Yes,25,4,1
CUST2774,25,Male,Bangalore,97310,15,581,5,222,Yearly,UPI,No,10,4,1
CUST2775,31,Male,Mumbai,37802,24,2837,4,222,Quarterly,Credit Card,No,1,4,1
CUST2776,28,Male,Hyderabad,70324,34,1930,2,399,Quarterly,Debit Card,Yes,25,9,1
CUST2777,34,Male,Hyderabad,84800,37,2560,5,369,Quarterly,Net Banking,Yes,1,10,1
CUST2778,53,Female,Mumbai,31799,56,1627,2,227,Quarterly,Credit Card,Yes,12,7,0
CUST2779,42,Male,Mumbai,98344,22,2589,1,273,Yearly,Credit Card,No,29,1,1
CUST2780,38,Female,Mumbai,46820,46,1030,4,302,Yearly,Net Banking,Yes,14,8,1
CUST2781,42,Female,Mumbai,46575,45,1903,6,110,Monthly,Credit Card,Yes,1,5,1
CUST2782,27,Male,Pune,37903,57,2787,5,233,Quarterly,Credit Card,No,3,6,1
CUST2783,36,Female,Delhi,99903,20,2973,5,124,Monthly,UPI,No,2,3,1
CUST2784,30,Male,Kolkata,67322,11,1932,5,535,Monthly,Debit Card,No,14,9,1
CUST2785,41,Male,Bangalore,39236,10,2704,6,358,Quarterly,Credit Card,Yes,29,5,1
CUST2786,32,Male,Pune,50096,53,1629,0,151,Monthly,Net Banking,Yes,30,6,1
CUST2787,26,Female,Pune,82148,6,1178,6,272,Yearly,Credit Card,No,12,6,1
CUST2788,24,Female,Pune,73201,52,2168,2,535,Monthly,UPI,No,25,3,1
CUST2789,56,Male,Mumbai,35028,22,1107,2,252,Quarterly,Debit Card,Yes,13,5,1
CUST2790,29,Female,Kolkata,54767,20,2517,3,336,Monthly,Net Banking,No,4,4,1
CUST2791,30,Male,Mumbai,83839,26,1975,0,88,Quarterly,Debit Card,No,13,9,0
CUST2792,59,Male,Hyderabad,40002,14,898,2,527,Yearly,Net Banking,Yes,14,9,0
CUST2793,28,Female,Mumbai,64189,6,2050,3,389,Monthly,Credit Card,Yes,1,10,0
CUST2794,26,Male,Kolkata,57215,7,2682,1,415,Yearly,Credit Card,Yes,15,2,1
CUST2795,35,Female,Bangalore,46772,11,1203,4,142,Quarterly,Net Banking,No,22,4,1
CUST2796,36,Female,Delhi,55874,22,1173,0,233,Monthly,Debit Card,Yes,25,8,1
CUST2797,38,Male,Bangalore,87033,28,1516,1,528,Monthly,Credit Card,Yes,18,8,1
CUST2798,37,Male,Mumbai,97641,18,1731,6,164,Monthly,Debit Card,No,12,2,1
CUST2799,31,Male,Hyderabad,40068,3,1606,4,73,Quarterly,Debit Card,No,3,6,1
CUST2800,35,Female,Pune,39859,45,1104,2,323,Quarterly,Credit Card,No,16,4,1
CUST2801,45,Female,Chennai,36114,44,2086,2,149,Monthly,Credit Card,No,4,1,1
CUST2802,23,Male,Kolkata,73148,58,688,4,187,Quarterly,Net Banking,Yes,2,3,1
CUST2803,45,Male,Chennai,86680,49,2877,1,100,Quarterly,Net Banking,No,25,3,1
CUST2804,45,Male,Chennai,48510,41,2727,3,289,Monthly,UPI,Yes,6,4,1
CUST2805,26,Female,Pune,48728,44,2907,4,386,Monthly,Net Banking,No,29,7,1
CUST2806,32,Female,Hyderabad,82748,14,1711,0,540,Monthly,Debit Card,No,30,2,1
CUST2807,39,Male,Delhi,69433,7,2287,1,171,Quarterly,Credit Card,Yes,15,2,1
CUST2808,51,Male,Bangalore,45389,18,530,3,362,Yearly,Net Banking,No,20,1,1
CUST2809,56,Male,Bangalore,39321,33,2777,2,400,Quarterly,Net Banking,Yes,4,4,1
CUST2810,24,Female,Hyderabad,55727,32,592,6,287,Monthly,Debit Card,Yes,21,6,1
CUST2811,49,Female,Kolkata,40991,42,2071,4,338,Monthly,Credit Card,No,14,9,1
CUST2812,32,Male,Kolkata,45729,11,1188,1,40,Yearly,Net Banking,Yes,18,3,1
CUST2813,36,Male,Delhi,68218,31,2895,5,441,Quarterly,UPI,Yes,25,4,1
CUST2814,49,Male,Bangalore,33992,11,2164,2,257,Quarterly,UPI,No,2,2,1
CUST2815,34,Male,Hyderabad,88817,11,2097,5,509,Quarterly,Debit Card,No,26,2,1
CUST2816,59,Female,Hyderabad,67403,10,969,6,496,Yearly,Debit Card,No,17,8,1
CUST2817,57,Male,Hyderabad,58255,58,1261,5,337,Quarterly,Debit Card,Yes,4,10,1
CUST2818,57,Female,Hyderabad,94509,9,1331,3,279,Yearly,Credit Card,Yes,30,8,1
CUST2819,25,Male,Hyderabad,93130,58,1932,4,37,Monthly,Credit Card,No,9,4,1
CUST2820,28,Male,Hyderabad,68623,8,1506,2,112,Quarterly,Net Banking,No,7,6,0
CUST2821,40,Male,Mumbai,60008,28,1860,1,432,Yearly,Debit Card,No,11,10,0
CUST2822,44,Male,Hyderabad,30386,18,2700,2,378,Monthly,Debit Card,Yes,22,2,1
CUST2823,36,Male,Pune,62521,21,1777,3,381,Quarterly,UPI,No,10,7,0
CUST2824,44,Female,Pune,88334,4,871,0,281,Monthly,UPI,No,3,5,1
CUST2825,23,Female,Delhi,34288,15,1580,0,227,Quarterly,Net Banking,Yes,7,3,1
CUST2826,22,Male,Mumbai,86614,19,1183,3,362,Yearly,UPI,No,28,6,1
CUST2827,51,Male,Kolkata,44507,20,2271,2,195,Quarterly,UPI,Yes,27,10,1
CUST2828,55,Female,Hyderabad,96600,57,820,5,364,Monthly,UPI,No,8,1,1
CUST2829,39,Male,Delhi,77455,33,2296,1,525,Quarterly,Net Banking,Yes,26,10,1
CUST2830,57,Male,Hyderabad,78022,40,504,1,174,Quarterly,Net Banking,Yes,7,1,1
CUST2831,49,Female,Mumbai,85013,22,2904,6,527,Quarterly,Debit Card,Yes,25,5,1
CUST2832,42,Female,Mumbai,80021,2,718,0,306,Monthly,Debit Card,No,4,3,1
CUST2833,23,Female,Chennai,85822,20,789,3,368,Quarterly,UPI,Yes,9,7,0
CUST2834,51,Male,Chennai,80138,44,1730,5,294,Monthly,Net Banking,No,13,7,1
CUST2835,57,Female,Hyderabad,57617,19,1423,6,133,Yearly,Net Banking,No,17,7,1
CUST2836,33,Female,Hyderabad,49708,14,1313,6,480,Yearly,Debit Card,No,15,3,1
CUST2837,45,Male,Pune,54583,5,2214,6,97,Quarterly,Credit Card,No,14,4,1
CUST2838,45,Female,Chennai,75538,15,1078,2,416,Quarterly,Net Banking,Yes,28,10,1
CUST2839,54,Female,Delhi,44255,16,1405,0,169,Monthly,Credit Card,Yes,25,8,1
CUST2840,53,Male,Mumbai,67996,37,2696,6,336,Quarterly,Debit Card,Yes,21,3,1
CUST2841,42,Female,Pune,39664,12,889,0,371,Monthly,Debit Card,Yes,2,8,0
CUST2842,32,Male,Kolkata,36402,42,2225,5,35,Yearly,UPI,No,20,5,1
CUST2843,23,Male,Hyderabad,45065,31,2637,1,116,Yearly,Net Banking,Yes,26,6,1
CUST2844,44,Female,Chennai,67851,49,529,5,450,Monthly,Credit Card,Yes,23,1,1
CUST2845,55,Female,Mumbai,60194,22,2938,0,178,Quarterly,Net Banking,No,16,4,1
CUST2846,40,Female,Chennai,70751,32,2754,4,424,Quarterly,UPI,No,15,2,1
CUST2847,25,Male,Kolkata,57299,48,1633,3,231,Quarterly,Credit Card,Yes,8,6,0
CUST2848,43,Male,Pune,72637,17,1986,1,300,Monthly,Net Banking,No,1,8,0
CUST2849,33,Male,Hyderabad,98617,46,1757,1,273,Quarterly,Credit Card,Yes,29,6,1
CUST2850,37,Male,Mumbai,67756,9,738,5,444,Yearly,Net Banking,Yes,9,4,1
CUST2851,47,Male,Mumbai,65847,24,1915,2,396,Yearly,Credit Card,No,16,10,1
CUST2852,43,Female,Mumbai,45414,9,2157,1,475,Monthly,Debit Card,Yes,12,4,1
CUST2853,58,Female,Delhi,30903,1,1487,5,76,Yearly,UPI,No,4,5,1
CUST2854,32,Male,Pune,64052,50,1547,6,369,Quarterly,Credit Card,No,28,5,1
CUST2855,51,Male,Kolkata,54064,22,1349,5,60,Yearly,Debit Card,No,6,8,1
CUST2856,46,Female,Delhi,96063,54,2311,1,466,Yearly,Net Banking,No,23,1,1
CUST2857,38,Female,Bangalore,38367,21,1701,5,252,Quarterly,UPI,Yes,3,1,1
CUST2858,47,Female,Chennai,81542,6,2703,6,471,Yearly,UPI,No,13,8,1
CUST2859,40,Male,Mumbai,36940,23,2301,2,206,Yearly,UPI,Yes,1,7,0
CUST2860,50,Male,Chennai,81500,3,806,6,296,Quarterly,UPI,No,22,2,1
CUST2861,56,Male,Delhi,33333,3,2097,4,541,Yearly,Debit Card,Yes,19,6,1
CUST2862,42,Female,Kolkata,97261,46,1977,5,334,Monthly,UPI,Yes,11,9,1
CUST2863,38,Female,Hyderabad,65575,39,2705,4,30,Monthly,UPI,No,25,9,1
CUST2864,29,Female,Mumbai,69492,30,2404,2,521,Quarterly,Credit Card,Yes,27,7,1
CUST2865,51,Male,Kolkata,86630,44,1678,4,467,Yearly,Debit Card,No,16,7,1
CUST2866,34,Female,Chennai,36265,16,2915,6,276,Monthly,Debit Card,No,27,7,1
CUST2867,56,Female,Hyderabad,91339,35,2789,5,143,Monthly,Net Banking,Yes,19,4,1
CUST2868,53,Male,Delhi,47084,40,787,1,452,Quarterly,Net Banking,Yes,20,2,1
CUST2869,36,Male,Bangalore,60932,2,2408,2,349,Yearly,Credit Card,Yes,9,9,1
CUST2870,28,Female,Chennai,60632,54,1588,1,161,Yearly,Net Banking,Yes,14,4,1
CUST2871,23,Male,Delhi,51695,14,2183,0,220,Yearly,Net Banking,No,14,5,1
CUST2872,44,Male,Hyderabad,56015,8,2258,4,45,Quarterly,Debit Card,No,8,10,1
CUST2873,48,Female,Chennai,78231,41,1558,0,337,Quarterly,Net Banking,No,15,5,1
CUST2874,48,Female,Pune,51584,40,1892,1,60,Quarterly,Net Banking,No,29,5,1
CUST2875,55,Male,Mumbai,92497,51,1450,2,107,Yearly,Credit Card,Yes,14,6,0
CUST2876,56,Female,Kolkata,69023,29,2423,4,174,Yearly,Credit Card,No,28,2,1
CUST2877,47,Female,Bangalore,46007,34,517,6,184,Yearly,Credit Card,Yes,16,10,1
CUST2878,31,Female,Hyderabad,71291,22,1027,3,104,Yearly,Debit Card,No,20,3,1
CUST2879,22,Male,Chennai,73290,3,1553,0,338,Quarterly,Debit Card,No,29,6,1
CUST2880,58,Female,Bangalore,72800,4,2227,6,120,Monthly,Net Banking,No,8,7,1
CUST2881,36,Female,Bangalore,47310,39,1122,5,343,Quarterly,Net Banking,No,23,10,1
CUST2882,39,Male,Delhi,81843,47,886,6,67,Quarterly,Credit Card,No,1,1,1
CUST2883,47,Male,Kolkata,71521,16,1305,1,327,Yearly,Debit Card,No,5,10,0
CUST2884,49,Male,Kolkata,89019,20,2596,5,75,Monthly,Credit Card,No,3,4,1
CUST2885,39,Male,Mumbai,69979,2,2820,1,87,Yearly,UPI,Yes,21,1,1
CUST2886,45,Male,Mumbai,34861,31,2101,2,487,Yearly,Credit Card,Yes,13,6,0
CUST2887,44,Male,Pune,65571,23,898,1,160,Monthly,Credit Card,Yes,23,4,1
CUST2888,29,Female,Kolkata,39745,41,1209,2,172,Quarterly,Credit Card,Yes,5,10,0
CUST2889,26,Female,Delhi,73336,7,1820,3,39,Yearly,UPI,No,30,10,1
CUST2890,25,Female,Kolkata,45589,24,2625,0,222,Yearly,UPI,Yes,17,8,1
CUST2891,48,Male,Kolkata,60982,9,862,2,407,Monthly,UPI,Yes,12,5,1
CUST2892,24,Female,Mumbai,92798,21,2045,0,337,Monthly,Credit Card,Yes,6,2,1
CUST2893,50,Male,Pune,51159,33,2871,4,258,Quarterly,UPI,Yes,30,4,1
CUST2894,44,Male,Chennai,39840,25,1769,6,348,Quarterly,Credit Card,Yes,2,4,1
CUST2895,58,Male,Bangalore,78469,51,1557,6,238,Yearly,UPI,Yes,30,8,1
CUST2896,45,Female,Kolkata,45234,45,2358,6,506,Yearly,UPI,No,18,10,1
CUST2897,53,Female,Bangalore,62294,9,1755,5,221,Yearly,Net Banking,No,20,2,1
CUST2898,34,Female,Delhi,77387,25,1148,3,279,Yearly,Credit Card,Yes,17,5,1
CUST2899,44,Male,Delhi,69244,55,2045,5,461,Yearly,UPI,Yes,11,10,1
CUST2900,24,Female,Delhi,34942,60,871,4,185,Quarterly,Debit Card,Yes,6,1,1
CUST2901,36,Female,Bangalore,69242,56,1874,3,255,Quarterly,Net Banking,Yes,20,10,1
CUST2902,51,Male,Bangalore,39388,20,1296,1,186,Quarterly,Net Banking,No,23,9,1
CUST2903,42,Female,Bangalore,30111,43,1661,0,361,Monthly,UPI,Yes,30,3,1
CUST2904,54,Male,Bangalore,47809,14,777,4,526,Quarterly,Net Banking,Yes,11,4,1
CUST2905,36,Female,Hyderabad,49491,47,937,5,61,Quarterly,Debit Card,No,26,6,1
CUST2906,54,Male,Chennai,59945,41,2826,2,31,Quarterly,UPI,No,2,6,0
CUST2907,50,Male,Kolkata,95267,46,2927,2,314,Quarterly,Net Banking,Yes,23,5,1
CUST2908,57,Male,Hyderabad,80646,45,1027,6,191,Monthly,Net Banking,No,18,1,1
CUST2909,39,Female,Mumbai,64169,40,926,6,549,Yearly,UPI,Yes,13,2,1
CUST2910,53,Male,Pune,36834,54,2295,3,452,Quarterly,Debit Card,No,20,8,1
CUST2911,45,Female,Kolkata,39496,36,2874,1,215,Yearly,Net Banking,Yes,15,1,1
CUST2912,46,Female,Delhi,42420,19,1719,5,311,Monthly,Net Banking,Yes,17,7,1
CUST2913,30,Female,Mumbai,90972,52,1281,6,422,Monthly,Credit Card,Yes,15,5,1
CUST2914,41,Male,Kolkata,50551,32,1672,0,134,Monthly,UPI,Yes,19,10,1
CUST2915,52,Male,Pune,94771,43,541,2,521,Yearly,Credit Card,Yes,23,5,1
CUST2916,52,Male,Mumbai,79862,17,1771,2,68,Monthly,Net Banking,Yes,28,3,1
CUST2917,51,Female,Delhi,60498,58,1936,1,475,Monthly,Debit Card,No,20,6,1
CUST2918,35,Female,Mumbai,75986,28,2065,1,380,Monthly,Debit Card,No,5,3,1
CUST2919,35,Male,Hyderabad,34158,36,2187,4,394,Monthly,Debit Card,Yes,22,8,1
CUST2920,36,Male,Delhi,73888,5,1639,3,270,Monthly,Credit Card,No,30,6,1
CUST2921,37,Male,Chennai,54686,40,606,2,191,Yearly,Credit Card,No,27,4,1
CUST2922,48,Male,Delhi,74104,5,1766,5,288,Quarterly,Net Banking,No,30,5,1
CUST2923,56,Male,Pune,81163,32,925,4,246,Quarterly,Credit Card,No,3,6,1
CUST2924,45,Male,Hyderabad,36566,54,2962,6,69,Monthly,Credit Card,No,1,9,1
CUST2925,57,Male,Pune,92103,31,2081,4,495,Yearly,Credit Card,No,1,4,1
CUST2926,49,Male,Kolkata,44735,16,1541,1,493,Monthly,Net Banking,No,23,8,1
CUST2927,32,Male,Delhi,59696,12,2028,5,505,Yearly,Debit Card,No,13,10,1
CUST2928,38,Female,Delhi,50511,8,2665,6,103,Quarterly,Net Banking,No,15,7,1
CUST2929,31,Male,Pune,96008,60,613,2,342,Yearly,Debit Card,No,10,3,1
CUST2930,36,Female,Kolkata,50943,2,2487,4,314,Monthly,Credit Card,Yes,17,10,1
CUST2931,48,Female,Hyderabad,44708,41,1327,3,343,Yearly,Credit Card,Yes,9,10,0
CUST2932,59,Male,Pune,36563,52,2244,2,538,Quarterly,Net Banking,Yes,14,1,1
CUST2933,34,Female,Hyderabad,53528,27,756,0,174,Monthly,Net Banking,No,16,2,1
CUST2934,55,Female,Pune,86333,54,2734,0,288,Quarterly,Debit Card,Yes,2,8,0
CUST2935,46,Male,Pune,82185,31,2556,5,113,Yearly,Debit Card,No,21,9,1
CUST2936,59,Female,Delhi,50872,39,1201,3,439,Monthly,Debit Card,Yes,25,5,1
CUST2937,37,Male,Chennai,88326,39,1542,3,500,Yearly,Credit Card,Yes,11,5,1
CUST2938,56,Male,Pune,33526,22,2122,6,537,Yearly,Debit Card,No,4,2,1
CUST2939,44,Male,Kolkata,88465,34,2262,0,185,Yearly,Net Banking,Yes,14,2,1
CUST2940,32,Male,Delhi,86416,57,1066,1,146,Monthly,UPI,Yes,29,5,1
CUST2941,25,Female,Delhi,49644,28,2493,3,210,Yearly,Debit Card,Yes,21,5,1
CUST2942,48,Female,Bangalore,96846,27,1117,0,291,Yearly,UPI,No,11,2,1
CUST2943,41,Male,Mumbai,56558,53,1224,4,50,Monthly,Credit Card,Yes,19,4,1
CUST2944,34,Female,Kolkata,47335,13,2479,2,286,Monthly,Debit Card,Yes,8,1,1
CUST2945,42,Female,Mumbai,70533,15,2597,6,333,Monthly,Credit Card,Yes,7,1,1
CUST2946,25,Male,Hyderabad,38043,45,2935,4,484,Monthly,Debit Card,No,9,1,1
CUST2947,37,Female,Pune,55909,47,1589,0,394,Quarterly,UPI,No,23,6,1
CUST2948,29,Male,Hyderabad,95382,25,1091,2,174,Quarterly,UPI,No,18,1,1
CUST2949,26,Male,Hyderabad,39039,15,2845,5,333,Quarterly,Debit Card,No,19,8,1
CUST2950,31,Female,Pune,72500,52,2957,5,393,Yearly,UPI,Yes,23,9,1
CUST2951,41,Male,Kolkata,99211,44,1452,4,137,Quarterly,Debit Card,No,1,4,1
CUST2952,51,Female,Delhi,36472,45,1252,0,385,Quarterly,Net Banking,No,14,3,1
CUST2953,28,Female,Kolkata,41066,3,2335,6,135,Yearly,Net Banking,Yes,2,10,1
CUST2954,25,Female,Bangalore,73152,17,1873,6,245,Yearly,Debit Card,No,29,4,1
CUST2955,59,Male,Mumbai,71534,29,2310,2,314,Monthly,UPI,Yes,24,4,1
CUST2956,56,Male,Kolkata,38261,59,1802,6,331,Monthly,Debit Card,No,12,4,1
CUST2957,29,Female,Kolkata,88177,13,2971,0,242,Monthly,Credit Card,Yes,20,4,1
CUST2958,59,Female,Hyderabad,76627,48,682,4,194,Yearly,UPI,Yes,15,10,1
CUST2959,28,Male,Chennai,60694,22,1226,1,431,Monthly,Net Banking,Yes,14,10,0
CUST2960,51,Male,Hyderabad,50998,5,2593,1,426,Quarterly,UPI,Yes,25,8,1
CUST2961,29,Female,Chennai,97173,15,2370,0,325,Yearly,UPI,No,19,4,1
CUST2962,36,Female,Bangalore,81042,6,977,0,348,Yearly,Debit Card,Yes,8,10,0
CUST2963,36,Male,Chennai,62780,24,2817,3,99,Monthly,UPI,No,30,8,1
CUST2964,46,Male,Mumbai,98748,33,2579,2,289,Quarterly,Credit Card,No,24,7,1
CUST2965,50,Female,Delhi,88260,30,2125,3,96,Yearly,Net Banking,Yes,17,5,1
CUST2966,46,Female,Bangalore,59974,44,942,0,428,Yearly,Net Banking,No,17,2,1
CUST2967,38,Female,Chennai,98531,58,2716,3,289,Yearly,UPI,No,13,4,1
CUST2968,28,Male,Kolkata,52061,59,660,0,369,Quarterly,Debit Card,No,4,1,1
CUST2969,55,Male,Chennai,43786,21,2123,6,512,Monthly,Debit Card,Yes,25,7,1
CUST2970,30,Male,Pune,57835,13,630,3,545,Yearly,UPI,No,11,7,0
CUST2971,47,Female,Pune,85831,43,1280,4,324,Monthly,Net Banking,No,19,3,1
CUST2972,40,Female,Pune,40965,47,875,5,233,Yearly,Debit Card,No,29,5,1
CUST2973,32,Female,Chennai,79892,48,1585,1,137,Quarterly,Debit Card,Yes,27,5,1
CUST2974,33,Male,Chennai,67117,38,2634,4,54,Monthly,UPI,Yes,30,4,1
CUST2975,51,Female,Hyderabad,47373,13,1437,6,469,Monthly,Net Banking,No,15,8,1
CUST2976,45,Female,Kolkata,36360,17,1018,4,504,Monthly,UPI,No,16,5,1
CUST2977,57,Female,Chennai,72348,31,1889,1,317,Quarterly,Net Banking,Yes,27,1,1
CUST2978,41,Female,Kolkata,35543,59,2463,4,499,Yearly,Debit Card,Yes,18,3,1
CUST2979,55,Male,Bangalore,48946,4,2936,1,337,Monthly,UPI,Yes,29,2,1
CUST2980,33,Male,Kolkata,65162,5,1166,6,62,Quarterly,Net Banking,No,4,5,1
CUST2981,45,Male,Bangalore,61147,31,2763,0,359,Quarterly,Credit Card,Yes,17,1,1
CUST2982,23,Male,Chennai,89998,25,678,2,174,Yearly,UPI,Yes,12,2,1
CUST2983,27,Female,Hyderabad,47352,5,1168,4,486,Quarterly,UPI,Yes,28,7,1
CUST2984,29,Male,Hyderabad,87114,8,1769,4,500,Yearly,Debit Card,No,6,3,1
CUST2985,26,Female,Mumbai,90360,7,687,3,154,Monthly,Net Banking,Yes,15,2,1
CUST2986,34,Male,Delhi,47013,48,1274,5,349,Monthly,Debit Card,No,7,2,1
CUST2987,51,Female,Hyderabad,70565,20,1434,2,428,Quarterly,Net Banking,Yes,26,3,1
CUST2988,55,Male,Delhi,35363,5,1510,4,200,Yearly,UPI,No,1,6,1
CUST2989,36,Male,Delhi,39369,18,2595,0,30,Yearly,UPI,Yes,11,9,0
CUST2990,44,Female,Mumbai,74138,45,2945,5,476,Monthly,Net Banking,No,18,5,1
CUST2991,50,Female,Kolkata,33051,11,633,2,537,Yearly,Net Banking,No,2,6,0
CUST2992,24,Female,Kolkata,34721,31,2708,5,184,Monthly,UPI,Yes,6,3,1
CUST2993,51,Male,Chennai,67078,2,2170,1,68,Quarterly,Debit Card,No,11,3,1
CUST2994,53,Male,Delhi,66176,48,1270,0,103,Yearly,Net Banking,No,21,8,1
CUST2995,39,Female,Pune,53398,10,1441,2,473,Monthly,Net Banking,Yes,1,4,1
CUST2996,47,Male,Delhi,31561,22,952,2,479,Yearly,UPI,Yes,3,9,0
CUST2997,39,Male,Kolkata,58330,12,2038,1,464,Quarterly,Net Banking,Yes,9,3,1
CUST2998,44,Female,Hyderabad,97699,24,2353,1,389,Yearly,UPI,Yes,9,8,0
CUST2999,38,Female,Pune,71862,17,1642,5,287,Quarterly,Debit Card,No,3,3,1
CUST3000,54,Female,Kolkata,32164,10,2592,0,263,Quarterly,UPI,Yes,23,3,1
CUST3001,39,Female,Kolkata,99081,31,1363,4,217,Quarterly,UPI,Yes,18,1,1
CUST3002,35,Male,Kolkata,38129,51,943,1,321,Monthly,Credit Card,No,30,1,1
CUST3003,42,Female,Delhi,72240,32,599,6,292,Quarterly,Debit Card,Yes,22,9,1
CUST3004,31,Female,Pune,84391,8,2766,1,152,Yearly,Net Banking,Yes,20,6,1
CUST3005,32,Male,Chennai,41154,39,1355,1,128,Monthly,Net Banking,No,20,5,1
CUST3006,40,Female,Hyderabad,56292,24,555,5,51,Yearly,Net Banking,Yes,4,9,1
CUST3007,31,Female,Mumbai,60273,8,1748,2,67,Monthly,UPI,Yes,11,10,0
CUST3008,22,Male,Hyderabad,41330,9,893,3,434,Monthly,UPI,No,1,3,1
CUST3009,26,Female,Delhi,53289,49,1083,0,189,Yearly,Credit Card,Yes,6,1,1
CUST3010,42,Female,Mumbai,45494,7,610,6,312,Quarterly,Debit Card,No,8,9,1
CUST3011,49,Female,Pune,78070,47,2889,1,399,Monthly,Net Banking,No,1,7,0
CUST3012,24,Female,Bangalore,31293,44,560,3,301,Monthly,Debit Card,Yes,16,6,1
CUST3013,26,Male,Hyderabad,51747,25,1957,5,348,Yearly,Net Banking,No,30,8,1
CUST3014,47,Male,Kolkata,30058,13,2463,2,247,Quarterly,UPI,Yes,23,7,1
CUST3015,22,Male,Mumbai,51383,4,584,5,466,Quarterly,Net Banking,Yes,26,5,1
CUST3016,24,Male,Delhi,73794,1,2576,6,148,Yearly,Debit Card,Yes,20,9,1
CUST3017,44,Male,Delhi,91572,7,1708,1,270,Monthly,Net Banking,Yes,13,4,1
CUST3018,29,Female,Kolkata,63700,45,2171,0,34,Monthly,UPI,No,28,5,1
CUST3019,38,Female,Delhi,75704,2,1491,2,36,Quarterly,Credit Card,Yes,30,10,1
CUST3020,24,Male,Chennai,48226,51,2620,1,151,Monthly,Debit Card,Yes,15,10,0
CUST3021,22,Female,Mumbai,82189,57,1090,0,367,Monthly,Credit Card,Yes,1,8,0
CUST3022,24,Female,Kolkata,32064,48,1839,0,374,Yearly,Credit Card,No,30,9,1
CUST3023,33,Male,Delhi,45324,25,614,3,467,Quarterly,Credit Card,Yes,25,4,1
CUST3024,35,Female,Delhi,57949,38,2480,0,321,Yearly,UPI,No,10,7,0
CUST3025,57,Female,Bangalore,42303,14,1859,0,545,Quarterly,UPI,No,29,8,1
CUST3026,27,Female,Kolkata,96046,39,2932,2,261,Quarterly,Debit Card,Yes,25,3,1
CUST3027,22,Female,Kolkata,67696,39,2528,5,253,Quarterly,Credit Card,No,1,6,1
CUST3028,51,Male,Delhi,89757,4,1738,6,457,Monthly,UPI,No,25,1,1
CUST3029,36,Male,Kolkata,74258,55,2023,3,122,Yearly,UPI,No,12,1,1
CUST3030,22,Male,Pune,62046,2,2340,5,422,Yearly,UPI,Yes,21,4,1
CUST3031,27,Male,Hyderabad,44071,14,2618,0,405,Yearly,Debit Card,Yes,23,3,1
CUST3032,23,Female,Hyderabad,49874,36,2023,5,196,Monthly,Debit Card,Yes,12,4,1
CUST3033,31,Male,Pune,99381,57,2705,5,128,Quarterly,Credit Card,Yes,17,10,1
CUST3034,53,Female,Delhi,92185,42,1078,1,302,Monthly,Credit Card,No,27,2,1
CUST3035,40,Female,Hyderabad,83079,5,1675,2,443,Yearly,UPI,No,15,6,1
CUST3036,55,Male,Delhi,62959,41,2387,3,338,Quarterly,Net Banking,No,26,8,1
CUST3037,43,Female,Kolkata,59190,22,2065,5,386,Quarterly,Credit Card,Yes,16,5,1
CUST3038,24,Female,Mumbai,80710,10,1528,6,492,Yearly,Net Banking,Yes,18,9,1
CUST3039,29,Male,Pune,45764,2,777,6,253,Yearly,Net Banking,No,8,4,1
CUST3040,51,Female,Chennai,99201,53,2256,6,126,Yearly,Net Banking,Yes,20,2,1
CUST3041,54,Male,Delhi,66230,51,847,0,92,Monthly,Credit Card,No,24,7,1
CUST3042,55,Female,Kolkata,47426,31,1344,0,53,Yearly,Net Banking,Yes,5,7,0
CUST3043,40,Female,Mumbai,64720,32,1454,3,386,Quarterly,UPI,Yes,9,9,0
CUST3044,32,Male,Mumbai,56720,19,1580,1,31,Quarterly,UPI,No,19,6,1
CUST3045,53,Male,Bangalore,86831,8,1229,5,360,Yearly,Credit Card,No,9,4,1
CUST3046,41,Female,Mumbai,80302,9,2235,3,44,Monthly,Net Banking,No,2,8,0
CUST3047,54,Female,Chennai,78232,41,818,2,306,Yearly,Net Banking,Yes,5,3,1
CUST3048,42,Male,Delhi,48883,49,1443,0,503,Yearly,Credit Card,Yes,30,4,1
CUST3049,56,Female,Chennai,58357,33,1288,6,68,Monthly,Credit Card,Yes,2,10,1
CUST3050,36,Female,Mumbai,60657,24,1060,3,158,Monthly,UPI,Yes,1,4,1
CUST3051,41,Female,Chennai,52343,1,1950,0,103,Yearly,Net Banking,Yes,12,9,1
CUST3052,28,Female,Chennai,68079,12,2786,0,482,Yearly,Debit Card,Yes,14,2,1
CUST3053,38,Female,Delhi,84818,55,1076,2,65,Quarterly,Debit Card,No,15,3,1
CUST3054,26,Female,Bangalore,43418,39,2727,3,368,Monthly,Credit Card,Yes,15,4,1
CUST3055,33,Female,Delhi,40223,43,2581,0,78,Yearly,UPI,No,18,9,1
CUST3056,50,Male,Hyderabad,40348,5,2571,4,344,Monthly,UPI,Yes,6,1,1
CUST3057,31,Male,Delhi,70416,23,1517,5,296,Monthly,Net Banking,Yes,24,8,1
CUST3058,28,Female,Mumbai,80801,21,2978,3,271,Quarterly,UPI,No,30,6,1
CUST3059,58,Female,Kolkata,60486,13,2756,6,45,Yearly,Net Banking,No,9,10,1
CUST3060,49,Female,Hyderabad,54942,12,1752,6,469,Monthly,Debit Card,Yes,18,4,1
CUST3061,23,Male,Chennai,92286,38,2143,4,207,Monthly,Debit Card,No,27,4,1
CUST3062,57,Male,Pune,83629,33,2690,5,271,Monthly,Net Banking,No,14,3,1
CUST3063,50,Female,Pune,62750,27,1646,6,371,Monthly,UPI,Yes,3,6,1
CUST3064,28,Female,Kolkata,92325,1,1222,6,361,Quarterly,Credit Card,Yes,20,7,1
CUST3065,46,Male,Mumbai,43149,59,2608,4,124,Yearly,UPI,No,18,9,1
CUST3066,40,Male,Bangalore,61016,59,1193,6,260,Monthly,Credit Card,Yes,22,2,1
CUST3067,37,Female,Chennai,30129,36,775,2,405,Yearly,Debit Card,Yes,30,7,1
CUST3068,23,Female,Mumbai,82249,57,1264,4,272,Monthly,Credit Card,No,24,4,1
CUST3069,55,Female,Bangalore,30737,54,2091,6,305,Yearly,Credit Card,Yes,18,9,1
CUST3070,41,Female,Mumbai,62920,53,1921,3,456,Quarterly,UPI,No,11,7,0
CUST3071,33,Female,Kolkata,72095,5,1449,6,379,Yearly,Credit Card,Yes,15,6,1
CUST3072,45,Female,Bangalore,37837,37,2796,2,210,Yearly,UPI,No,7,7,0
CUST3073,37,Male,Mumbai,60804,55,2551,0,346,Monthly,Net Banking,Yes,15,3,1
CUST3074,26,Male,Bangalore,47388,18,2666,5,84,Yearly,Debit Card,No,9,4,1
CUST3075,26,Female,Bangalore,82776,45,2877,2,237,Monthly,Debit Card,No,30,4,1
CUST3076,42,Female,Mumbai,32919,45,1858,3,212,Yearly,Credit Card,Yes,27,5,1
CUST3077,53,Male,Mumbai,52277,30,2829,4,298,Monthly,Credit Card,Yes,29,5,1
CUST3078,46,Male,Pune,70670,20,2363,3,434,Quarterly,UPI,Yes,19,4,1
CUST3079,36,Male,Pune,64841,54,894,4,410,Monthly,Credit Card,Yes,11,3,1
CUST3080,55,Male,Hyderabad,88176,3,1462,3,427,Monthly,Credit Card,Yes,20,10,1
CUST3081,26,Male,Hyderabad,83616,15,1945,5,472,Monthly,Credit Card,No,17,8,1
CUST3082,29,Female,Pune,71247,31,2588,2,184,Yearly,UPI,No,24,3,1
CUST3083,47,Female,Kolkata,39780,51,2456,0,209,Yearly,Credit Card,No,22,3,1
CUST3084,53,Female,Kolkata,33975,14,1131,2,437,Yearly,UPI,Yes,13,8,0
CUST3085,52,Male,Hyderabad,76745,18,1517,1,86,Monthly,Credit Card,No,7,6,0
CUST3086,37,Female,Bangalore,88171,33,1126,2,515,Monthly,Credit Card,No,4,4,1
CUST3087,25,Female,Pune,32056,40,1318,0,171,Monthly,UPI,No,22,4,1
CUST3088,48,Female,Kolkata,98650,3,2129,5,374,Quarterly,Net Banking,Yes,28,10,1
CUST3089,50,Female,Hyderabad,66085,1,520,6,437,Quarterly,Credit Card,Yes,9,6,1
CUST3090,47,Male,Chennai,69095,35,2546,0,179,Yearly,Credit Card,Yes,1,5,1
CUST3091,30,Male,Hyderabad,39445,19,1595,1,426,Yearly,Debit Card,No,20,4,1
CUST3092,58,Female,Mumbai,99854,25,2952,0,358,Quarterly,UPI,Yes,10,10,0
CUST3093,23,Female,Bangalore,89196,14,2624,6,306,Quarterly,UPI,No,24,2,1
CUST3094,39,Male,Pune,81116,40,2445,3,342,Monthly,Credit Card,No,23,8,1
CUST3095,54,Female,Chennai,77411,31,2198,3,118,Yearly,Net Banking,No,13,10,0
CUST3096,55,Male,Chennai,97975,32,1424,5,497,Yearly,UPI,No,6,1,1
CUST3097,50,Male,Mumbai,52135,17,1554,4,157,Quarterly,Credit Card,No,6,9,1
CUST3098,58,Female,Bangalore,85037,2,1023,2,139,Monthly,UPI,No,8,5,1
CUST3099,56,Male,Delhi,48991,15,2946,4,268,Quarterly,Net Banking,No,17,4,1
CUST3100,43,Male,Delhi,72517,27,2657,6,409,Monthly,UPI,Yes,12,3,1
CUST3101,43,Male,Pune,69913,38,1263,0,63,Quarterly,Credit Card,No,4,9,0
CUST3102,36,Female,Mumbai,53485,45,1223,1,249,Monthly,UPI,Yes,19,3,1
CUST3103,37,Male,Hyderabad,64890,42,635,0,103,Yearly,Debit Card,No,30,2,1
CUST3104,56,Male,Mumbai,86317,43,549,2,332,Yearly,Debit Card,Yes,14,7,0
CUST3105,31,Female,Delhi,95950,29,1604,2,314,Quarterly,Debit Card,No,17,10,1
CUST3106,33,Female,Pune,61676,41,568,3,521,Monthly,Net Banking,Yes,16,9,1
CUST3107,52,Female,Pune,76978,53,1206,1,351,Monthly,UPI,Yes,24,8,1
CUST3108,56,Female,Hyderabad,90886,32,1482,1,134,Yearly,Credit Card,No,19,2,1
CUST3109,23,Male,Delhi,53636,35,2782,2,292,Quarterly,UPI,Yes,6,1,1
CUST3110,38,Male,Bangalore,82077,42,1873,5,364,Quarterly,Debit Card,Yes,25,1,1
CUST3111,56,Female,Mumbai,81524,5,1668,4,337,Yearly,UPI,No,14,10,1
CUST3112,50,Female,Chennai,50193,40,1268,4,194,Yearly,Net Banking,No,29,5,1
CUST3113,53,Female,Mumbai,77027,24,2374,3,81,Monthly,Net Banking,No,1,7,0
CUST3114,38,Female,Mumbai,40977,43,2618,0,216,Yearly,Credit Card,Yes,3,6,0
CUST3115,59,Male,Hyderabad,45210,29,997,1,263,Yearly,UPI,No,5,7,0
CUST3116,42,Male,Mumbai,95911,26,802,4,50,Yearly,Credit Card,No,1,1,1
CUST3117,35,Male,Pune,45162,19,1317,3,291,Monthly,Net Banking,No,13,1,1
CUST3118,27,Male,Mumbai,68516,54,1976,6,426,Quarterly,Credit Card,No,11,7,1
CUST3119,24,Male,Kolkata,42089,25,1620,0,215,Yearly,Debit Card,Yes,24,6,1
CUST3120,44,Female,Chennai,88650,38,1640,4,143,Quarterly,Net Banking,No,23,4,1
CUST3121,38,Male,Chennai,59372,37,2839,6,290,Monthly,Credit Card,Yes,14,4,1
CUST3122,27,Female,Bangalore,99001,54,2771,6,139,Monthly,UPI,No,20,9,1
CUST3123,36,Male,Pune,59369,22,805,3,180,Yearly,UPI,Yes,12,3,1
CUST3124,52,Male,Delhi,89315,3,1679,2,235,Yearly,Net Banking,No,18,3,1
CUST3125,31,Male,Chennai,49504,15,1990,0,208,Yearly,UPI,Yes,16,8,1
CUST3126,22,Male,Mumbai,76982,53,658,1,59,Monthly,Net Banking,Yes,1,7,0
CUST3127,49,Female,Delhi,75168,3,2654,6,419,Yearly,Net Banking,Yes,6,7,1
CUST3128,51,Male,Mumbai,99110,18,2096,4,504,Quarterly,Debit Card,Yes,8,8,1
CUST3129,29,Male,Pune,54450,31,746,2,56,Monthly,Credit Card,Yes,9,9,0
CUST3130,54,Male,Kolkata,60041,28,1823,2,316,Yearly,Net Banking,Yes,21,1,1
CUST3131,41,Female,Chennai,94587,17,1154,1,527,Monthly,Net Banking,Yes,16,4,1
CUST3132,29,Male,Chennai,75153,46,962,3,415,Quarterly,UPI,No,17,10,1
CUST3133,31,Female,Hyderabad,62264,31,2997,5,48,Quarterly,UPI,Yes,17,1,1
CUST3134,31,Female,Delhi,99617,55,911,5,527,Monthly,Net Banking,No,20,2,1
CUST3135,22,Male,Bangalore,51883,3,706,3,423,Monthly,Net Banking,Yes,21,5,1
CUST3136,36,Male,Chennai,36861,15,2749,0,418,Quarterly,Debit Card,No,25,8,1
CUST3137,47,Female,Chennai,55287,22,1703,0,397,Yearly,UPI,No,12,9,0
CUST3138,31,Male,Delhi,90616,26,1049,5,250,Quarterly,Debit Card,Yes,15,6,1
CUST3139,26,Female,Pune,68973,23,543,3,76,Yearly,UPI,No,27,4,1
CUST3140,45,Female,Kolkata,93576,46,1642,6,207,Quarterly,Debit Card,Yes,27,6,1
CUST3141,26,Male,Bangalore,50917,44,925,4,515,Yearly,Net Banking,Yes,28,9,1
CUST3142,33,Male,Delhi,62632,25,2079,6,80,Yearly,UPI,Yes,21,2,1
CUST3143,34,Male,Hyderabad,85175,59,704,3,99,Quarterly,Credit Card,No,6,5,1
CUST3144,28,Female,Delhi,56190,56,906,3,131,Monthly,UPI,No,9,5,1
CUST3145,37,Female,Delhi,67677,2,2129,6,32,Yearly,Credit Card,Yes,14,7,1
CUST3146,22,Female,Chennai,98456,22,2945,3,202,Monthly,Net Banking,Yes,6,6,0
CUST3147,22,Male,Kolkata,49192,4,2678,0,49,Yearly,Net Banking,Yes,23,6,1
CUST3148,46,Male,Kolkata,82494,38,1717,0,342,Monthly,UPI,No,15,4,1
CUST3149,56,Male,Hyderabad,35833,14,2793,5,43,Quarterly,Debit Card,No,3,1,1
CUST3150,22,Female,Bangalore,68930,24,1783,3,445,Quarterly,Credit Card,Yes,9,7,0
CUST3151,37,Female,Mumbai,59075,10,1899,1,475,Monthly,Debit Card,Yes,26,6,1
CUST3152,24,Male,Chennai,49928,42,891,0,172,Monthly,Credit Card,Yes,21,3,1
CUST3153,25,Male,Mumbai,73560,57,2529,2,115,Yearly,Net Banking,No,20,5,1
CUST3154,52,Male,Chennai,50113,43,2394,5,305,Quarterly,Net Banking,No,18,6,1
CUST3155,39,Male,Delhi,94575,58,1085,4,158,Monthly,Credit Card,No,6,7,1
CUST3156,30,Female,Mumbai,45198,7,2902,4,175,Monthly,Net Banking,Yes,1,4,1
CUST3157,44,Female,Hyderabad,88186,52,764,5,421,Yearly,Net Banking,Yes,8,5,1
CUST3158,33,Female,Mumbai,40686,1,1794,0,495,Quarterly,UPI,Yes,6,10,1
CUST3159,47,Female,Bangalore,55063,59,1449,5,55,Yearly,Credit Card,Yes,19,7,1
CUST3160,57,Male,Kolkata,44248,54,2317,6,490,Yearly,Net Banking,Yes,4,8,1
CUST3161,47,Female,Hyderabad,33476,18,770,6,163,Quarterly,Debit Card,Yes,11,8,1
CUST3162,50,Male,Kolkata,69316,17,1387,0,270,Monthly,UPI,Yes,24,10,1
CUST3163,57,Male,Kolkata,33870,47,2581,1,391,Monthly,Net Banking,Yes,3,8,0
CUST3164,28,Female,Chennai,43003,58,2694,1,377,Monthly,Credit Card,No,30,3,1
CUST3165,50,Male,Hyderabad,75957,49,2369,5,49,Yearly,Credit Card,No,13,3,1
CUST3166,23,Male,Mumbai,37084,40,2915,4,399,Quarterly,Debit Card,Yes,2,4,1
CUST3167,36,Male,Hyderabad,66668,42,628,6,64,Yearly,Net Banking,No,19,7,1
CUST3168,34,Female,Pune,34601,3,737,0,461,Yearly,Credit Card,Yes,10,4,1
CUST3169,30,Male,Pune,70854,35,2346,6,384,Quarterly,Net Banking,No,2,9,1
CUST3170,38,Female,Hyderabad,89261,39,2181,6,175,Quarterly,Credit Card,Yes,24,7,1
CUST3171,33,Female,Bangalore,75076,26,661,1,254,Quarterly,Credit Card,Yes,22,4,1
CUST3172,27,Female,Mumbai,57606,45,606,4,132,Yearly,UPI,Yes,13,1,1
CUST3173,27,Female,Chennai,97782,48,1166,6,511,Monthly,Credit Card,No,26,9,1
CUST3174,44,Male,Delhi,87135,49,1099,6,512,Monthly,Credit Card,Yes,4,5,1
CUST3175,38,Male,Mumbai,39950,38,2941,5,527,Monthly,Credit Card,No,27,10,1
CUST3176,27,Male,Bangalore,66163,57,1635,5,36,Yearly,Net Banking,Yes,19,10,1
CUST3177,47,Male,Delhi,46057,31,2127,1,42,Yearly,Net Banking,No,18,7,1
CUST3178,32,Male,Kolkata,39868,51,1008,0,411,Yearly,UPI,Yes,29,8,1
CUST3179,26,Female,Kolkata,59858,19,2218,4,73,Yearly,UPI,No,14,6,1
CUST3180,43,Male,Kolkata,35704,49,2784,4,546,Yearly,Debit Card,Yes,29,6,1
CUST3181,43,Male,Mumbai,80946,28,2585,5,460,Yearly,Net Banking,Yes,14,9,1
CUST3182,59,Female,Bangalore,92958,44,2672,5,94,Yearly,Net Banking,No,25,4,1
CUST3183,36,Female,Chennai,69137,17,792,0,410,Quarterly,Net Banking,No,17,4,1
CUST3184,59,Male,Chennai,95214,1,1741,6,304,Quarterly,Credit Card,Yes,20,6,1
CUST3185,51,Female,Mumbai,94874,55,1537,4,369,Quarterly,UPI,Yes,26,9,1
CUST3186,30,Male,Kolkata,52568,48,1791,1,35,Yearly,UPI,No,18,2,1
CUST3187,40,Male,Delhi,38709,2,1282,0,185,Monthly,UPI,Yes,21,8,1
CUST3188,31,Male,Bangalore,79289,50,1212,3,437,Quarterly,Debit Card,Yes,19,1,1
CUST3189,25,Female,Delhi,41447,3,1053,3,163,Yearly,UPI,Yes,21,2,1
CUST3190,23,Female,Bangalore,32589,9,669,1,197,Yearly,UPI,No,24,1,1
CUST3191,38,Male,Bangalore,33484,36,2341,3,486,Quarterly,Net Banking,Yes,29,3,1
CUST3192,38,Male,Bangalore,88945,40,1784,2,260,Yearly,UPI,No,22,1,1
CUST3193,48,Male,Kolkata,87331,8,2875,6,396,Yearly,Debit Card,No,18,6,1
CUST3194,33,Female,Kolkata,66366,28,2026,5,508,Monthly,UPI,No,20,9,1
CUST3195,29,Female,Bangalore,38301,19,2854,1,214,Quarterly,Credit Card,No,4,6,0
CUST3196,24,Male,Hyderabad,79250,19,1310,4,295,Yearly,Credit Card,No,12,2,1
CUST3197,45,Female,Bangalore,78671,9,2635,6,416,Yearly,UPI,Yes,23,10,1
CUST3198,57,Female,Pune,90684,29,2457,2,375,Quarterly,Credit Card,Yes,20,5,1
CUST3199,41,Male,Pune,71997,8,1827,4,108,Quarterly,Credit Card,No,19,1,1
CUST3200,43,Female,Kolkata,92881,50,1574,2,413,Monthly,Credit Card,Yes,23,10,1
CUST3201,35,Male,Delhi,40728,8,1834,6,71,Quarterly,Debit Card,No,21,10,1
CUST3202,46,Female,Mumbai,64103,38,1097,0,141,Quarterly,UPI,Yes,15,6,0
CUST3203,25,Male,Hyderabad,92979,30,2485,4,200,Monthly,Credit Card,Yes,30,4,1
CUST3204,42,Female,Mumbai,46636,60,1736,4,545,Quarterly,Net Banking,No,1,10,1
CUST3205,23,Female,Mumbai,71400,45,1516,1,118,Quarterly,UPI,No,26,10,1
CUST3206,57,Female,Kolkata,64082,38,1774,0,128,Yearly,Debit Card,No,18,8,1
CUST3207,43,Male,Chennai,42588,7,2182,1,430,Quarterly,Net Banking,Yes,1,10,0
CUST3208,34,Female,Bangalore,88479,29,2205,5,226,Yearly,UPI,Yes,2,9,1
CUST3209,59,Female,Chennai,88535,41,2555,3,389,Yearly,UPI,No,3,3,1
CUST3210,55,Male,Bangalore,89231,49,963,3,187,Monthly,Net Banking,Yes,2,5,1
CUST3211,38,Female,Mumbai,99278,15,620,5,433,Monthly,Credit Card,Yes,5,7,1
CUST3212,39,Female,Delhi,77199,50,1486,1,458,Quarterly,Net Banking,No,28,2,1
CUST3213,23,Female,Mumbai,67443,13,1547,4,397,Yearly,Net Banking,Yes,6,10,1
CUST3214,50,Female,Chennai,49897,36,1013,6,390,Monthly,UPI,Yes,18,1,1
CUST3215,29,Female,Kolkata,87320,17,778,1,227,Quarterly,Net Banking,No,29,5,1
CUST3216,55,Male,Delhi,73025,42,829,5,46,Monthly,Credit Card,Yes,27,4,1
CUST3217,48,Female,Mumbai,35364,2,2325,6,190,Yearly,Credit Card,Yes,12,3,1
CUST3218,30,Female,Hyderabad,88185,17,2597,6,454,Yearly,Debit Card,Yes,10,4,1
CUST3219,57,Male,Hyderabad,46246,1,749,3,534,Monthly,UPI,No,2,1,1
CUST3220,59,Female,Pune,30891,21,1805,5,193,Yearly,Net Banking,Yes,5,1,1
CUST3221,22,Female,Chennai,52836,6,2840,1,278,Quarterly,UPI,No,21,5,1
CUST3222,47,Female,Bangalore,54232,51,1186,4,95,Quarterly,Debit Card,No,27,4,1
CUST3223,48,Female,Pune,55972,10,2176,3,247,Monthly,UPI,Yes,15,9,0
CUST3224,31,Female,Kolkata,48055,21,1992,5,139,Quarterly,UPI,Yes,1,8,1
CUST3225,43,Female,Kolkata,66253,9,1821,4,312,Monthly,UPI,Yes,25,6,1
CUST3226,53,Male,Hyderabad,34743,56,1857,6,439,Yearly,Credit Card,Yes,21,7,1
CUST3227,49,Male,Hyderabad,37163,39,659,4,236,Monthly,UPI,No,18,7,1
CUST3228,27,Male,Bangalore,54182,11,2779,3,453,Monthly,Net Banking,No,8,3,1
CUST3229,56,Female,Hyderabad,55412,35,2786,5,178,Yearly,Credit Card,Yes,15,8,1
CUST3230,38,Female,Kolkata,78017,34,1151,3,203,Monthly,Net Banking,Yes,11,9,0
CUST3231,31,Male,Bangalore,78192,53,1605,5,96,Quarterly,UPI,No,14,8,1
CUST3232,52,Female,Chennai,89183,19,566,0,507,Quarterly,UPI,No,14,3,1
CUST3233,40,Female,Kolkata,76408,7,1586,0,274,Yearly,Debit Card,No,7,9,0
CUST3234,25,Male,Hyderabad,41440,12,2169,1,157,Quarterly,Credit Card,Yes,3,2,1
CUST3235,25,Female,Delhi,88049,46,2613,1,283,Yearly,UPI,Yes,27,6,1
CUST3236,59,Female,Kolkata,98908,20,2440,6,246,Quarterly,Net Banking,No,27,2,1
CUST3237,29,Female,Chennai,56408,26,1551,3,252,Quarterly,UPI,Yes,16,3,1
CUST3238,31,Female,Kolkata,42901,48,2272,0,452,Yearly,UPI,Yes,4,3,1
CUST3239,57,Male,Kolkata,65391,60,831,5,118,Monthly,Debit Card,Yes,28,10,1
CUST3240,51,Male,Bangalore,50881,43,1634,4,243,Monthly,Debit Card,Yes,7,2,1
CUST3241,27,Female,Mumbai,72801,16,1894,0,209,Quarterly,Credit Card,No,5,7,0
CUST3242,22,Female,Hyderabad,97602,46,950,1,85,Quarterly,Credit Card,No,5,1,1
CUST3243,49,Male,Bangalore,71041,33,578,5,312,Quarterly,Credit Card,Yes,23,5,1
CUST3244,53,Male,Delhi,84587,45,2502,3,185,Monthly,Debit Card,No,24,10,1
CUST3245,41,Female,Delhi,43140,14,616,1,393,Quarterly,Debit Card,No,11,7,0
CUST3246,28,Male,Hyderabad,60608,18,2298,3,195,Yearly,UPI,No,11,10,0
CUST3247,37,Male,Mumbai,47970,11,1134,3,280,Monthly,Net Banking,Yes,8,3,1
CUST3248,23,Female,Kolkata,49195,38,1931,4,524,Quarterly,UPI,Yes,14,2,1
CUST3249,41,Male,Chennai,52184,48,2494,2,52,Quarterly,Debit Card,No,6,3,1
CUST3250,33,Male,Chennai,73805,31,1354,0,147,Yearly,UPI,Yes,6,3,1
CUST3251,25,Male,Bangalore,95074,29,793,0,421,Yearly,Credit Card,Yes,25,6,1
CUST3252,38,Female,Pune,54146,33,1760,6,306,Quarterly,Debit Card,Yes,3,2,1
CUST3253,56,Male,Hyderabad,74200,59,1707,4,297,Quarterly,Net Banking,Yes,28,1,1
CUST3254,41,Female,Bangalore,96535,49,520,3,467,Yearly,Debit Card,No,7,9,0
CUST3255,57,Female,Pune,81413,26,1338,6,69,Yearly,Debit Card,No,16,8,1
CUST3256,30,Male,Kolkata,78821,21,1362,6,225,Quarterly,UPI,Yes,20,10,1
CUST3257,47,Female,Kolkata,80314,29,1346,5,44,Yearly,Net Banking,No,11,4,1
CUST3258,55,Female,Hyderabad,33323,2,2271,2,107,Monthly,Debit Card,Yes,24,5,1
CUST3259,31,Female,Delhi,43487,9,1483,3,58,Yearly,Net Banking,Yes,28,10,1
CUST3260,44,Male,Mumbai,65098,31,1502,6,334,Yearly,Net Banking,No,22,4,1
CUST3261,35,Female,Hyderabad,57881,42,2463,1,436,Monthly,Credit Card,No,9,5,1
CUST3262,29,Female,Kolkata,74084,14,1722,6,527,Yearly,Debit Card,Yes,12,6,1
CUST3263,47,Female,Kolkata,35305,28,2016,5,159,Yearly,Credit Card,No,11,1,1
CUST3264,55,Male,Mumbai,72642,39,2501,4,407,Yearly,Debit Card,No,24,8,1
CUST3265,50,Female,Delhi,46494,8,1986,0,185,Monthly,UPI,Yes,17,10,1
CUST3266,55,Male,Mumbai,35818,31,2233,5,290,Yearly,Debit Card,No,5,4,1
CUST3267,26,Female,Bangalore,94042,6,1162,6,492,Monthly,UPI,Yes,23,6,1
CUST3268,30,Female,Hyderabad,80094,40,657,2,267,Yearly,UPI,Yes,15,4,1
CUST3269,51,Female,Chennai,90012,9,2606,5,280,Yearly,Net Banking,Yes,27,4,1
CUST3270,39,Male,Kolkata,57482,18,1875,1,274,Monthly,Credit Card,No,16,6,1
CUST3271,57,Male,Bangalore,79631,31,2712,5,331,Monthly,Credit Card,No,14,9,1
CUST3272,45,Male,Mumbai,39432,46,678,5,192,Yearly,UPI,No,17,10,1
CUST3273,25,Male,Kolkata,83450,47,962,5,437,Yearly,UPI,Yes,2,2,1
CUST3274,44,Male,Bangalore,43580,33,2234,6,455,Yearly,Debit Card,No,6,4,1
CUST3275,34,Male,Pune,43527,28,606,1,127,Quarterly,UPI,Yes,16,2,1
CUST3276,59,Female,Kolkata,30042,50,2077,6,217,Yearly,Credit Card,No,1,3,1
CUST3277,37,Female,Mumbai,66345,39,1648,0,116,Quarterly,Debit Card,Yes,21,9,1
CUST3278,55,Female,Hyderabad,35776,25,2397,5,60,Monthly,Net Banking,No,5,8,1
CUST3279,51,Female,Delhi,52340,12,2682,4,33,Yearly,Credit Card,No,18,10,1
CUST3280,24,Male,Delhi,87995,1,2318,2,46,Quarterly,UPI,No,8,4,1
CUST3281,38,Male,Kolkata,57106,38,733,5,175,Yearly,UPI,Yes,18,7,1
CUST3282,54,Male,Bangalore,41352,37,1934,0,270,Quarterly,Credit Card,No,10,9,0
CUST3283,41,Female,Delhi,57192,2,2922,6,441,Quarterly,Debit Card,No,13,2,1
CUST3284,35,Male,Bangalore,58273,2,1301,2,397,Yearly,UPI,No,22,9,1
CUST3285,52,Male,Mumbai,55933,29,1064,2,485,Quarterly,Credit Card,No,16,3,1
CUST3286,23,Female,Delhi,53439,19,899,6,215,Monthly,Credit Card,Yes,28,4,1
CUST3287,31,Female,Mumbai,71196,18,1314,5,38,Monthly,Debit Card,No,4,5,1
CUST3288,23,Male,Bangalore,79531,59,2913,2,147,Quarterly,Debit Card,No,28,7,1
CUST3289,57,Male,Chennai,65069,31,2196,6,473,Yearly,Credit Card,No,9,1,1
CUST3290,22,Female,Delhi,78534,48,915,2,150,Monthly,Net Banking,No,3,3,1
CUST3291,36,Female,Hyderabad,62400,50,2067,6,100,Monthly,Credit Card,Yes,5,10,1
CUST3292,42,Male,Hyderabad,88552,47,1338,4,360,Yearly,Net Banking,No,10,9,1
CUST3293,42,Female,Mumbai,83046,59,2715,2,456,Yearly,Credit Card,Yes,5,8,0
CUST3294,31,Female,Chennai,59815,59,1770,4,250,Monthly,Credit Card,Yes,5,10,1
CUST3295,33,Female,Chennai,39343,59,1216,5,133,Monthly,Credit Card,No,15,1,1
CUST3296,59,Male,Delhi,39524,52,2548,2,243,Quarterly,Net Banking,No,3,3,1
CUST3297,27,Male,Mumbai,86987,31,1531,4,391,Monthly,Credit Card,Yes,22,1,1
CUST3298,59,Male,Kolkata,81464,10,2759,5,250,Monthly,Debit Card,Yes,17,9,1
CUST3299,37,Male,Kolkata,35839,33,714,2,141,Yearly,Net Banking,Yes,26,2,1
CUST3300,50,Male,Bangalore,54260,24,912,4,409,Quarterly,Net Banking,No,26,8,1
CUST3301,24,Male,Chennai,34353,25,1779,2,453,Quarterly,Credit Card,Yes,2,3,1
CUST3302,22,Male,Pune,81389,27,1449,4,256,Yearly,Net Banking,Yes,9,5,1
CUST3303,59,Male,Hyderabad,92851,17,1137,4,242,Quarterly,Credit Card,No,21,6,1
CUST3304,32,Male,Kolkata,79294,50,985,4,322,Yearly,Credit Card,No,12,6,1
CUST3305,35,Female,Chennai,38463,25,2458,1,132,Yearly,Net Banking,No,2,3,1
CUST3306,46,Female,Pune,65939,16,2540,1,258,Quarterly,UPI,Yes,27,2,1
CUST3307,32,Male,Delhi,74544,13,1720,1,401,Monthly,Net Banking,No,17,3,1
CUST3308,48,Female,Mumbai,71504,53,626,4,446,Monthly,UPI,No,30,9,1
CUST3309,40,Male,Kolkata,45828,41,2120,0,71,Monthly,Credit Card,Yes,24,7,1
CUST3310,32,Female,Kolkata,58704,20,1115,3,189,Quarterly,Credit Card,No,1,10,0
CUST3311,25,Male,Mumbai,72692,5,719,2,408,Yearly,Net Banking,No,22,2,1
CUST3312,25,Female,Mumbai,76225,41,1894,1,263,Yearly,Net Banking,No,22,1,1
CUST3313,35,Female,Delhi,72078,10,2534,4,164,Monthly,UPI,Yes,19,7,1
CUST3314,29,Female,Delhi,57341,1,2928,4,288,Yearly,Net Banking,No,21,6,1
CUST3315,36,Female,Bangalore,56723,53,882,2,221,Quarterly,Net Banking,Yes,4,5,1
CUST3316,47,Female,Mumbai,90760,10,2811,3,224,Quarterly,Credit Card,No,27,2,1
CUST3317,44,Female,Hyderabad,78423,58,2644,5,116,Yearly,Debit Card,No,13,9,1
CUST3318,33,Female,Chennai,84754,18,1160,4,140,Quarterly,UPI,Yes,10,1,1
CUST3319,59,Male,Mumbai,33497,47,2172,6,363,Quarterly,Credit Card,No,11,7,1
CUST3320,52,Female,Pune,51017,30,1685,5,98,Quarterly,Debit Card,No,5,3,1
CUST3321,59,Male,Kolkata,46283,26,2826,5,190,Yearly,Net Banking,No,10,3,1
CUST3322,26,Male,Chennai,61608,19,669,5,86,Monthly,Net Banking,No,16,1,1
CUST3323,59,Male,Hyderabad,48632,60,1825,1,130,Quarterly,UPI,Yes,1,9,0
CUST3324,50,Male,Hyderabad,31461,59,572,5,545,Quarterly,Credit Card,No,13,6,1
CUST3325,41,Male,Bangalore,94022,37,2993,6,165,Quarterly,Debit Card,Yes,25,5,1
CUST3326,54,Female,Chennai,62800,7,2290,5,162,Quarterly,UPI,No,14,5,1
CUST3327,46,Male,Pune,58688,56,1901,1,89,Yearly,Net Banking,No,29,3,1
CUST3328,28,Male,Bangalore,53212,59,1099,2,390,Yearly,UPI,No,23,1,1
CUST3329,53,Female,Mumbai,79831,53,2335,6,159,Quarterly,Debit Card,Yes,15,5,1
CUST3330,45,Male,Hyderabad,43105,17,2146,3,529,Monthly,UPI,Yes,9,3,1
CUST3331,41,Female,Mumbai,88001,20,1553,0,53,Quarterly,UPI,Yes,24,3,1
CUST3332,51,Female,Bangalore,70955,38,2948,5,541,Monthly,Net Banking,Yes,24,1,1
CUST3333,32,Female,Chennai,88764,8,2300,3,269,Quarterly,Credit Card,Yes,2,4,1
CUST3334,33,Female,Bangalore,81119,10,889,6,416,Monthly,Debit Card,Yes,10,3,1
CUST3335,35,Male,Pune,58820,60,1310,3,178,Quarterly,Credit Card,Yes,4,8,0
CUST3336,59,Female,Kolkata,80325,19,1568,5,218,Monthly,Net Banking,Yes,11,6,1
CUST3337,23,Male,Chennai,94544,43,2962,2,460,Monthly,Credit Card,No,15,4,1
CUST3338,44,Female,Mumbai,91926,26,588,0,300,Monthly,Credit Card,Yes,5,4,1
CUST3339,43,Male,Mumbai,91717,17,2753,5,357,Quarterly,Debit Card,Yes,2,10,1
CUST3340,51,Male,Pune,38149,16,1105,5,257,Quarterly,Net Banking,Yes,3,6,1
CUST3341,25,Female,Chennai,90805,26,2972,2,539,Monthly,Credit Card,Yes,16,3,1
CUST3342,36,Male,Delhi,96103,41,2758,0,208,Yearly,Credit Card,No,24,10,1
CUST3343,30,Female,Hyderabad,75955,10,2482,0,496,Quarterly,Debit Card,No,15,3,1
CUST3344,55,Male,Hyderabad,76313,19,2919,4,174,Quarterly,Credit Card,Yes,18,1,1
CUST3345,23,Female,Kolkata,46192,43,1836,1,322,Quarterly,Net Banking,No,16,8,1
CUST3346,26,Male,Mumbai,40295,55,919,6,272,Quarterly,Net Banking,No,9,10,1
CUST3347,36,Male,Bangalore,85256,30,939,6,214,Yearly,UPI,No,23,4,1
CUST3348,25,Female,Bangalore,37466,40,1753,0,315,Yearly,Credit Card,No,10,7,0
CUST3349,28,Female,Hyderabad,57299,35,919,4,305,Quarterly,Net Banking,No,17,7,1
CUST3350,47,Male,Bangalore,81481,36,1694,5,384,Quarterly,UPI,Yes,12,1,1
CUST3351,57,Female,Kolkata,62352,46,1696,4,169,Yearly,Net Banking,No,30,6,1
CUST3352,44,Male,Bangalore,81313,4,2030,5,426,Monthly,Debit Card,No,25,7,1
CUST3353,39,Male,Hyderabad,43162,28,1439,2,140,Quarterly,UPI,Yes,11,6,0
CUST3354,24,Female,Mumbai,89090,20,524,2,538,Yearly,Credit Card,No,24,1,1
CUST3355,56,Male,Delhi,54248,19,2230,1,142,Yearly,Debit Card,No,9,6,0
CUST3356,59,Male,Mumbai,65732,41,1810,2,194,Yearly,UPI,No,2,6,0
CUST3357,30,Male,Delhi,39554,42,1011,3,295,Quarterly,Net Banking,Yes,27,8,1
CUST3358,28,Female,Chennai,92723,15,2239,5,358,Quarterly,Net Banking,Yes,3,8,1
CUST3359,28,Female,Delhi,74227,58,1585,6,310,Quarterly,Debit Card,No,12,10,1
CUST3360,56,Male,Mumbai,57262,58,976,3,272,Yearly,Net Banking,No,15,8,0
CUST3361,33,Female,Chennai,47221,60,1845,4,438,Yearly,UPI,No,7,8,1
CUST3362,44,Male,Chennai,38330,58,919,0,333,Monthly,UPI,Yes,19,7,1
CUST3363,28,Male,Chennai,78716,51,1668,1,150,Quarterly,Debit Card,No,28,6,1
CUST3364,34,Male,Bangalore,39888,52,2410,5,280,Monthly,UPI,Yes,15,8,1
CUST3365,38,Male,Bangalore,47907,51,2548,0,511,Yearly,Debit Card,No,2,8,0
CUST3366,36,Male,Bangalore,72124,7,636,3,196,Monthly,Net Banking,No,23,10,1
CUST3367,22,Male,Mumbai,92349,32,2534,1,94,Quarterly,Credit Card,Yes,5,3,1
CUST3368,48,Male,Kolkata,62882,54,1068,5,524,Monthly,Net Banking,No,13,8,1
CUST3369,29,Female,Chennai,39013,10,2108,1,507,Monthly,UPI,No,8,7,0
CUST3370,32,Male,Chennai,68333,20,2054,3,145,Quarterly,UPI,No,26,10,1
CUST3371,45,Female,Chennai,77219,46,2261,4,193,Quarterly,UPI,Yes,7,3,1
CUST3372,51,Male,Mumbai,30125,17,1699,4,404,Monthly,Net Banking,No,26,2,1
CUST3373,42,Male,Pune,70950,57,2164,6,480,Yearly,Net Banking,No,6,7,1
CUST3374,59,Female,Pune,54691,38,1531,1,433,Quarterly,UPI,Yes,23,3,1
CUST3375,54,Female,Pune,53267,24,1533,3,463,Quarterly,Net Banking,Yes,2,4,1
CUST3376,57,Female,Delhi,60030,18,1594,6,368,Yearly,Net Banking,Yes,8,8,1
CUST3377,22,Female,Kolkata,94930,5,2853,3,233,Monthly,UPI,Yes,21,10,1
CUST3378,40,Male,Delhi,36590,9,932,3,76,Quarterly,Debit Card,No,25,3,1
CUST3379,53,Male,Kolkata,63762,31,1135,4,532,Monthly,Credit Card,Yes,30,5,1
CUST3380,53,Female,Kolkata,47015,37,2201,5,61,Quarterly,Credit Card,No,13,2,1
CUST3381,32,Female,Pune,92355,37,2748,5,78,Monthly,UPI,Yes,19,7,1
CUST3382,28,Male,Chennai,63924,47,2333,0,420,Yearly,UPI,Yes,11,9,0
CUST3383,51,Female,Hyderabad,57431,51,2503,6,228,Yearly,UPI,No,20,9,1
CUST3384,56,Female,Kolkata,99015,40,551,6,218,Monthly,Net Banking,Yes,12,1,1
CUST3385,22,Female,Hyderabad,89965,17,2805,5,360,Yearly,Credit Card,Yes,21,2,1
CUST3386,46,Male,Delhi,63005,16,2610,6,529,Yearly,Credit Card,No,29,7,1
CUST3387,42,Male,Kolkata,94079,53,1635,0,330,Yearly,Credit Card,No,26,5,1
CUST3388,43,Male,Hyderabad,74488,25,832,1,203,Quarterly,UPI,Yes,26,5,1
CUST3389,44,Male,Bangalore,32108,44,1584,2,245,Yearly,Debit Card,No,13,8,0
CUST3390,23,Male,Pune,79574,12,1894,5,315,Yearly,Net Banking,Yes,9,2,1
CUST3391,40,Male,Kolkata,47130,50,1207,1,464,Monthly,Net Banking,No,13,4,1
CUST3392,58,Female,Delhi,85618,16,1997,6,304,Yearly,UPI,Yes,14,1,1
CUST3393,42,Male,Hyderabad,40304,6,2574,6,508,Yearly,Credit Card,Yes,12,5,1
CUST3394,23,Male,Mumbai,42420,9,1415,5,111,Quarterly,Net Banking,No,29,6,1
CUST3395,29,Female,Kolkata,78225,9,2874,5,154,Quarterly,UPI,No,18,5,1
CUST3396,26,Female,Chennai,74590,37,2929,5,448,Monthly,Net Banking,Yes,24,10,1
CUST3397,27,Female,Bangalore,95211,58,1270,1,330,Yearly,Net Banking,Yes,18,2,1
CUST3398,36,Female,Pune,35972,17,1509,6,66,Yearly,Credit Card,Yes,11,9,1
CUST3399,58,Female,Pune,76904,33,2828,5,217,Quarterly,UPI,Yes,16,6,1
CUST3400,55,Male,Chennai,30018,27,1916,4,290,Monthly,Credit Card,No,25,10,1
CUST3401,40,Male,Kolkata,84941,36,1123,6,47,Monthly,Debit Card,No,24,5,1
CUST3402,52,Male,Bangalore,41394,31,2316,4,37,Yearly,Debit Card,Yes,1,7,1
CUST3403,28,Male,Chennai,31159,19,2521,0,475,Monthly,UPI,Yes,18,4,1
CUST3404,23,Female,Bangalore,65011,50,2260,2,352,Quarterly,UPI,No,8,5,1
CUST3405,42,Male,Mumbai,84933,54,2302,3,499,Monthly,Credit Card,No,9,5,1
CUST3406,34,Female,Delhi,48165,11,1150,4,273,Monthly,UPI,No,21,7,1
CUST3407,38,Female,Chennai,82527,14,2644,2,234,Monthly,Debit Card,Yes,1,2,1
CUST3408,30,Female,Kolkata,42836,30,1952,4,164,Yearly,UPI,No,14,6,1
CUST3409,55,Female,Mumbai,30719,51,1569,2,33,Monthly,UPI,Yes,1,2,1
CUST3410,30,Female,Chennai,78702,12,2813,1,463,Quarterly,UPI,No,12,6,0
CUST3411,44,Male,Delhi,52789,24,1132,4,263,Monthly,Net Banking,Yes,15,10,1
CUST3412,51,Female,Hyderabad,78865,18,1430,6,518,Yearly,Credit Card,Yes,8,9,1
CUST3413,27,Female,Delhi,63645,16,1199,3,442,Yearly,Credit Card,Yes,6,6,0
CUST3414,29,Male,Kolkata,58478,32,1492,4,431,Monthly,UPI,Yes,18,6,1
CUST3415,35,Female,Kolkata,71098,39,1765,4,243,Monthly,Net Banking,No,4,1,1
CUST3416,53,Female,Mumbai,91417,57,2384,5,143,Yearly,UPI,Yes,25,4,1
CUST3417,32,Male,Mumbai,41628,40,957,6,236,Monthly,Debit Card,No,8,4,1
CUST3418,42,Female,Hyderabad,80333,40,2646,0,470,Quarterly,Net Banking,Yes,16,9,1
CUST3419,52,Male,Chennai,49856,59,563,6,548,Quarterly,Net Banking,No,24,8,1
CUST3420,32,Male,Kolkata,51601,12,1583,3,529,Quarterly,Debit Card,Yes,20,10,1
CUST3421,33,Female,Mumbai,36028,8,963,5,192,Monthly,UPI,Yes,28,3,1
CUST3422,23,Male,Mumbai,78544,8,689,0,344,Yearly,Debit Card,No,8,5,1
CUST3423,53,Male,Mumbai,39934,23,2379,4,361,Yearly,UPI,No,13,7,1
CUST3424,44,Male,Pune,58013,43,2895,5,174,Monthly,Net Banking,Yes,24,5,1
CUST3425,55,Female,Delhi,31135,22,2409,4,450,Quarterly,Credit Card,No,7,10,1
CUST3426,34,Male,Kolkata,57215,30,1170,4,445,Quarterly,Credit Card,Yes,16,9,1
CUST3427,43,Male,Kolkata,75483,40,833,2,497,Quarterly,UPI,No,12,8,0
CUST3428,47,Male,Mumbai,56248,1,2055,4,483,Monthly,Debit Card,No,10,10,1
CUST3429,54,Male,Chennai,71733,19,1042,1,263,Quarterly,Credit Card,No,28,4,1
CUST3430,22,Female,Bangalore,82462,42,2405,4,343,Quarterly,Debit Card,Yes,15,2,1
CUST3431,57,Male,Chennai,87728,39,1738,1,104,Monthly,Net Banking,No,24,10,1
CUST3432,35,Male,Bangalore,80374,23,2953,3,257,Yearly,Net Banking,No,27,8,1
CUST3433,23,Male,Kolkata,87254,51,1377,2,91,Quarterly,Debit Card,No,7,3,1
CUST3434,26,Male,Hyderabad,88951,14,2903,6,292,Quarterly,Net Banking,Yes,18,8,1
CUST3435,33,Female,Kolkata,97657,14,2108,5,94,Monthly,UPI,Yes,1,9,1
CUST3436,41,Female,Mumbai,45600,11,2957,3,224,Monthly,Credit Card,No,6,8,0
CUST3437,50,Female,Bangalore,56825,34,2849,4,366,Monthly,Net Banking,Yes,11,2,1
CUST3438,45,Female,Hyderabad,45900,48,2531,1,255,Yearly,Net Banking,No,16,9,1
CUST3439,58,Male,Chennai,38988,52,1164,1,52,Monthly,Net Banking,No,2,3,1
CUST3440,51,Female,Chennai,84641,53,1683,4,314,Monthly,UPI,No,9,2,1
CUST3441,28,Male,Pune,41885,5,2683,6,403,Quarterly,Credit Card,No,18,6,1
CUST3442,39,Male,Pune,83096,45,1283,4,167,Yearly,UPI,No,10,4,1
CUST3443,29,Male,Pune,74470,19,2530,2,166,Yearly,UPI,No,30,8,1
CUST3444,38,Male,Pune,61147,59,2434,3,355,Quarterly,Credit Card,No,30,10,1
CUST3445,58,Male,Hyderabad,32966,13,940,5,248,Yearly,Credit Card,No,20,6,1
CUST3446,58,Female,Mumbai,96130,39,2518,4,139,Monthly,Credit Card,Yes,20,7,1
CUST3447,58,Male,Mumbai,36089,7,1295,5,75,Yearly,Debit Card,Yes,25,2,1
CUST3448,38,Female,Bangalore,50556,18,2140,2,543,Monthly,Credit Card,No,1,6,0
CUST3449,34,Male,Bangalore,66688,43,2412,2,294,Quarterly,UPI,No,13,4,1
CUST3450,44,Male,Hyderabad,89592,7,771,6,471,Quarterly,Credit Card,Yes,23,9,1
CUST3451,26,Female,Kolkata,99253,51,1326,3,175,Yearly,Net Banking,No,24,1,1
CUST3452,31,Female,Bangalore,41526,37,2515,4,115,Monthly,Credit Card,Yes,16,8,1
CUST3453,35,Female,Hyderabad,75217,60,2176,6,329,Monthly,UPI,No,28,8,1
CUST3454,37,Female,Mumbai,79151,28,1847,3,150,Quarterly,Net Banking,Yes,28,5,1
CUST3455,57,Female,Pune,98669,20,2189,1,179,Quarterly,Credit Card,Yes,24,9,1
CUST3456,26,Male,Mumbai,63744,49,2901,1,338,Quarterly,Credit Card,No,23,7,1
CUST3457,57,Female,Bangalore,30972,20,1937,2,380,Monthly,Net Banking,No,26,3,1
CUST3458,23,Female,Hyderabad,81714,56,2370,0,81,Quarterly,Debit Card,No,7,5,1
CUST3459,55,Female,Mumbai,94736,54,2096,4,45,Quarterly,Credit Card,No,5,3,1
CUST3460,42,Male,Chennai,42328,8,870,5,546,Quarterly,UPI,No,17,5,1
CUST3461,35,Male,Mumbai,83478,41,1871,6,238,Yearly,UPI,Yes,3,8,1
CUST3462,43,Male,Delhi,50143,53,2384,1,493,Yearly,Net Banking,Yes,18,1,1
CUST3463,28,Female,Hyderabad,32205,19,554,3,50,Quarterly,Debit Card,No,26,9,1
CUST3464,49,Male,Delhi,94928,40,2832,3,540,Yearly,Credit Card,No,10,8,0
CUST3465,54,Male,Bangalore,97703,25,1676,4,545,Yearly,Debit Card,No,9,8,1
CUST3466,47,Male,Pune,48254,26,2767,6,189,Yearly,UPI,No,12,3,1
CUST3467,53,Male,Mumbai,94264,14,1391,3,381,Quarterly,Credit Card,No,19,10,1
CUST3468,23,Male,Delhi,40769,13,2905,3,89,Quarterly,Debit Card,No,29,6,1
CUST3469,57,Female,Hyderabad,97114,55,2715,1,63,Quarterly,UPI,No,16,1,1
CUST3470,25,Male,Kolkata,35277,53,2023,5,369,Monthly,UPI,No,26,7,1
CUST3471,28,Male,Hyderabad,62161,20,1108,4,430,Quarterly,Debit Card,Yes,20,9,1
CUST3472,34,Male,Delhi,92679,54,738,4,420,Yearly,Net Banking,No,8,7,1
CUST3473,35,Female,Bangalore,33907,21,1505,1,243,Yearly,UPI,No,30,6,1
CUST3474,50,Male,Kolkata,36073,14,2869,5,490,Monthly,Debit Card,Yes,3,2,1
CUST3475,57,Male,Bangalore,89668,53,2118,3,545,Quarterly,Net Banking,Yes,19,7,1
CUST3476,36,Female,Bangalore,43760,48,738,5,49,Monthly,Debit Card,No,1,1,1
CUST3477,26,Male,Pune,81581,5,2221,6,521,Quarterly,UPI,No,4,9,1
CUST3478,25,Female,Hyderabad,61574,21,2035,4,419,Quarterly,UPI,No,24,5,1
CUST3479,52,Female,Hyderabad,40834,38,1521,3,107,Yearly,UPI,Yes,18,8,1
CUST3480,36,Male,Bangalore,37591,41,1208,4,291,Monthly,Debit Card,Yes,23,3,1
CUST3481,58,Male,Delhi,59098,58,2696,3,140,Yearly,UPI,Yes,17,8,1
CUST3482,47,Male,Mumbai,72337,26,1408,3,514,Quarterly,UPI,No,13,6,0
CUST3483,46,Male,Delhi,33261,23,1609,4,348,Yearly,Net Banking,No,30,4,1
CUST3484,54,Female,Delhi,31902,12,828,2,258,Yearly,Debit Card,No,24,7,1
CUST3485,29,Female,Hyderabad,79376,25,2907,3,75,Quarterly,UPI,Yes,1,6,0
CUST3486,48,Female,Bangalore,62357,35,1981,3,231,Monthly,UPI,No,22,2,1
CUST3487,45,Male,Kolkata,55499,22,515,4,385,Monthly,UPI,No,4,7,1
CUST3488,35,Male,Chennai,49290,19,713,0,478,Quarterly,Debit Card,No,5,1,1
CUST3489,54,Male,Chennai,90530,19,1209,3,172,Quarterly,UPI,No,4,8,0
CUST3490,54,Male,Mumbai,91978,49,1252,6,70,Monthly,Credit Card,No,14,8,1
CUST3491,50,Male,Delhi,91854,1,1109,1,465,Yearly,Credit Card,No,8,1,1
CUST3492,51,Female,Delhi,92239,10,2360,0,474,Yearly,UPI,No,11,3,1
CUST3493,48,Male,Mumbai,80790,33,2158,5,293,Monthly,UPI,Yes,17,8,1
CUST3494,54,Female,Hyderabad,55832,43,2310,1,340,Monthly,UPI,No,11,3,1
CUST3495,38,Female,Pune,37081,3,2838,4,433,Yearly,Credit Card,No,11,7,1
CUST3496,27,Male,Mumbai,49299,51,751,4,336,Yearly,Net Banking,Yes,14,3,1
CUST3497,57,Male,Delhi,56691,43,2102,6,221,Yearly,UPI,Yes,2,1,1
CUST3498,22,Male,Mumbai,80054,24,1720,4,303,Yearly,UPI,No,24,10,1
CUST3499,53,Male,Chennai,37712,10,1084,0,510,Monthly,UPI,No,7,4,1
CUST3500,49,Female,Kolkata,67462,53,2259,3,523,Yearly,UPI,Yes,23,10,1
CUST3501,35,Male,Mumbai,59030,36,1557,1,45,Monthly,Credit Card,No,9,5,1
CUST3502,46,Female,Chennai,76205,8,1991,5,539,Monthly,Net Banking,No,18,4,1
CUST3503,57,Female,Delhi,97394,18,1890,1,85,Quarterly,Credit Card,No,23,3,1
CUST3504,27,Male,Pune,36773,26,2096,6,376,Quarterly,Net Banking,No,12,5,1
CUST3505,28,Male,Bangalore,64133,27,2498,6,330,Yearly,Debit Card,Yes,25,3,1
CUST3506,47,Male,Kolkata,66492,26,2997,3,500,Monthly,Credit Card,Yes,4,1,1
CUST3507,27,Female,Kolkata,34746,38,1385,1,314,Yearly,Net Banking,No,28,6,1
CUST3508,50,Female,Hyderabad,75380,10,1384,0,411,Quarterly,Credit Card,Yes,21,10,1
CUST3509,59,Female,Hyderabad,44538,4,2605,5,539,Monthly,Net Banking,No,17,4,1
CUST3510,55,Male,Delhi,91289,35,1370,6,190,Yearly,Credit Card,No,8,7,1
CUST3511,54,Male,Hyderabad,41399,46,897,1,421,Quarterly,Debit Card,Yes,19,10,1
CUST3512,28,Female,Mumbai,88956,54,1800,6,253,Monthly,Debit Card,No,11,10,1
CUST3513,35,Male,Kolkata,87290,2,863,6,430,Monthly,UPI,Yes,14,9,1
CUST3514,48,Female,Mumbai,54967,56,1540,4,41,Monthly,UPI,No,6,2,1
CUST3515,47,Female,Mumbai,46350,37,2716,6,199,Quarterly,Debit Card,Yes,17,10,1
CUST3516,33,Male,Kolkata,85214,14,2260,6,82,Monthly,UPI,No,22,8,1
CUST3517,51,Female,Kolkata,56447,2,517,2,432,Yearly,Debit Card,No,13,3,1
CUST3518,25,Female,Pune,42882,50,1804,5,272,Monthly,UPI,Yes,25,4,1
CUST3519,25,Male,Chennai,94038,7,2755,2,333,Monthly,UPI,No,5,7,0
CUST3520,57,Male,Hyderabad,90639,24,2060,4,249,Yearly,UPI,No,19,7,1
CUST3521,38,Male,Chennai,92886,18,1114,0,476,Quarterly,Debit Card,Yes,3,5,1
CUST3522,51,Female,Hyderabad,61854,57,2124,2,187,Monthly,UPI,No,24,4,1
CUST3523,44,Male,Mumbai,80293,8,858,2,472,Yearly,Net Banking,No,4,9,0
CUST3524,30,Female,Bangalore,65958,21,2124,0,270,Yearly,Debit Card,No,29,10,1
CUST3525,35,Female,Mumbai,30975,56,2578,6,295,Quarterly,UPI,Yes,26,4,1
CUST3526,30,Female,Hyderabad,42427,60,1863,5,445,Yearly,Debit Card,Yes,19,7,1
CUST3527,56,Female,Pune,40282,32,1755,3,37,Yearly,Debit Card,No,26,3,1
CUST3528,34,Female,Chennai,86389,47,1539,4,82,Quarterly,Debit Card,No,13,3,1
CUST3529,55,Female,Kolkata,60477,39,562,4,529,Quarterly,Debit Card,Yes,25,10,1
CUST3530,38,Male,Chennai,55706,47,679,2,338,Monthly,Credit Card,Yes,23,1,1
CUST3531,50,Male,Chennai,87602,36,2552,5,423,Yearly,UPI,No,16,9,1
CUST3532,46,Female,Pune,74957,14,1353,2,185,Yearly,Debit Card,Yes,30,3,1
CUST3533,59,Female,Mumbai,50905,20,982,5,108,Quarterly,Net Banking,Yes,11,6,1
CUST3534,55,Male,Hyderabad,96199,6,2703,1,508,Monthly,Debit Card,Yes,4,7,0
CUST3535,30,Male,Bangalore,54737,31,2000,2,456,Monthly,UPI,No,11,1,1
CUST3536,22,Male,Delhi,58564,23,1772,0,469,Monthly,UPI,Yes,1,5,1
CUST3537,43,Male,Delhi,42803,1,1446,1,209,Monthly,Debit Card,No,14,5,1
CUST3538,50,Female,Pune,92126,27,2188,3,246,Monthly,Credit Card,No,9,1,1
CUST3539,26,Male,Bangalore,68852,36,2512,1,215,Yearly,Credit Card,No,16,2,1
CUST3540,23,Male,Chennai,82380,33,1667,2,140,Quarterly,UPI,No,30,10,1
CUST3541,38,Male,Delhi,81331,49,2359,2,363,Quarterly,Debit Card,No,24,9,1
CUST3542,49,Male,Kolkata,50080,36,2148,3,252,Monthly,Debit Card,Yes,19,2,1
CUST3543,27,Female,Hyderabad,34486,38,2540,3,527,Quarterly,Net Banking,Yes,2,9,0
CUST3544,38,Male,Bangalore,80100,33,1340,5,223,Yearly,Net Banking,No,6,9,1
CUST3545,24,Male,Delhi,59144,24,537,2,500,Quarterly,UPI,Yes,4,10,0
CUST3546,35,Male,Pune,64551,47,602,6,71,Monthly,Debit Card,No,19,3,1
CUST3547,23,Female,Delhi,90334,1,1561,5,457,Yearly,Net Banking,Yes,24,6,1
CUST3548,59,Female,Kolkata,31120,44,2698,1,86,Quarterly,Net Banking,No,14,7,0
CUST3549,57,Female,Pune,40040,1,2806,5,494,Quarterly,Net Banking,No,2,6,1
CUST3550,26,Female,Mumbai,44312,40,1238,1,333,Quarterly,Debit Card,No,30,5,1
CUST3551,36,Female,Bangalore,99519,57,2004,1,432,Quarterly,Debit Card,No,5,2,1
CUST3552,24,Male,Hyderabad,68787,11,2780,0,313,Quarterly,Net Banking,Yes,25,9,1
CUST3553,32,Female,Mumbai,73386,49,2928,3,389,Yearly,Credit Card,Yes,16,5,1
CUST3554,42,Female,Bangalore,32080,17,1195,4,231,Yearly,UPI,Yes,18,4,1
CUST3555,34,Male,Delhi,38265,32,2396,4,435,Yearly,Credit Card,No,27,7,1
CUST3556,24,Male,Kolkata,41850,46,829,6,190,Yearly,Debit Card,Yes,26,7,1
CUST3557,36,Female,Kolkata,86202,38,2574,5,516,Monthly,Net Banking,Yes,7,1,1
CUST3558,31,Male,Mumbai,57655,24,2806,6,35,Monthly,Net Banking,Yes,25,10,1
CUST3559,39,Male,Mumbai,96865,30,960,6,255,Quarterly,Net Banking,No,27,8,1
CUST3560,25,Female,Hyderabad,53459,50,1409,0,334,Monthly,UPI,Yes,3,6,0
CUST3561,44,Male,Bangalore,66744,21,2396,0,173,Yearly,Net Banking,No,27,3,1
CUST3562,37,Male,Mumbai,42344,46,2855,5,491,Yearly,Net Banking,No,14,6,1
CUST3563,41,Female,Hyderabad,82716,48,2162,0,403,Yearly,Net Banking,Yes,27,3,1
CUST3564,31,Male,Kolkata,82383,56,2813,0,215,Quarterly,UPI,Yes,22,1,1
CUST3565,27,Female,Kolkata,98590,18,956,0,545,Yearly,Net Banking,Yes,20,8,1
CUST3566,22,Male,Hyderabad,69958,57,1314,4,173,Yearly,Debit Card,No,26,7,1
CUST3567,52,Male,Mumbai,33825,1,2307,6,295,Monthly,Net Banking,No,26,6,1
CUST3568,52,Female,Mumbai,52601,54,1380,1,337,Quarterly,Net Banking,Yes,6,9,0
CUST3569,33,Male,Kolkata,96097,40,1068,5,135,Yearly,Debit Card,No,9,8,1
CUST3570,29,Male,Delhi,86450,9,1404,6,81,Quarterly,Debit Card,Yes,12,7,1
CUST3571,29,Male,Bangalore,84510,31,2802,4,338,Quarterly,Net Banking,No,13,1,1
CUST3572,40,Female,Delhi,37213,30,2173,0,261,Quarterly,UPI,No,18,1,1
CUST3573,44,Female,Delhi,44909,11,2665,0,84,Quarterly,Credit Card,No,25,9,1
CUST3574,33,Male,Hyderabad,40352,38,1531,1,246,Monthly,Net Banking,No,15,4,1
CUST3575,30,Female,Chennai,61419,8,2870,4,174,Yearly,Debit Card,No,4,5,1
CUST3576,49,Female,Bangalore,54689,15,623,5,76,Quarterly,Debit Card,No,7,9,1
CUST3577,41,Male,Chennai,88916,11,2505,3,418,Monthly,UPI,No,7,6,0
CUST3578,43,Female,Mumbai,61433,46,1691,4,75,Quarterly,Credit Card,No,20,7,1
CUST3579,56,Male,Chennai,74700,9,1202,1,261,Yearly,Debit Card,Yes,26,6,1
CUST3580,34,Female,Hyderabad,72464,19,1940,1,94,Yearly,Net Banking,Yes,28,1,1
CUST3581,25,Female,Hyderabad,61516,55,2938,3,511,Quarterly,Credit Card,No,21,7,1
CUST3582,49,Female,Delhi,66397,10,1271,2,438,Monthly,UPI,Yes,23,6,1
CUST3583,53,Female,Hyderabad,49943,37,1526,2,42,Quarterly,UPI,Yes,2,8,0
CUST3584,22,Male,Mumbai,56955,8,2630,0,363,Yearly,Net Banking,Yes,28,2,1
CUST3585,27,Female,Mumbai,70024,13,2857,6,449,Quarterly,Debit Card,No,1,5,1
CUST3586,55,Male,Hyderabad,75200,10,2506,3,415,Quarterly,UPI,No,3,9,0
CUST3587,23,Female,Delhi,30530,16,2527,0,542,Quarterly,UPI,Yes,2,2,1
CUST3588,51,Female,Delhi,47330,10,1798,1,493,Monthly,Credit Card,Yes,13,2,1
CUST3589,29,Male,Mumbai,81127,50,2130,4,502,Monthly,UPI,No,27,7,1
CUST3590,42,Male,Kolkata,52966,56,997,5,198,Yearly,Net Banking,No,29,6,1
CUST3591,39,Female,Mumbai,91858,27,1213,1,208,Yearly,UPI,No,25,10,1
CUST3592,49,Female,Delhi,31929,50,2518,4,141,Yearly,UPI,Yes,20,10,1
CUST3593,40,Female,Kolkata,65895,45,1708,5,66,Yearly,Debit Card,No,19,5,1
CUST3594,35,Female,Kolkata,37006,28,1751,3,30,Quarterly,UPI,Yes,23,7,1
CUST3595,49,Female,Hyderabad,79647,4,924,3,47,Yearly,Net Banking,No,29,1,1
CUST3596,46,Male,Bangalore,64001,6,2758,4,310,Yearly,UPI,Yes,3,1,1
CUST3597,26,Male,Pune,40022,47,1349,5,486,Quarterly,Net Banking,No,5,7,1
CUST3598,25,Female,Bangalore,98480,30,2347,4,222,Monthly,Debit Card,Yes,3,6,1
CUST3599,29,Male,Mumbai,78536,48,583,6,109,Yearly,Debit Card,No,2,1,1
CUST3600,31,Male,Delhi,80374,59,733,2,273,Yearly,UPI,Yes,27,9,1
CUST3601,38,Female,Delhi,67256,9,1112,6,182,Yearly,Credit Card,Yes,14,2,1
CUST3602,31,Male,Mumbai,98759,48,1475,2,444,Quarterly,UPI,Yes,11,6,0
CUST3603,27,Female,Pune,45007,39,2723,4,344,Yearly,Debit Card,Yes,3,8,1
CUST3604,56,Female,Pune,34944,3,2325,3,501,Monthly,Credit Card,Yes,6,10,1
CUST3605,32,Male,Bangalore,85569,27,2601,6,306,Monthly,UPI,Yes,27,3,1
CUST3606,55,Female,Chennai,94766,48,1065,1,414,Quarterly,UPI,Yes,6,3,1
CUST3607,43,Female,Chennai,72354,43,1720,3,313,Yearly,Net Banking,Yes,14,4,1
CUST3608,45,Male,Bangalore,77731,17,2581,3,237,Yearly,UPI,Yes,10,2,1
CUST3609,31,Female,Mumbai,41357,30,870,0,412,Yearly,Credit Card,Yes,25,9,1
CUST3610,28,Male,Chennai,99550,20,2756,2,268,Quarterly,Credit Card,No,14,8,0
CUST3611,57,Female,Bangalore,79545,34,1834,2,108,Monthly,Net Banking,Yes,5,6,0
CUST3612,52,Male,Bangalore,93305,30,2391,6,186,Monthly,UPI,Yes,27,5,1
CUST3613,30,Male,Chennai,40515,35,2733,6,245,Yearly,Net Banking,Yes,17,9,1
CUST3614,37,Female,Pune,44328,8,1078,2,523,Quarterly,Credit Card,No,9,3,1
CUST3615,57,Female,Delhi,68872,60,663,2,212,Quarterly,Net Banking,No,22,1,1
CUST3616,45,Male,Chennai,50271,20,1225,5,548,Yearly,UPI,Yes,14,5,1
CUST3617,26,Male,Hyderabad,86467,54,1322,1,108,Quarterly,Debit Card,No,26,1,1
CUST3618,51,Male,Delhi,92934,9,2678,1,385,Quarterly,UPI,Yes,16,7,1
CUST3619,43,Male,Hyderabad,39741,48,2064,1,493,Yearly,UPI,Yes,16,2,1
CUST3620,31,Male,Chennai,87304,27,834,3,356,Monthly,Debit Card,Yes,27,8,1
CUST3621,37,Male,Mumbai,45330,17,2634,1,214,Quarterly,Net Banking,No,20,10,1
CUST3622,53,Male,Mumbai,85810,8,2037,6,400,Monthly,UPI,No,17,5,1
CUST3623,41,Male,Mumbai,85113,41,2441,5,520,Yearly,Debit Card,Yes,2,7,1
CUST3624,33,Female,Pune,43502,16,2060,5,120,Yearly,Net Banking,Yes,24,5,1
CUST3625,39,Male,Chennai,77404,47,579,3,462,Yearly,Debit Card,Yes,1,6,0
CUST3626,39,Female,Pune,84325,48,1245,2,269,Quarterly,Credit Card,Yes,14,9,0
CUST3627,55,Female,Pune,71815,38,2296,3,152,Yearly,Debit Card,Yes,4,6,0
CUST3628,45,Female,Delhi,86739,5,2167,1,498,Monthly,Credit Card,Yes,8,7,1
CUST3629,58,Male,Mumbai,75678,31,718,0,410,Monthly,Debit Card,Yes,23,3,1
CUST3630,41,Male,Delhi,36125,53,946,3,437,Quarterly,Debit Card,No,29,7,1
CUST3631,24,Male,Pune,30637,43,2733,4,107,Quarterly,Net Banking,No,1,2,1
CUST3632,23,Male,Kolkata,41880,56,2834,3,511,Yearly,UPI,No,19,10,1
CUST3633,58,Male,Hyderabad,38727,13,2847,5,112,Quarterly,Debit Card,Yes,9,10,1
CUST3634,35,Male,Pune,50519,48,2039,5,137,Yearly,Debit Card,Yes,28,2,1
CUST3635,26,Female,Mumbai,90666,14,625,5,169,Quarterly,UPI,No,30,6,1
CUST3636,47,Male,Hyderabad,95035,8,2877,3,311,Quarterly,UPI,Yes,8,9,0
CUST3637,50,Male,Kolkata,72898,17,1370,3,478,Quarterly,UPI,No,27,4,1
CUST3638,50,Female,Bangalore,90432,13,1360,1,248,Yearly,Credit Card,Yes,14,1,1
CUST3639,50,Male,Chennai,45396,39,1953,5,268,Monthly,Credit Card,No,5,5,1
CUST3640,45,Female,Delhi,95121,50,2735,0,421,Monthly,Credit Card,No,18,4,1
CUST3641,53,Female,Chennai,37004,49,1338,0,318,Monthly,Credit Card,Yes,18,4,1
CUST3642,41,Female,Bangalore,60580,52,2393,3,291,Yearly,Net Banking,Yes,13,7,0
CUST3643,28,Female,Kolkata,74407,36,1145,4,385,Yearly,Net Banking,Yes,24,6,1
CUST3644,50,Female,Hyderabad,32655,25,1814,6,182,Quarterly,Debit Card,No,27,4,1
CUST3645,47,Male,Kolkata,47986,17,1468,4,111,Quarterly,Credit Card,Yes,9,5,1
CUST3646,41,Male,Bangalore,98024,41,725,2,57,Yearly,Credit Card,No,16,3,1
CUST3647,37,Male,Delhi,90692,13,982,1,317,Yearly,Credit Card,No,18,6,1
CUST3648,27,Female,Mumbai,50337,38,665,5,234,Yearly,UPI,No,14,5,1
CUST3649,34,Male,Mumbai,49851,53,2452,3,150,Yearly,Debit Card,Yes,3,2,1
CUST3650,47,Male,Chennai,33879,2,2615,1,249,Yearly,UPI,Yes,28,9,1
CUST3651,47,Male,Bangalore,67249,42,1429,5,282,Monthly,Net Banking,Yes,21,5,1
CUST3652,44,Male,Delhi,33841,27,1251,2,243,Quarterly,UPI,Yes,2,4,1
CUST3653,47,Male,Kolkata,53237,45,1053,4,357,Yearly,Debit Card,Yes,6,5,1
CUST3654,43,Male,Bangalore,62261,54,1555,0,322,Quarterly,Debit Card,No,23,1,1
CUST3655,34,Female,Pune,41646,22,2554,5,114,Monthly,UPI,Yes,6,3,1
CUST3656,30,Male,Mumbai,72481,30,2001,3,455,Quarterly,UPI,No,10,7,0
CUST3657,24,Female,Kolkata,66994,36,2212,2,95,Quarterly,Debit Card,No,14,5,1
CUST3658,52,Male,Mumbai,91630,2,914,6,529,Quarterly,UPI,Yes,30,1,1
CUST3659,40,Female,Pune,76125,25,2221,6,275,Monthly,Debit Card,Yes,14,1,1
CUST3660,53,Female,Chennai,36040,41,1860,5,330,Yearly,Net Banking,Yes,13,6,1
CUST3661,23,Female,Kolkata,72591,58,1627,5,96,Yearly,Net Banking,No,18,2,1
CUST3662,59,Female,Bangalore,97818,3,1912,5,268,Monthly,Debit Card,No,16,7,1
CUST3663,45,Male,Bangalore,62483,28,2851,0,319,Yearly,Debit Card,No,16,4,1
CUST3664,28,Female,Bangalore,69713,51,2396,4,284,Monthly,Debit Card,Yes,4,5,1
CUST3665,46,Female,Mumbai,34966,8,2542,2,471,Quarterly,Credit Card,No,6,9,0
CUST3666,37,Male,Mumbai,37527,1,1480,4,423,Yearly,UPI,Yes,18,1,1
CUST3667,53,Male,Hyderabad,55120,8,1584,0,470,Monthly,Credit Card,No,2,3,1
CUST3668,55,Male,Kolkata,81397,31,2186,3,400,Quarterly,UPI,No,28,3,1
CUST3669,33,Male,Kolkata,89439,2,1695,4,344,Monthly,Credit Card,No,24,6,1
CUST3670,46,Male,Pune,76475,10,1710,5,62,Yearly,UPI,No,5,5,1
CUST3671,58,Female,Hyderabad,47297,29,889,4,189,Quarterly,Net Banking,Yes,28,10,1
CUST3672,52,Female,Hyderabad,92909,56,1257,2,184,Yearly,UPI,Yes,19,9,1
CUST3673,48,Female,Mumbai,97258,20,1398,6,122,Monthly,Debit Card,No,15,8,1
CUST3674,22,Female,Pune,36172,53,2034,5,395,Quarterly,Credit Card,Yes,10,3,1
CUST3675,29,Female,Kolkata,77907,42,554,2,321,Monthly,Net Banking,No,16,8,1
CUST3676,57,Female,Mumbai,53640,20,1456,5,494,Yearly,Net Banking,No,23,9,1
CUST3677,52,Female,Delhi,73746,52,1243,3,262,Monthly,UPI,Yes,22,1,1
CUST3678,47,Female,Mumbai,48313,23,1958,0,437,Yearly,Credit Card,No,13,10,0
CUST3679,48,Male,Chennai,61070,43,2429,6,516,Monthly,Net Banking,Yes,10,8,1
CUST3680,54,Female,Delhi,66365,35,1120,1,430,Quarterly,Debit Card,No,21,3,1
CUST3681,36,Female,Kolkata,42679,32,2189,5,317,Monthly,Credit Card,Yes,11,6,1
CUST3682,55,Male,Chennai,37784,18,1158,5,111,Quarterly,UPI,Yes,12,4,1
CUST3683,48,Male,Delhi,55650,5,2122,1,246,Monthly,Net Banking,Yes,14,4,1
CUST3684,53,Female,Hyderabad,72568,11,1717,4,275,Quarterly,Credit Card,Yes,26,10,1
CUST3685,29,Male,Bangalore,46767,21,2824,0,387,Monthly,Net Banking,Yes,26,9,1
CUST3686,49,Female,Hyderabad,86325,47,1482,3,46,Monthly,Credit Card,No,9,6,0
CUST3687,33,Female,Bangalore,31525,6,2655,0,81,Monthly,Debit Card,No,5,5,1
CUST3688,24,Female,Mumbai,43193,47,1075,1,154,Yearly,UPI,No,9,5,1
CUST3689,48,Male,Delhi,63512,32,2679,1,144,Monthly,Net Banking,Yes,1,5,1
CUST3690,22,Male,Mumbai,61050,1,1441,2,420,Monthly,Credit Card,Yes,2,8,1
CUST3691,47,Male,Chennai,73815,42,2470,2,523,Yearly,Debit Card,No,9,9,0
CUST3692,42,Female,Mumbai,40296,38,1979,2,421,Monthly,Credit Card,Yes,12,10,0
CUST3693,44,Female,Pune,86963,48,551,5,507,Yearly,Net Banking,No,9,7,1
CUST3694,26,Female,Chennai,33796,56,2361,0,238,Monthly,Net Banking,No,25,8,1
CUST3695,43,Male,Hyderabad,94912,14,1229,2,55,Yearly,Credit Card,Yes,28,3,1
CUST3696,23,Female,Bangalore,96561,22,2551,0,497,Quarterly,Debit Card,No,6,9,0
CUST3697,52,Male,Hyderabad,35017,36,1382,1,303,Quarterly,UPI,Yes,15,9,0
CUST3698,54,Male,Chennai,83252,37,859,5,243,Monthly,Net Banking,No,22,4,1
CUST3699,36,Male,Chennai,98348,45,1133,3,216,Yearly,Credit Card,Yes,22,5,1
CUST3700,38,Male,Bangalore,56000,4,2793,6,72,Quarterly,Credit Card,No,9,3,1
CUST3701,30,Female,Mumbai,90659,31,516,6,59,Yearly,Credit Card,No,21,3,1
CUST3702,58,Female,Chennai,78601,58,811,0,400,Monthly,Net Banking,Yes,13,6,0
CUST3703,59,Male,Hyderabad,47857,58,1387,4,232,Monthly,UPI,Yes,11,8,1
CUST3704,35,Female,Bangalore,97948,30,2651,6,457,Monthly,Net Banking,Yes,3,5,1
CUST3705,26,Female,Kolkata,98388,54,1773,1,360,Yearly,UPI,Yes,4,9,0
CUST3706,27,Male,Delhi,41809,58,610,4,238,Quarterly,Credit Card,No,4,10,1
CUST3707,54,Male,Bangalore,66104,34,2726,5,399,Yearly,UPI,Yes,29,4,1
CUST3708,44,Male,Mumbai,66392,44,1904,2,436,Monthly,Net Banking,Yes,22,10,1
CUST3709,44,Male,Bangalore,39017,37,1068,6,91,Monthly,Debit Card,No,19,1,1
CUST3710,51,Male,Delhi,54020,24,1958,0,79,Monthly,Credit Card,No,19,4,1
CUST3711,47,Female,Delhi,41552,59,2647,3,358,Monthly,Debit Card,No,8,2,1
CUST3712,50,Female,Delhi,44102,6,1495,5,139,Yearly,Net Banking,Yes,21,6,1
CUST3713,30,Male,Kolkata,95185,59,1933,0,513,Yearly,Debit Card,No,12,5,1
CUST3714,43,Female,Mumbai,62687,2,2499,4,533,Monthly,Credit Card,Yes,24,6,1
CUST3715,22,Female,Bangalore,73726,24,946,5,239,Monthly,UPI,No,17,7,1
CUST3716,31,Male,Delhi,81070,1,2165,0,192,Quarterly,Debit Card,No,17,8,1
CUST3717,51,Male,Chennai,93211,30,925,6,135,Monthly,UPI,No,18,6,1
CUST3718,59,Male,Chennai,43341,12,1188,6,75,Monthly,Debit Card,Yes,11,2,1
CUST3719,54,Female,Bangalore,88570,34,1063,0,464,Yearly,Net Banking,No,26,1,1
CUST3720,47,Female,Bangalore,56013,31,2302,4,95,Yearly,Debit Card,No,13,2,1
CUST3721,47,Female,Mumbai,92104,44,679,1,488,Monthly,Credit Card,Yes,4,9,0
CUST3722,31,Male,Hyderabad,80650,6,1812,4,273,Quarterly,Net Banking,No,30,5,1
CUST3723,57,Male,Delhi,37734,58,2121,5,538,Yearly,Net Banking,Yes,20,8,1
CUST3724,32,Female,Pune,71970,40,2624,1,213,Monthly,UPI,No,17,6,1
CUST3725,46,Female,Pune,58172,58,2814,4,386,Monthly,Credit Card,Yes,6,1,1
CUST3726,48,Female,Chennai,55123,32,2946,6,156,Yearly,Debit Card,Yes,6,9,1
CUST3727,39,Female,Hyderabad,97733,31,1111,0,331,Monthly,Credit Card,Yes,3,1,1
CUST3728,48,Female,Pune,41004,43,756,3,86,Yearly,Debit Card,Yes,9,5,1
CUST3729,36,Female,Kolkata,33185,9,1231,4,53,Quarterly,Credit Card,No,13,10,1
CUST3730,43,Female,Chennai,67630,37,871,6,231,Monthly,Debit Card,No,26,9,1
CUST3731,49,Female,Mumbai,47938,32,1086,5,510,Quarterly,Debit Card,Yes,2,7,1
CUST3732,36,Male,Hyderabad,72083,5,1469,0,383,Yearly,Net Banking,No,20,8,1
CUST3733,31,Female,Mumbai,95651,30,822,2,258,Yearly,Credit Card,Yes,3,8,0
CUST3734,26,Male,Delhi,33837,44,1754,2,300,Yearly,Net Banking,Yes,19,7,1
CUST3735,28,Male,Bangalore,57729,24,2221,2,480,Quarterly,UPI,Yes,17,6,1
CUST3736,27,Female,Chennai,47957,11,1447,4,55,Quarterly,Credit Card,Yes,16,2,1
CUST3737,35,Female,Hyderabad,76266,12,1383,2,308,Quarterly,UPI,Yes,21,8,1
CUST3738,30,Female,Kolkata,50439,31,1548,0,455,Quarterly,Credit Card,Yes,29,3,1
CUST3739,42,Female,Delhi,46967,14,2842,1,252,Quarterly,UPI,No,11,6,0
CUST3740,41,Male,Hyderabad,54180,46,2720,3,508,Monthly,Net Banking,No,20,2,1
CUST3741,22,Female,Mumbai,62934,44,2516,5,541,Yearly,UPI,No,4,2,1
CUST3742,52,Female,Pune,64018,39,962,6,133,Quarterly,Net Banking,Yes,22,1,1
CUST3743,34,Male,Kolkata,32614,24,1096,4,417,Yearly,Debit Card,Yes,7,6,1
CUST3744,37,Female,Hyderabad,80189,51,1902,1,444,Yearly,Net Banking,Yes,4,5,1
CUST3745,56,Male,Hyderabad,54821,10,1348,2,329,Yearly,Credit Card,Yes,23,7,1
CUST3746,39,Male,Hyderabad,52098,15,2889,4,278,Quarterly,UPI,Yes,24,6,1
CUST3747,51,Female,Hyderabad,46915,32,541,0,290,Quarterly,Net Banking,No,18,9,1
CUST3748,51,Male,Chennai,79830,57,1230,0,162,Yearly,Credit Card,Yes,15,3,1
CUST3749,29,Female,Mumbai,40935,9,1007,5,383,Monthly,Credit Card,No,3,10,1
CUST3750,36,Female,Pune,61232,46,1355,2,517,Quarterly,Debit Card,No,22,3,1
CUST3751,35,Female,Delhi,37583,48,1817,0,331,Yearly,Debit Card,Yes,10,6,0
CUST3752,46,Male,Mumbai,33722,46,796,6,86,Monthly,Credit Card,No,14,6,1
CUST3753,31,Female,Mumbai,34052,6,1749,2,235,Yearly,Net Banking,Yes,4,9,0
CUST3754,27,Female,Chennai,32014,17,1448,2,473,Yearly,Credit Card,Yes,29,4,1
CUST3755,42,Female,Chennai,87498,41,1295,2,449,Monthly,UPI,Yes,24,3,1
CUST3756,40,Female,Mumbai,47916,57,621,0,404,Quarterly,Debit Card,Yes,6,6,0
CUST3757,24,Female,Mumbai,57618,16,2013,2,182,Yearly,Net Banking,Yes,17,7,1
CUST3758,34,Female,Kolkata,74379,11,2827,5,494,Quarterly,Net Banking,No,25,4,1
CUST3759,56,Female,Kolkata,83625,60,2627,4,262,Monthly,Debit Card,No,26,4,1
CUST3760,46,Male,Bangalore,37198,21,2918,2,361,Yearly,UPI,No,19,8,1
CUST3761,46,Female,Mumbai,97959,17,2073,3,449,Yearly,Net Banking,Yes,19,9,1
CUST3762,23,Male,Pune,93440,30,2018,1,256,Quarterly,Debit Card,Yes,29,4,1
CUST3763,57,Female,Bangalore,48368,18,503,6,339,Quarterly,Credit Card,Yes,15,9,1
CUST3764,49,Female,Bangalore,76741,42,684,5,209,Monthly,UPI,No,12,5,1
CUST3765,37,Male,Chennai,70912,55,2224,6,106,Monthly,Net Banking,Yes,8,5,1
CUST3766,23,Female,Kolkata,52151,42,2234,1,72,Quarterly,UPI,Yes,9,4,1
CUST3767,56,Female,Pune,84334,43,2854,5,63,Quarterly,Net Banking,Yes,27,2,1
CUST3768,23,Male,Pune,47801,23,1907,2,46,Quarterly,Credit Card,No,18,1,1
CUST3769,36,Female,Chennai,37546,16,2067,6,191,Quarterly,UPI,Yes,2,2,1
CUST3770,28,Female,Hyderabad,85619,43,1075,3,303,Quarterly,Credit Card,No,4,1,1
CUST3771,32,Female,Pune,55482,15,929,0,525,Quarterly,UPI,Yes,12,10,0
CUST3772,49,Male,Bangalore,78504,24,1845,6,243,Yearly,Net Banking,No,1,9,1
CUST3773,57,Male,Kolkata,62132,1,937,2,254,Monthly,Credit Card,Yes,10,6,1
CUST3774,51,Male,Hyderabad,52987,10,1883,5,44,Yearly,Credit Card,No,16,2,1
CUST3775,57,Male,Chennai,85709,35,1980,1,225,Yearly,Debit Card,No,6,3,1
CUST3776,54,Female,Kolkata,94586,22,2583,1,92,Monthly,Credit Card,Yes,26,5,1
CUST3777,59,Female,Kolkata,90861,25,597,3,422,Quarterly,Net Banking,Yes,28,4,1
CUST3778,50,Female,Bangalore,46092,45,526,5,84,Quarterly,Net Banking,Yes,17,5,1
CUST3779,34,Male,Chennai,77401,15,2114,1,275,Monthly,UPI,No,23,9,1
CUST3780,32,Male,Mumbai,37089,48,989,3,42,Quarterly,Net Banking,No,9,5,1
CUST3781,59,Male,Hyderabad,36122,51,2114,4,191,Yearly,Net Banking,No,16,3,1
CUST3782,53,Female,Bangalore,53461,40,2475,5,302,Yearly,Net Banking,No,22,7,1
CUST3783,39,Male,Chennai,42777,1,616,1,48,Quarterly,Credit Card,Yes,2,4,1
CUST3784,24,Male,Pune,73432,10,1807,1,324,Quarterly,Credit Card,No,15,3,1
CUST3785,57,Female,Hyderabad,80808,43,1142,6,356,Monthly,Net Banking,Yes,26,2,1
CUST3786,27,Male,Delhi,41356,9,2710,0,92,Quarterly,Credit Card,No,4,4,1
CUST3787,45,Male,Mumbai,90217,30,656,6,295,Quarterly,Credit Card,No,7,7,1
CUST3788,49,Female,Hyderabad,48640,11,2391,3,345,Quarterly,Credit Card,No,9,1,1
CUST3789,24,Female,Mumbai,92661,59,2992,1,334,Yearly,Credit Card,No,19,1,1
CUST3790,53,Female,Bangalore,46802,14,2852,5,114,Monthly,Debit Card,No,12,8,1
CUST3791,55,Female,Delhi,74935,44,1928,3,295,Quarterly,Net Banking,No,20,4,1
CUST3792,47,Male,Mumbai,61230,15,1073,2,540,Monthly,Net Banking,No,6,4,1
CUST3793,30,Male,Chennai,57446,28,636,1,224,Monthly,Net Banking,Yes,26,5,1
CUST3794,26,Male,Delhi,41721,28,2882,5,45,Monthly,UPI,Yes,30,8,1
CUST3795,29,Male,Bangalore,71168,30,2484,0,87,Monthly,UPI,Yes,24,1,1
CUST3796,46,Female,Bangalore,33800,14,1882,0,272,Quarterly,Debit Card,Yes,1,1,1
CUST3797,52,Female,Bangalore,82838,25,857,4,187,Yearly,Debit Card,No,2,2,1
CUST3798,45,Female,Mumbai,42094,49,2091,2,87,Quarterly,UPI,No,27,7,1
CUST3799,42,Male,Chennai,38678,23,1882,3,76,Quarterly,UPI,Yes,15,2,1
CUST3800,56,Male,Hyderabad,46306,20,1423,0,172,Yearly,Debit Card,No,16,1,1
CUST3801,33,Female,Mumbai,92054,39,2014,0,482,Yearly,Credit Card,Yes,28,2,1
CUST3802,44,Female,Kolkata,81069,26,781,6,103,Yearly,Debit Card,Yes,5,10,1
CUST3803,52,Female,Bangalore,68547,43,891,6,383,Yearly,Debit Card,No,17,7,1
CUST3804,59,Male,Kolkata,82788,28,2112,4,538,Yearly,Credit Card,No,8,2,1
CUST3805,46,Female,Mumbai,47813,45,2992,2,156,Quarterly,Debit Card,Yes,29,5,1
CUST3806,28,Female,Hyderabad,60539,36,651,2,509,Quarterly,Debit Card,No,27,10,1
CUST3807,32,Female,Chennai,41117,18,1139,6,162,Quarterly,Credit Card,No,16,6,1
CUST3808,56,Male,Chennai,37882,42,2122,6,269,Yearly,Net Banking,No,17,10,1
CUST3809,39,Male,Delhi,80411,8,2094,3,501,Quarterly,Debit Card,No,3,6,0
CUST3810,23,Female,Bangalore,33554,17,1724,3,371,Quarterly,Debit Card,Yes,23,2,1
CUST3811,45,Male,Chennai,60331,9,2413,2,498,Yearly,Net Banking,Yes,2,5,1
CUST3812,28,Female,Chennai,47301,4,513,1,308,Monthly,UPI,No,12,10,1
CUST3813,46,Male,Chennai,47344,51,2282,6,262,Yearly,UPI,Yes,29,5,1
CUST3814,28,Female,Pune,91745,40,2306,0,265,Monthly,Credit Card,Yes,3,7,0
CUST3815,59,Female,Chennai,90109,55,529,3,172,Quarterly,Credit Card,Yes,7,3,1
CUST3816,31,Female,Bangalore,57702,2,523,3,51,Quarterly,Net Banking,Yes,12,3,1
CUST3817,42,Female,Hyderabad,53039,6,1171,1,117,Quarterly,Credit Card,Yes,13,9,0
CUST3818,34,Female,Bangalore,43054,55,1793,2,107,Yearly,Net Banking,No,16,10,1
CUST3819,41,Female,Mumbai,55785,34,2191,1,439,Monthly,Net Banking,No,6,7,0
CUST3820,55,Male,Chennai,84254,49,2326,3,143,Yearly,Credit Card,Yes,7,5,1
CUST3821,49,Female,Kolkata,34447,44,637,6,465,Yearly,Net Banking,Yes,18,7,1
CUST3822,27,Male,Bangalore,57135,33,561,6,452,Monthly,UPI,No,12,4,1
CUST3823,57,Female,Chennai,45689,53,1692,1,337,Yearly,Debit Card,Yes,11,9,0
CUST3824,35,Female,Delhi,65330,57,2938,3,283,Yearly,Debit Card,Yes,10,6,0
CUST3825,25,Female,Bangalore,31027,56,2666,3,499,Quarterly,Credit Card,No,22,1,1
CUST3826,55,Male,Hyderabad,35983,52,1593,5,399,Monthly,UPI,Yes,29,5,1
CUST3827,57,Male,Chennai,50526,10,1133,6,169,Monthly,UPI,No,30,9,1
CUST3828,49,Male,Delhi,82784,22,2857,1,419,Yearly,Credit Card,Yes,11,10,0
CUST3829,26,Male,Pune,94372,54,2502,4,542,Yearly,Credit Card,No,22,9,1
CUST3830,29,Female,Bangalore,68941,46,1999,0,381,Monthly,Credit Card,Yes,25,2,1
CUST3831,54,Male,Delhi,49689,40,625,4,149,Yearly,UPI,No,12,1,1
CUST3832,31,Male,Pune,82282,57,2770,3,40,Monthly,Credit Card,Yes,25,6,1
CUST3833,55,Female,Bangalore,55594,20,1324,2,122,Quarterly,Net Banking,No,20,5,1
CUST3834,33,Male,Mumbai,63756,35,1991,4,473,Yearly,Debit Card,Yes,1,9,1
CUST3835,31,Female,Pune,91388,48,839,4,477,Monthly,UPI,No,25,4,1
CUST3836,49,Male,Mumbai,30076,57,2072,2,121,Quarterly,Net Banking,Yes,19,1,1
CUST3837,39,Female,Bangalore,54440,23,1852,4,95,Quarterly,Credit Card,Yes,28,1,1
CUST3838,52,Male,Mumbai,75147,43,867,3,452,Yearly,UPI,No,28,3,1
CUST3839,41,Male,Bangalore,39615,34,2253,3,199,Quarterly,Net Banking,No,19,8,1
CUST3840,39,Male,Kolkata,30146,20,816,1,183,Monthly,Net Banking,No,3,3,1
CUST3841,50,Male,Hyderabad,57571,1,935,5,281,Yearly,Debit Card,Yes,7,4,1
CUST3842,41,Male,Hyderabad,97902,16,1976,5,443,Quarterly,Debit Card,Yes,7,9,1
CUST3843,58,Female,Pune,55568,20,2396,1,50,Yearly,Credit Card,Yes,5,6,0
CUST3844,48,Male,Kolkata,98197,35,2779,3,365,Monthly,Credit Card,Yes,28,5,1
CUST3845,24,Female,Mumbai,61408,21,2905,5,51,Monthly,Credit Card,No,19,4,1
CUST3846,40,Male,Hyderabad,41137,40,1178,2,101,Monthly,Credit Card,No,13,6,0
CUST3847,48,Male,Kolkata,43646,12,2274,5,228,Quarterly,Credit Card,Yes,17,10,1
CUST3848,58,Female,Chennai,46211,10,2694,1,443,Quarterly,Credit Card,No,25,8,1
CUST3849,31,Female,Kolkata,66801,38,1686,2,130,Monthly,UPI,No,7,7,0
CUST3850,48,Male,Kolkata,93497,33,682,6,35,Yearly,Net Banking,No,13,2,1
CUST3851,40,Male,Hyderabad,88812,19,1509,0,515,Monthly,Net Banking,No,2,3,1
CUST3852,47,Male,Pune,71541,20,1290,5,428,Yearly,Debit Card,Yes,6,3,1
CUST3853,32,Male,Bangalore,71607,57,2025,1,144,Quarterly,Credit Card,No,19,8,1
CUST3854,42,Female,Hyderabad,58794,36,1592,1,92,Monthly,Debit Card,No,29,6,1
CUST3855,35,Male,Delhi,62001,25,978,1,409,Monthly,UPI,Yes,18,1,1
CUST3856,49,Male,Kolkata,99579,35,1097,6,158,Monthly,Credit Card,Yes,30,5,1
CUST3857,42,Female,Chennai,60976,4,1069,0,170,Monthly,Credit Card,Yes,14,1,1
CUST3858,33,Male,Chennai,61742,7,2538,2,532,Quarterly,Credit Card,Yes,3,2,1
CUST3859,47,Female,Mumbai,39533,26,863,6,185,Monthly,Debit Card,Yes,12,1,1
CUST3860,59,Female,Delhi,64798,30,2869,5,386,Monthly,Credit Card,No,3,10,1
CUST3861,32,Female,Bangalore,81134,15,693,4,392,Monthly,Debit Card,No,8,1,1
CUST3862,36,Female,Kolkata,77628,55,2249,6,72,Quarterly,Net Banking,No,18,2,1
CUST3863,31,Female,Pune,91068,30,1964,5,484,Monthly,Net Banking,Yes,10,3,1
CUST3864,23,Female,Mumbai,30093,19,2543,2,118,Quarterly,Debit Card,Yes,2,7,0
CUST3865,43,Male,Hyderabad,96981,14,2739,6,253,Yearly,Debit Card,Yes,11,5,1
CUST3866,24,Female,Hyderabad,88024,8,1997,2,476,Yearly,Net Banking,Yes,1,4,1
CUST3867,25,Female,Hyderabad,43403,10,2725,6,32,Monthly,Debit Card,No,7,7,1
CUST3868,38,Female,Delhi,72517,52,1358,2,337,Quarterly,Debit Card,No,15,1,1
CUST3869,23,Female,Pune,94813,48,2574,3,394,Quarterly,Credit Card,No,25,10,1
CUST3870,30,Female,Mumbai,95896,6,1003,0,59,Quarterly,Net Banking,Yes,23,4,1
CUST3871,41,Male,Mumbai,56165,46,2375,2,292,Monthly,UPI,Yes,8,8,0
CUST3872,51,Female,Delhi,89207,2,2433,1,335,Yearly,UPI,No,18,2,1
CUST3873,37,Male,Pune,57955,5,1170,4,369,Monthly,UPI,Yes,23,10,1
CUST3874,38,Female,Pune,89596,49,2213,4,44,Yearly,Credit Card,No,26,10,1
CUST3875,51,Male,Hyderabad,56730,35,627,1,488,Monthly,Net Banking,No,6,1,1
CUST3876,27,Male,Pune,61076,7,1018,1,345,Yearly,Debit Card,Yes,1,7,0
CUST3877,46,Male,Chennai,80193,44,1894,5,264,Monthly,Credit Card,No,5,2,1
CUST3878,29,Male,Hyderabad,47383,55,633,0,85,Yearly,UPI,Yes,1,8,0
CUST3879,32,Male,Pune,41377,24,2685,3,529,Yearly,Net Banking,Yes,23,5,1
CUST3880,37,Female,Hyderabad,97639,44,2386,5,476,Yearly,Credit Card,No,5,1,1
CUST3881,46,Male,Hyderabad,60328,21,1336,6,539,Quarterly,Credit Card,No,9,4,1
CUST3882,30,Female,Chennai,35312,54,2557,5,388,Monthly,UPI,Yes,4,10,1
CUST3883,58,Male,Delhi,44063,35,1913,1,386,Yearly,Net Banking,No,16,1,1
CUST3884,26,Female,Kolkata,81205,10,2920,0,251,Quarterly,UPI,Yes,21,10,1
CUST3885,38,Female,Pune,87858,60,720,1,378,Monthly,Net Banking,No,17,4,1
CUST3886,55,Female,Chennai,58964,42,1455,1,286,Monthly,Debit Card,No,27,10,1
CUST3887,25,Female,Kolkata,90049,34,688,5,207,Monthly,UPI,Yes,16,7,1
CUST3888,43,Female,Chennai,63527,6,2764,1,223,Monthly,Credit Card,Yes,7,5,1
CUST3889,38,Female,Chennai,50642,20,863,1,509,Quarterly,Net Banking,Yes,17,3,1
CUST3890,33,Female,Mumbai,52211,60,2790,4,371,Monthly,Debit Card,No,17,2,1
CUST3891,38,Male,Bangalore,92546,40,2635,3,500,Quarterly,Credit Card,Yes,18,2,1
CUST3892,53,Female,Hyderabad,48007,42,1612,4,219,Yearly,Debit Card,No,3,9,1
CUST3893,49,Male,Pune,64635,26,1699,3,512,Yearly,Net Banking,Yes,27,7,1
CUST3894,59,Male,Chennai,95199,53,938,4,189,Yearly,Credit Card,Yes,14,4,1
CUST3895,39,Male,Mumbai,83833,32,1541,3,144,Monthly,UPI,No,8,1,1
CUST3896,59,Male,Bangalore,38577,9,1776,3,127,Yearly,Debit Card,No,19,7,1
CUST3897,38,Female,Mumbai,97035,20,1977,2,155,Yearly,Net Banking,No,19,8,1
CUST3898,45,Female,Bangalore,76007,17,2539,1,326,Yearly,UPI,No,23,8,1
CUST3899,39,Male,Chennai,42735,16,2243,3,499,Monthly,UPI,Yes,7,1,1
CUST3900,45,Male,Mumbai,59756,55,2224,3,254,Quarterly,UPI,Yes,8,10,0
CUST3901,29,Female,Hyderabad,60036,25,2643,4,474,Yearly,Net Banking,Yes,14,10,1
CUST3902,30,Male,Hyderabad,75267,48,1223,2,197,Yearly,UPI,Yes,7,5,1
CUST3903,59,Female,Kolkata,95298,46,1968,1,541,Yearly,Net Banking,Yes,14,9,0
CUST3904,56,Male,Delhi,33399,28,1782,1,466,Yearly,UPI,Yes,14,4,1
CUST3905,50,Male,Pune,58340,54,2946,3,243,Quarterly,Credit Card,No,2,2,1
CUST3906,54,Male,Mumbai,81457,4,2307,5,294,Yearly,Debit Card,No,25,8,1
CUST3907,59,Female,Bangalore,87942,60,2802,0,264,Yearly,Net Banking,No,3,1,1
CUST3908,53,Female,Kolkata,48616,7,1946,5,471,Yearly,Debit Card,No,24,8,1
CUST3909,37,Female,Delhi,36952,34,2849,4,301,Monthly,Net Banking,No,5,5,1
CUST3910,51,Female,Pune,88353,5,2688,2,334,Monthly,Credit Card,Yes,25,2,1
CUST3911,35,Female,Kolkata,72541,26,1605,5,113,Yearly,UPI,Yes,2,7,1
CUST3912,31,Male,Hyderabad,49918,17,2386,1,278,Monthly,UPI,Yes,4,9,0
CUST3913,38,Male,Kolkata,97824,48,839,0,500,Quarterly,Debit Card,Yes,15,1,1
CUST3914,40,Female,Kolkata,86360,5,707,3,394,Quarterly,UPI,No,16,6,1
CUST3915,53,Male,Pune,89301,26,708,4,410,Monthly,Credit Card,No,17,1,1
CUST3916,48,Male,Kolkata,81588,37,1082,1,380,Yearly,Credit Card,Yes,6,2,1
CUST3917,34,Female,Hyderabad,58788,52,1790,1,178,Quarterly,Net Banking,No,2,8,0
CUST3918,41,Female,Kolkata,77672,42,1528,5,309,Yearly,Credit Card,No,19,4,1
CUST3919,45,Male,Kolkata,65502,60,2038,6,166,Quarterly,Credit Card,No,18,4,1
CUST3920,40,Male,Hyderabad,39495,4,892,0,542,Monthly,Debit Card,No,20,3,1
CUST3921,56,Male,Chennai,63993,12,961,1,231,Quarterly,Net Banking,No,18,8,1
CUST3922,22,Female,Kolkata,42366,8,2285,2,242,Yearly,UPI,Yes,15,5,1
CUST3923,28,Female,Bangalore,91850,25,1993,4,73,Monthly,UPI,Yes,13,10,1
CUST3924,30,Male,Chennai,57011,28,2563,4,131,Monthly,Debit Card,Yes,26,7,1
CUST3925,56,Female,Mumbai,94583,17,517,1,361,Quarterly,Net Banking,No,25,9,1
CUST3926,54,Female,Bangalore,77266,27,2252,2,270,Monthly,Debit Card,No,25,10,1
CUST3927,38,Female,Chennai,30254,3,1102,1,413,Yearly,Debit Card,No,13,10,1
CUST3928,27,Male,Bangalore,31737,37,538,2,438,Monthly,Credit Card,No,12,7,0
CUST3929,41,Male,Hyderabad,93545,37,1104,0,194,Monthly,Net Banking,No,21,7,1
CUST3930,37,Male,Delhi,97345,19,1909,1,167,Quarterly,Credit Card,Yes,12,2,1
CUST3931,40,Female,Bangalore,72789,37,1998,6,491,Quarterly,Debit Card,Yes,13,5,1
CUST3932,55,Male,Hyderabad,42128,19,1934,4,118,Monthly,Net Banking,No,6,2,1
CUST3933,54,Female,Pune,90064,32,2433,5,367,Monthly,Credit Card,No,10,3,1
CUST3934,56,Female,Kolkata,36503,54,2314,0,350,Quarterly,UPI,Yes,18,9,1
CUST3935,53,Female,Mumbai,53763,17,1216,0,182,Quarterly,Credit Card,Yes,10,1,1
CUST3936,52,Female,Hyderabad,39651,16,1672,5,511,Monthly,UPI,No,6,3,1
CUST3937,54,Male,Pune,64890,45,2104,1,445,Quarterly,Net Banking,No,15,2,1
CUST3938,41,Male,Delhi,46691,52,1764,4,249,Yearly,Net Banking,Yes,13,10,1
CUST3939,37,Female,Kolkata,93177,29,993,6,531,Quarterly,Debit Card,No,26,7,1
CUST3940,59,Female,Hyderabad,53511,31,2779,3,215,Quarterly,UPI,No,25,4,1
CUST3941,31,Male,Delhi,89269,7,1256,6,485,Monthly,Debit Card,Yes,3,8,1
CUST3942,42,Female,Pune,78640,45,2473,1,236,Monthly,Debit Card,No,7,9,0
CUST3943,24,Male,Chennai,43725,58,1639,3,65,Monthly,Debit Card,No,3,5,1
CUST3944,46,Male,Chennai,94990,11,2253,1,269,Quarterly,Debit Card,No,25,10,1
CUST3945,58,Female,Pune,91396,28,2411,0,538,Yearly,Credit Card,No,11,1,1
CUST3946,54,Male,Hyderabad,79421,23,1193,5,65,Yearly,Debit Card,Yes,20,4,1
CUST3947,27,Male,Bangalore,57488,28,1189,5,520,Yearly,Credit Card,Yes,17,9,1
CUST3948,49,Female,Chennai,64229,7,2979,3,546,Yearly,Debit Card,Yes,5,6,0
CUST3949,28,Female,Delhi,48837,45,2886,3,295,Monthly,Debit Card,Yes,16,8,1
CUST3950,40,Male,Pune,58037,4,1618,5,66,Yearly,Credit Card,Yes,9,3,1
CUST3951,42,Female,Pune,73408,55,2891,6,547,Quarterly,Debit Card,No,25,3,1
CUST3952,58,Female,Hyderabad,89416,32,1646,0,338,Yearly,UPI,Yes,20,6,1
CUST3953,33,Female,Pune,85911,40,2338,2,433,Quarterly,UPI,Yes,1,7,0
CUST3954,27,Female,Delhi,63428,36,1321,2,54,Quarterly,Credit Card,No,3,4,1
CUST3955,55,Female,Delhi,94202,48,1181,6,376,Yearly,Debit Card,No,10,2,1
CUST3956,27,Male,Chennai,65521,42,1089,1,318,Monthly,Net Banking,Yes,10,6,0
CUST3957,33,Male,Pune,45327,49,1345,4,208,Monthly,Credit Card,Yes,5,1,1
CUST3958,54,Male,Mumbai,48733,4,1692,0,298,Yearly,Net Banking,Yes,12,4,1
CUST3959,39,Female,Hyderabad,44550,35,2644,2,366,Quarterly,Net Banking,No,7,2,1
CUST3960,33,Male,Chennai,31924,48,859,6,376,Yearly,Debit Card,Yes,28,8,1
CUST3961,34,Male,Chennai,98237,32,2430,5,365,Monthly,Net Banking,No,23,9,1
CUST3962,43,Female,Kolkata,45352,47,2832,1,415,Yearly,UPI,Yes,22,2,1
CUST3963,24,Female,Pune,76556,56,2558,3,289,Yearly,Credit Card,Yes,9,8,0
CUST3964,37,Female,Hyderabad,74537,22,976,3,53,Quarterly,Debit Card,No,24,9,1
CUST3965,43,Female,Chennai,80734,23,2259,1,528,Quarterly,Net Banking,No,27,3,1
CUST3966,40,Male,Hyderabad,42979,34,1608,2,519,Quarterly,UPI,Yes,5,7,0
CUST3967,23,Female,Mumbai,57785,38,1337,2,192,Quarterly,Credit Card,Yes,30,10,1
CUST3968,30,Female,Chennai,44052,35,731,5,149,Quarterly,Credit Card,Yes,22,1,1
CUST3969,37,Female,Chennai,87541,32,1918,1,180,Monthly,Net Banking,No,30,9,1
CUST3970,49,Male,Hyderabad,39530,28,715,6,388,Quarterly,Net Banking,Yes,18,1,1
CUST3971,55,Female,Kolkata,57134,22,656,1,71,Monthly,Net Banking,Yes,20,10,1
CUST3972,51,Female,Hyderabad,93477,34,622,4,211,Quarterly,Debit Card,No,25,6,1
CUST3973,42,Male,Chennai,99561,5,1792,4,209,Quarterly,Credit Card,No,23,5,1
CUST3974,27,Male,Mumbai,95355,40,1701,3,424,Monthly,UPI,Yes,20,8,1
CUST3975,36,Male,Hyderabad,64920,35,1292,0,384,Monthly,Debit Card,No,19,9,1
CUST3976,52,Female,Kolkata,54144,55,2850,0,410,Quarterly,Debit Card,No,26,10,1
CUST3977,29,Female,Hyderabad,51865,26,2709,2,272,Quarterly,Debit Card,Yes,1,9,0
CUST3978,45,Female,Hyderabad,49374,20,721,4,480,Monthly,Credit Card,Yes,17,10,1
CUST3979,26,Female,Delhi,36309,4,1536,2,286,Yearly,Debit Card,No,2,2,1
CUST3980,57,Female,Kolkata,36508,33,2741,3,429,Yearly,Debit Card,Yes,4,9,0
CUST3981,30,Female,Bangalore,60932,23,1903,4,480,Quarterly,Net Banking,No,23,10,1
CUST3982,28,Male,Kolkata,83219,44,2483,3,33,Quarterly,Debit Card,Yes,22,7,1
CUST3983,46,Female,Mumbai,71704,26,1469,2,236,Monthly,UPI,No,22,1,1
CUST3984,56,Male,Bangalore,51910,39,532,2,278,Quarterly,Debit Card,Yes,8,2,1
CUST3985,45,Male,Mumbai,52487,50,2699,2,259,Yearly,Credit Card,Yes,25,5,1
CUST3986,54,Female,Pune,85186,43,1634,0,45,Yearly,UPI,No,3,10,0
CUST3987,55,Male,Hyderabad,81315,5,1994,6,310,Monthly,Net Banking,Yes,29,8,1
CUST3988,34,Female,Mumbai,90526,32,2056,6,314,Quarterly,UPI,No,19,9,1
CUST3989,44,Male,Hyderabad,87888,8,1693,4,326,Quarterly,UPI,Yes,10,8,1
CUST3990,32,Male,Delhi,68573,3,1616,4,525,Quarterly,Debit Card,Yes,20,1,1
CUST3991,58,Male,Delhi,36393,7,1220,3,211,Monthly,UPI,No,11,9,0
CUST3992,45,Male,Mumbai,35057,27,1606,1,377,Yearly,Debit Card,No,7,5,1
CUST3993,47,Female,Pune,97541,6,2814,2,171,Monthly,Credit Card,Yes,28,4,1
CUST3994,23,Female,Bangalore,39144,43,2095,3,51,Yearly,Credit Card,No,30,7,1
CUST3995,25,Male,Kolkata,99741,58,1995,1,105,Quarterly,Debit Card,No,19,5,1
CUST3996,25,Female,Mumbai,65411,44,1735,5,474,Monthly,Net Banking,Yes,21,10,1
CUST3997,51,Female,Kolkata,56238,52,1243,4,451,Quarterly,Net Banking,No,3,8,1
CUST3998,50,Female,Hyderabad,95270,10,1854,3,462,Monthly,UPI,Yes,26,3,1
CUST3999,33,Female,Delhi,36228,16,2248,6,120,Quarterly,Debit Card,No,4,1,1
CUST4000,22,Female,Pune,84524,22,2178,3,299,Monthly,Net Banking,Yes,9,3,1
CUST4001,55,Male,Bangalore,53043,33,949,2,348,Yearly,Credit Card,Yes,9,6,0
CUST4002,52,Female,Kolkata,51826,40,950,0,145,Yearly,Debit Card,No,27,5,1
CUST4003,58,Female,Delhi,54271,21,747,3,508,Yearly,Credit Card,Yes,9,1,1
CUST4004,58,Male,Hyderabad,85092,37,2955,0,208,Monthly,Net Banking,Yes,9,8,0
CUST4005,57,Female,Hyderabad,61182,45,1327,1,175,Quarterly,UPI,Yes,28,8,1
CUST4006,22,Female,Hyderabad,53826,23,653,0,344,Monthly,UPI,No,2,3,1
CUST4007,39,Female,Pune,60401,60,2809,6,483,Monthly,UPI,Yes,27,6,1
CUST4008,52,Female,Kolkata,43416,40,849,5,198,Monthly,UPI,No,12,2,1
CUST4009,44,Female,Bangalore,66069,23,780,6,282,Quarterly,Net Banking,Yes,20,5,1
CUST4010,39,Male,Chennai,98201,40,578,2,524,Monthly,Net Banking,No,14,1,1
CUST4011,42,Male,Delhi,56951,7,2931,3,261,Quarterly,Net Banking,No,8,6,0
CUST4012,56,Male,Kolkata,81591,38,1816,4,230,Yearly,Net Banking,Yes,13,9,1
CUST4013,45,Female,Hyderabad,72635,2,1457,2,501,Quarterly,Credit Card,Yes,13,5,1
CUST4014,44,Male,Kolkata,44821,31,1320,0,334,Quarterly,Credit Card,Yes,17,3,1
CUST4015,47,Male,Hyderabad,82236,44,665,5,370,Monthly,Credit Card,Yes,29,7,1
CUST4016,26,Female,Pune,63485,18,2103,0,433,Monthly,Debit Card,No,13,4,1
CUST4017,25,Male,Delhi,73374,36,2795,5,243,Monthly,Credit Card,No,28,6,1
CUST4018,57,Male,Delhi,66326,46,1198,5,303,Yearly,UPI,No,12,6,1
CUST4019,48,Female,Bangalore,86718,47,2510,4,122,Monthly,UPI,No,3,7,1
CUST4020,58,Female,Bangalore,63083,31,1197,0,382,Monthly,Debit Card,No,15,8,0
CUST4021,32,Female,Chennai,49309,29,588,6,426,Quarterly,Debit Card,Yes,19,6,1
CUST4022,40,Female,Bangalore,34409,36,1295,3,535,Quarterly,UPI,No,6,5,1
CUST4023,46,Male,Mumbai,82136,35,1872,0,256,Monthly,Credit Card,Yes,20,1,1
CUST4024,33,Male,Mumbai,37928,50,1367,1,187,Yearly,Credit Card,No,8,9,0
CUST4025,34,Male,Kolkata,77838,57,1977,5,356,Monthly,UPI,Yes,28,5,1
CUST4026,59,Female,Hyderabad,39322,49,2982,3,278,Quarterly,Net Banking,No,12,5,1
CUST4027,42,Male,Mumbai,36732,50,912,6,194,Yearly,UPI,Yes,29,6,1
CUST4028,57,Female,Pune,69579,23,2772,3,416,Monthly,Debit Card,No,29,4,1
CUST4029,22,Female,Pune,58090,29,2578,6,426,Yearly,Net Banking,No,22,2,1
CUST4030,54,Female,Bangalore,65377,7,645,2,293,Quarterly,UPI,Yes,23,9,1
CUST4031,49,Male,Mumbai,93654,17,2226,1,189,Yearly,UPI,Yes,9,5,1
CUST4032,47,Female,Pune,38390,29,1556,0,250,Quarterly,UPI,Yes,5,6,0
CUST4033,32,Male,Hyderabad,51663,8,1813,6,364,Monthly,Credit Card,No,29,6,1
CUST4034,26,Female,Chennai,40485,3,2462,2,358,Quarterly,Net Banking,Yes,3,3,1
CUST4035,55,Female,Delhi,74233,20,929,2,95,Quarterly,Credit Card,No,6,1,1
CUST4036,24,Male,Pune,94099,13,2582,6,520,Yearly,Credit Card,Yes,4,1,1
CUST4037,26,Male,Mumbai,50180,57,1779,6,453,Quarterly,Net Banking,No,21,8,1
CUST4038,51,Female,Mumbai,54489,7,1722,2,447,Quarterly,UPI,Yes,22,4,1
CUST4039,48,Female,Chennai,90361,45,1420,1,39,Monthly,Net Banking,Yes,10,10,0
CUST4040,26,Female,Hyderabad,45201,7,1573,0,335,Yearly,Debit Card,Yes,8,8,0
CUST4041,54,Male,Chennai,38947,25,2367,2,387,Yearly,Credit Card,No,3,5,1
CUST4042,50,Female,Chennai,76576,24,2094,6,329,Quarterly,Net Banking,No,2,4,1
CUST4043,41,Female,Delhi,32424,57,2152,3,384,Quarterly,UPI,No,17,6,1
CUST4044,38,Female,Pune,75594,17,1074,2,68,Monthly,Net Banking,No,2,3,1
CUST4045,23,Female,Chennai,55525,29,1568,6,294,Monthly,UPI,No,27,8,1
CUST4046,35,Female,Hyderabad,74651,22,660,2,55,Quarterly,UPI,Yes,19,7,1
CUST4047,47,Male,Bangalore,82034,6,1024,6,42,Quarterly,Net Banking,No,30,9,1
CUST4048,34,Male,Kolkata,75952,40,1688,6,427,Monthly,Debit Card,No,11,9,1
CUST4049,52,Male,Hyderabad,91240,7,1099,0,457,Monthly,Debit Card,Yes,9,3,1
CUST4050,47,Male,Hyderabad,89481,1,1496,6,273,Monthly,Net Banking,Yes,25,6,1
CUST4051,24,Male,Kolkata,37017,58,2600,1,208,Monthly,UPI,Yes,5,7,0
CUST4052,39,Male,Kolkata,32843,48,515,3,435,Quarterly,Debit Card,No,19,1,1
CUST4053,52,Male,Chennai,79577,34,1249,5,32,Monthly,Net Banking,No,16,1,1
CUST4054,48,Female,Pune,80711,20,598,4,200,Yearly,Credit Card,No,20,4,1
CUST4055,23,Male,Bangalore,34163,27,1327,0,315,Monthly,Debit Card,No,5,6,0
CUST4056,33,Male,Kolkata,71119,38,2284,0,215,Yearly,UPI,No,22,8,1
CUST4057,53,Female,Pune,92830,31,2694,4,498,Monthly,Net Banking,No,26,4,1
CUST4058,49,Male,Bangalore,92740,50,559,1,404,Yearly,UPI,Yes,20,1,1
CUST4059,37,Male,Hyderabad,55406,57,784,0,344,Monthly,Credit Card,No,22,8,1
CUST4060,28,Male,Hyderabad,54541,34,1823,0,104,Yearly,Net Banking,Yes,15,3,1
CUST4061,44,Female,Hyderabad,77284,45,591,4,63,Quarterly,Debit Card,No,6,6,1
CUST4062,25,Female,Bangalore,63733,21,1679,2,229,Yearly,Net Banking,Yes,19,5,1
CUST4063,32,Male,Delhi,55545,58,1487,3,121,Monthly,Net Banking,Yes,29,8,1
CUST4064,40,Female,Mumbai,57700,48,2158,4,33,Yearly,UPI,Yes,9,9,1
CUST4065,55,Female,Hyderabad,70785,11,1497,0,237,Quarterly,Credit Card,Yes,4,2,1
CUST4066,28,Female,Bangalore,88126,57,2073,2,376,Quarterly,Credit Card,Yes,30,4,1
CUST4067,38,Female,Hyderabad,76435,19,2910,4,407,Yearly,Credit Card,Yes,21,3,1
CUST4068,35,Male,Pune,41036,18,2584,4,74,Monthly,UPI,No,24,8,1
CUST4069,33,Male,Chennai,57188,45,787,1,298,Yearly,UPI,No,4,7,0
CUST4070,31,Male,Kolkata,54502,5,1765,5,383,Yearly,UPI,No,28,8,1
CUST4071,37,Female,Mumbai,73420,36,1916,6,334,Quarterly,Debit Card,Yes,20,9,1
CUST4072,34,Male,Kolkata,37907,45,516,6,463,Monthly,UPI,Yes,11,4,1
CUST4073,41,Female,Hyderabad,90117,45,783,4,254,Yearly,Net Banking,Yes,1,6,1
CUST4074,57,Male,Bangalore,55939,33,990,2,204,Quarterly,Debit Card,No,21,10,1
CUST4075,54,Male,Mumbai,88103,3,1665,6,327,Yearly,Credit Card,No,22,1,1
CUST4076,52,Male,Chennai,55390,35,872,3,467,Monthly,Net Banking,No,12,3,1
CUST4077,37,Female,Delhi,36586,8,2689,1,251,Yearly,Debit Card,Yes,1,2,1
CUST4078,55,Male,Bangalore,43499,49,1704,6,99,Yearly,Credit Card,No,22,8,1
CUST4079,58,Female,Pune,99529,39,2166,0,39,Monthly,Debit Card,Yes,3,6,0
CUST4080,24,Male,Bangalore,57328,33,2054,3,347,Quarterly,Net Banking,No,2,9,0
CUST4081,52,Male,Chennai,46471,12,2918,6,81,Yearly,Debit Card,Yes,21,4,1
CUST4082,48,Female,Pune,79190,13,2651,1,72,Quarterly,Debit Card,Yes,17,8,1
CUST4083,50,Male,Kolkata,89867,45,713,3,438,Yearly,UPI,Yes,9,3,1
CUST4084,34,Female,Mumbai,52622,13,2908,1,191,Quarterly,Credit Card,No,17,7,1
CUST4085,42,Female,Hyderabad,81747,54,2599,2,425,Quarterly,Debit Card,Yes,28,5,1
CUST4086,49,Male,Chennai,31634,44,1218,4,228,Quarterly,Credit Card,No,15,3,1
CUST4087,52,Male,Mumbai,55931,8,2764,4,463,Quarterly,Debit Card,No,3,7,1
CUST4088,42,Male,Hyderabad,40605,4,2436,6,425,Monthly,Net Banking,Yes,11,3,1
CUST4089,32,Female,Delhi,70558,37,1893,4,285,Monthly,Net Banking,Yes,30,5,1
CUST4090,57,Female,Pune,78745,22,2485,6,379,Quarterly,Net Banking,Yes,27,7,1
CUST4091,33,Female,Mumbai,98688,41,787,6,315,Yearly,Net Banking,No,15,10,1
CUST4092,59,Male,Pune,94654,30,929,1,400,Monthly,Net Banking,Yes,13,3,1
CUST4093,57,Male,Bangalore,89341,58,1819,1,75,Quarterly,Debit Card,No,8,10,0
CUST4094,39,Female,Mumbai,93153,40,1526,1,292,Quarterly,Credit Card,Yes,1,6,0
CUST4095,34,Male,Bangalore,53810,29,2326,6,368,Monthly,Credit Card,Yes,28,4,1
CUST4096,34,Male,Kolkata,46303,39,1078,5,159,Quarterly,Net Banking,Yes,18,9,1
CUST4097,32,Female,Kolkata,46640,48,2916,1,448,Quarterly,Net Banking,Yes,18,3,1
CUST4098,55,Female,Bangalore,44155,43,754,5,163,Quarterly,UPI,Yes,19,7,1
CUST4099,43,Female,Delhi,33658,7,1184,4,379,Monthly,Net Banking,Yes,19,3,1
CUST4100,50,Male,Mumbai,92970,53,1735,3,516,Quarterly,Net Banking,Yes,1,7,0
CUST4101,52,Male,Pune,66479,56,2086,6,529,Quarterly,Credit Card,Yes,15,6,1
CUST4102,28,Female,Chennai,57774,45,1567,6,157,Quarterly,UPI,Yes,27,2,1
CUST4103,38,Female,Chennai,88989,30,1481,3,510,Yearly,Debit Card,No,26,3,1
CUST4104,32,Female,Pune,67820,41,1810,5,480,Monthly,Credit Card,No,1,3,1
CUST4105,55,Female,Mumbai,69866,21,902,3,148,Quarterly,Credit Card,No,21,10,1
CUST4106,28,Female,Delhi,74508,40,2225,6,362,Quarterly,Debit Card,No,14,3,1
CUST4107,32,Female,Hyderabad,98737,49,2681,4,454,Monthly,Debit Card,Yes,19,5,1
CUST4108,51,Female,Delhi,44525,36,2469,1,81,Yearly,Credit Card,No,17,4,1
CUST4109,37,Female,Bangalore,32422,5,2172,1,508,Quarterly,UPI,No,20,4,1
CUST4110,38,Female,Pune,54019,28,582,6,96,Monthly,Net Banking,Yes,30,5,1
CUST4111,27,Female,Bangalore,56921,24,799,0,527,Monthly,UPI,Yes,19,6,1
CUST4112,57,Male,Mumbai,71253,44,2373,6,58,Quarterly,Net Banking,No,19,9,1
CUST4113,43,Female,Kolkata,72732,48,1125,5,384,Quarterly,Credit Card,Yes,17,6,1
CUST4114,26,Male,Mumbai,52844,25,2425,4,366,Quarterly,Net Banking,Yes,17,1,1
CUST4115,58,Female,Bangalore,39212,13,2062,2,101,Yearly,UPI,No,21,4,1
CUST4116,42,Female,Delhi,57506,57,1742,1,157,Quarterly,Credit Card,No,8,1,1
CUST4117,33,Female,Kolkata,80467,2,1230,0,433,Yearly,Credit Card,No,21,10,1
CUST4118,41,Male,Hyderabad,55223,18,2053,1,154,Monthly,Net Banking,No,2,10,0
CUST4119,29,Female,Chennai,48354,10,1921,1,59,Monthly,Credit Card,No,24,7,1
CUST4120,25,Male,Pune,54806,11,1481,2,535,Yearly,Debit Card,Yes,2,5,1
CUST4121,26,Male,Hyderabad,79094,4,2673,2,518,Quarterly,Net Banking,Yes,4,6,1
CUST4122,50,Female,Delhi,77611,9,884,0,477,Yearly,Debit Card,Yes,20,3,1
CUST4123,25,Male,Mumbai,92093,55,1616,5,462,Yearly,UPI,No,15,10,1
CUST4124,38,Male,Mumbai,75032,4,1199,4,160,Monthly,UPI,No,29,9,1
CUST4125,42,Female,Mumbai,71472,1,2465,6,295,Monthly,Debit Card,No,15,8,1
CUST4126,32,Female,Chennai,92391,46,1568,6,170,Yearly,UPI,Yes,27,9,1
CUST4127,38,Female,Hyderabad,53612,51,1663,4,305,Quarterly,UPI,No,8,8,1
CUST4128,32,Female,Bangalore,68822,33,1309,6,481,Monthly,UPI,Yes,1,5,1
CUST4129,40,Female,Delhi,40273,7,943,4,241,Yearly,Debit Card,Yes,21,2,1
CUST4130,43,Male,Pune,69215,40,651,1,252,Monthly,Net Banking,No,4,8,0
CUST4131,38,Male,Pune,31511,19,731,5,396,Yearly,Credit Card,No,1,6,1
CUST4132,57,Female,Pune,56188,47,2070,1,45,Monthly,Debit Card,No,18,2,1
CUST4133,59,Female,Chennai,79322,32,2810,6,218,Quarterly,Credit Card,Yes,18,7,1
CUST4134,45,Male,Bangalore,43133,50,2529,5,534,Monthly,Debit Card,No,22,10,1
CUST4135,43,Female,Hyderabad,84345,26,2370,5,263,Quarterly,Debit Card,Yes,23,1,1
CUST4136,22,Male,Hyderabad,68221,36,1106,3,64,Quarterly,UPI,No,28,7,1
CUST4137,44,Female,Chennai,49885,44,1136,1,108,Quarterly,UPI,No,29,1,1
CUST4138,46,Male,Bangalore,61001,35,2604,6,220,Quarterly,UPI,Yes,4,10,1
CUST4139,59,Male,Delhi,86492,39,1716,5,194,Monthly,Debit Card,No,19,10,1
CUST4140,48,Female,Pune,53814,8,1318,2,248,Quarterly,Credit Card,Yes,9,6,0
CUST4141,34,Male,Bangalore,68662,11,1189,6,96,Yearly,UPI,Yes,9,5,1
CUST4142,37,Male,Delhi,77631,44,1502,0,484,Yearly,Credit Card,No,15,6,0
CUST4143,27,Female,Delhi,35778,52,2485,2,267,Quarterly,UPI,Yes,22,9,1
CUST4144,57,Male,Mumbai,80736,28,2585,3,61,Quarterly,Debit Card,No,19,9,1
CUST4145,57,Female,Chennai,99222,36,2142,5,411,Quarterly,UPI,Yes,23,2,1
CUST4146,31,Male,Mumbai,99445,8,946,3,307,Monthly,Net Banking,Yes,2,4,1
CUST4147,54,Female,Bangalore,47806,7,1483,1,39,Monthly,Credit Card,Yes,15,5,1
CUST4148,45,Male,Kolkata,51310,21,2651,5,364,Yearly,Debit Card,Yes,15,5,1
CUST4149,35,Male,Bangalore,42842,52,1607,0,288,Quarterly,UPI,Yes,8,7,0
CUST4150,44,Male,Chennai,69258,35,2444,6,165,Yearly,Net Banking,Yes,24,3,1
CUST4151,59,Female,Bangalore,35521,28,911,2,477,Monthly,Net Banking,No,23,2,1
CUST4152,58,Female,Mumbai,74291,41,2122,4,292,Monthly,Net Banking,Yes,23,1,1
CUST4153,29,Female,Pune,35361,47,2850,4,205,Yearly,UPI,Yes,29,5,1
CUST4154,44,Female,Chennai,75532,44,2215,2,363,Yearly,Net Banking,No,24,1,1
CUST4155,23,Male,Mumbai,42410,35,1339,3,356,Quarterly,Net Banking,Yes,7,5,1
CUST4156,38,Male,Hyderabad,70905,4,1034,5,47,Quarterly,Debit Card,Yes,27,8,1
CUST4157,50,Male,Mumbai,56250,48,2158,4,161,Monthly,Debit Card,No,1,8,1
CUST4158,53,Male,Bangalore,64482,4,2760,2,502,Quarterly,Debit Card,Yes,4,10,1
CUST4159,32,Male,Chennai,86414,40,2496,6,545,Monthly,Credit Card,No,5,10,1
CUST4160,58,Female,Kolkata,33883,33,1565,4,432,Quarterly,Credit Card,Yes,19,4,1
CUST4161,53,Male,Delhi,66139,55,835,4,459,Yearly,Credit Card,Yes,12,5,1
CUST4162,35,Male,Chennai,98324,22,529,6,546,Yearly,Credit Card,No,29,2,1
CUST4163,22,Male,Bangalore,69974,17,2461,6,440,Quarterly,Net Banking,No,28,6,1
CUST4164,52,Female,Mumbai,79934,55,1507,5,249,Yearly,Debit Card,Yes,4,1,1
CUST4165,55,Female,Bangalore,74933,36,1878,6,109,Monthly,UPI,No,2,8,1
CUST4166,36,Female,Chennai,33774,27,2484,2,548,Monthly,UPI,Yes,16,10,1
CUST4167,33,Male,Pune,61696,45,578,5,144,Quarterly,Debit Card,No,26,2,1
CUST4168,47,Male,Bangalore,96500,52,1328,5,203,Monthly,Net Banking,Yes,4,7,1
CUST4169,22,Female,Hyderabad,96764,43,2340,1,263,Yearly,Debit Card,No,16,5,1
CUST4170,34,Female,Mumbai,37587,8,799,2,332,Monthly,Debit Card,No,28,4,1
CUST4171,39,Female,Bangalore,62693,12,1420,3,529,Quarterly,Net Banking,No,11,6,0
CUST4172,55,Male,Chennai,32700,46,2201,3,260,Monthly,Net Banking,Yes,4,7,0
CUST4173,34,Male,Delhi,59543,27,614,6,287,Monthly,UPI,No,21,2,1
CUST4174,47,Female,Mumbai,84004,42,530,4,387,Monthly,Net Banking,Yes,24,6,1
CUST4175,57,Female,Mumbai,99105,29,2756,1,335,Yearly,Credit Card,Yes,5,9,0
CUST4176,22,Female,Delhi,62835,58,2362,2,496,Yearly,Debit Card,Yes,8,3,1
CUST4177,29,Female,Mumbai,75788,50,1767,2,48,Quarterly,Debit Card,Yes,12,5,1
CUST4178,46,Male,Chennai,93535,50,1311,2,190,Monthly,Credit Card,Yes,7,2,1
CUST4179,54,Male,Hyderabad,45475,42,2546,6,466,Monthly,Net Banking,Yes,30,10,1
CUST4180,36,Female,Bangalore,56427,48,2750,4,495,Quarterly,Debit Card,Yes,8,9,1
CUST4181,43,Female,Hyderabad,91776,33,702,6,86,Monthly,Debit Card,No,4,4,1
CUST4182,40,Female,Delhi,92248,49,965,0,203,Quarterly,Debit Card,No,4,10,0
CUST4183,35,Male,Chennai,73861,27,675,4,490,Quarterly,Net Banking,Yes,30,8,1
CUST4184,28,Female,Hyderabad,73114,43,2605,0,371,Monthly,Debit Card,No,14,2,1
CUST4185,41,Female,Kolkata,67575,22,2261,4,131,Yearly,UPI,Yes,17,8,1
CUST4186,40,Female,Bangalore,94260,23,1350,5,295,Quarterly,Debit Card,Yes,13,6,1
CUST4187,58,Male,Chennai,54486,10,1554,2,384,Monthly,Debit Card,Yes,13,2,1
CUST4188,57,Female,Chennai,46494,4,2218,4,225,Monthly,UPI,No,30,6,1
CUST4189,49,Female,Pune,73162,5,607,6,64,Quarterly,UPI,No,7,3,1
CUST4190,51,Male,Delhi,57039,40,784,6,547,Monthly,Debit Card,No,26,3,1
CUST4191,49,Male,Chennai,33972,41,2091,5,134,Yearly,Credit Card,No,18,9,1
CUST4192,31,Female,Delhi,54732,10,2681,0,161,Quarterly,Net Banking,No,5,2,1
CUST4193,40,Male,Delhi,98512,4,703,6,365,Monthly,UPI,No,2,1,1
CUST4194,23,Male,Chennai,55724,60,2186,6,204,Monthly,Credit Card,No,20,5,1
CUST4195,37,Female,Chennai,86938,44,1828,5,373,Monthly,UPI,Yes,26,7,1
CUST4196,51,Female,Delhi,45993,52,2783,6,506,Yearly,Credit Card,No,23,9,1
CUST4197,45,Female,Hyderabad,77709,1,1776,5,87,Monthly,Credit Card,Yes,15,9,1
CUST4198,34,Male,Bangalore,78544,9,2166,5,358,Monthly,Net Banking,No,20,9,1
CUST4199,45,Male,Hyderabad,53007,7,2455,0,49,Quarterly,Debit Card,Yes,17,6,1
CUST4200,57,Male,Mumbai,69355,37,2915,2,176,Monthly,Debit Card,No,21,8,1
CUST4201,37,Male,Kolkata,72423,6,1810,4,398,Monthly,Net Banking,No,16,2,1
CUST4202,52,Male,Hyderabad,37139,6,2318,6,89,Yearly,UPI,No,1,9,1
CUST4203,36,Male,Mumbai,53926,27,1545,6,378,Quarterly,Net Banking,No,9,2,1
CUST4204,36,Female,Pune,96586,7,1550,4,426,Monthly,Credit Card,Yes,23,1,1
CUST4205,32,Male,Kolkata,95210,10,1300,5,411,Quarterly,Credit Card,Yes,8,1,1
CUST4206,28,Female,Chennai,83574,7,1129,3,113,Yearly,Net Banking,No,18,9,1
CUST4207,35,Male,Chennai,86628,14,1068,2,331,Yearly,Debit Card,No,26,8,1
CUST4208,26,Female,Chennai,71573,28,605,2,279,Yearly,Debit Card,No,24,6,1
CUST4209,31,Male,Pune,79645,52,1974,6,319,Quarterly,Credit Card,Yes,7,1,1
CUST4210,34,Male,Pune,35433,21,1938,0,74,Yearly,Net Banking,Yes,15,1,1
CUST4211,29,Male,Hyderabad,34424,40,2787,3,388,Monthly,Credit Card,No,6,5,1
CUST4212,38,Male,Kolkata,65175,58,2932,0,251,Monthly,Net Banking,No,3,8,0
CUST4213,51,Male,Mumbai,62894,39,2120,6,277,Monthly,Debit Card,Yes,2,8,1
CUST4214,48,Female,Hyderabad,53553,10,2894,4,353,Quarterly,Credit Card,No,15,1,1
CUST4215,42,Female,Delhi,74310,33,1391,6,491,Yearly,UPI,Yes,9,5,1
CUST4216,51,Male,Mumbai,87505,55,2995,6,484,Quarterly,Net Banking,Yes,21,9,1
CUST4217,25,Female,Delhi,97393,56,2415,2,446,Monthly,Net Banking,No,25,5,1
CUST4218,48,Male,Kolkata,72019,49,2803,2,37,Quarterly,UPI,Yes,12,2,1
CUST4219,58,Female,Hyderabad,36900,49,1353,5,225,Yearly,Debit Card,No,18,1,1
CUST4220,33,Female,Mumbai,78169,53,805,0,496,Yearly,UPI,Yes,4,7,0
CUST4221,30,Female,Chennai,39607,25,861,0,223,Yearly,UPI,No,12,7,0
CUST4222,34,Male,Chennai,35044,36,1460,0,123,Yearly,Credit Card,No,17,8,1
CUST4223,24,Female,Pune,43690,10,1225,3,253,Monthly,Credit Card,Yes,29,4,1
CUST4224,23,Male,Pune,97178,22,508,3,178,Yearly,Net Banking,No,17,2,1
CUST4225,24,Female,Bangalore,50100,60,1576,3,235,Yearly,UPI,Yes,16,10,1
CUST4226,40,Male,Kolkata,34840,17,553,6,519,Quarterly,Credit Card,No,3,8,1
CUST4227,34,Female,Hyderabad,55278,15,1810,2,441,Yearly,Debit Card,No,10,9,0
CUST4228,28,Female,Kolkata,82384,7,888,1,410,Quarterly,Net Banking,No,29,7,1
CUST4229,37,Male,Delhi,43269,34,667,3,523,Yearly,Debit Card,No,4,8,0
CUST4230,28,Male,Kolkata,43531,59,2681,6,151,Quarterly,Debit Card,No,1,3,1
CUST4231,31,Female,Chennai,33492,44,788,0,82,Monthly,Debit Card,Yes,13,3,1
CUST4232,28,Female,Kolkata,57535,40,2797,1,208,Yearly,Debit Card,No,7,7,0
CUST4233,53,Female,Kolkata,89113,57,1204,0,490,Quarterly,Net Banking,Yes,19,10,1
CUST4234,30,Female,Mumbai,43348,23,2164,1,348,Yearly,Net Banking,No,11,4,1
CUST4235,52,Male,Kolkata,93428,37,1228,1,516,Yearly,Net Banking,No,17,10,1
CUST4236,32,Female,Kolkata,47538,45,869,3,253,Quarterly,Credit Card,No,20,3,1
CUST4237,53,Male,Chennai,93475,5,2656,3,249,Monthly,UPI,No,8,2,1
CUST4238,46,Male,Hyderabad,99305,48,2420,3,178,Monthly,UPI,Yes,2,8,0
CUST4239,58,Male,Hyderabad,76809,47,2961,2,385,Yearly,Credit Card,No,11,10,0
CUST4240,33,Female,Mumbai,62401,46,624,6,479,Quarterly,UPI,Yes,8,6,1
CUST4241,52,Female,Pune,31376,52,1489,6,292,Quarterly,Debit Card,Yes,25,6,1
CUST4242,57,Male,Delhi,64484,27,1389,2,518,Quarterly,Net Banking,No,22,4,1
CUST4243,56,Male,Mumbai,89051,15,2864,3,261,Quarterly,Debit Card,Yes,12,5,1
CUST4244,34,Female,Chennai,50810,49,747,2,316,Yearly,Net Banking,Yes,12,4,1
CUST4245,51,Male,Hyderabad,91969,16,2710,5,280,Monthly,Debit Card,No,9,7,1
CUST4246,58,Male,Bangalore,80034,10,571,5,408,Monthly,Net Banking,No,11,8,1
CUST4247,47,Male,Mumbai,96937,23,1642,1,416,Monthly,Debit Card,Yes,30,7,1
CUST4248,25,Male,Pune,74555,35,2009,5,140,Monthly,Credit Card,No,2,1,1
CUST4249,55,Male,Kolkata,60246,26,1123,4,502,Monthly,Debit Card,No,19,2,1
CUST4250,25,Female,Pune,47505,27,669,5,85,Monthly,Credit Card,Yes,29,5,1
CUST4251,39,Male,Kolkata,65377,20,903,3,203,Yearly,UPI,Yes,27,10,1
CUST4252,53,Female,Delhi,45369,18,1213,4,464,Yearly,Net Banking,Yes,6,9,1
CUST4253,29,Female,Mumbai,99098,31,1355,3,140,Monthly,Credit Card,Yes,15,5,1
CUST4254,33,Male,Chennai,50897,8,774,5,226,Monthly,Debit Card,No,24,9,1
CUST4255,34,Female,Delhi,78671,31,2268,5,223,Quarterly,Credit Card,No,7,7,1
CUST4256,52,Male,Delhi,98551,56,2696,6,490,Quarterly,Net Banking,No,11,4,1
CUST4257,57,Female,Bangalore,38526,59,2358,2,291,Monthly,Debit Card,Yes,22,8,1
CUST4258,38,Male,Mumbai,68660,2,2349,3,290,Yearly,Credit Card,No,10,9,1
CUST4259,41,Male,Delhi,92848,56,1081,5,424,Quarterly,Credit Card,No,3,8,1
CUST4260,26,Female,Hyderabad,97963,26,2536,6,313,Quarterly,Debit Card,Yes,7,6,1
CUST4261,30,Female,Mumbai,34902,35,2574,3,146,Yearly,Credit Card,No,25,10,1
CUST4262,55,Female,Kolkata,62800,27,1195,1,427,Quarterly,Net Banking,No,13,8,0
CUST4263,26,Female,Kolkata,71206,23,2596,2,209,Monthly,Net Banking,No,18,4,1
CUST4264,55,Male,Chennai,86714,14,2978,6,64,Yearly,Debit Card,No,26,7,1
CUST4265,50,Male,Pune,71941,23,726,2,39,Quarterly,Debit Card,No,29,8,1
CUST4266,33,Male,Kolkata,61708,29,2573,4,293,Quarterly,Net Banking,No,17,6,1
CUST4267,35,Male,Kolkata,53877,18,617,4,227,Monthly,Net Banking,Yes,22,2,1
CUST4268,37,Male,Chennai,53091,1,2961,3,30,Yearly,Net Banking,No,7,1,1
CUST4269,59,Female,Mumbai,65409,22,2505,3,536,Yearly,Net Banking,Yes,3,8,0
CUST4270,48,Male,Delhi,45740,55,1464,0,380,Yearly,UPI,No,14,9,0
CUST4271,33,Male,Chennai,97500,24,1322,5,43,Yearly,UPI,Yes,24,3,1
CUST4272,43,Male,Kolkata,99401,7,2383,5,321,Yearly,UPI,Yes,18,9,1
CUST4273,35,Male,Bangalore,42822,55,1665,4,328,Monthly,Debit Card,Yes,12,2,1
CUST4274,57,Female,Chennai,69884,20,2159,4,321,Monthly,UPI,Yes,23,7,1
CUST4275,28,Female,Pune,83409,53,1381,4,493,Quarterly,Net Banking,Yes,3,6,1
CUST4276,41,Female,Hyderabad,41679,14,2379,3,136,Monthly,Debit Card,No,17,9,1
CUST4277,30,Male,Bangalore,83077,55,2272,2,340,Yearly,Credit Card,No,17,1,1
CUST4278,30,Male,Bangalore,49638,49,512,6,189,Yearly,UPI,Yes,28,5,1
CUST4279,52,Female,Mumbai,68919,8,2645,6,130,Yearly,UPI,Yes,16,9,1
CUST4280,54,Female,Hyderabad,40988,4,2938,0,479,Quarterly,Net Banking,Yes,16,5,1
CUST4281,38,Male,Kolkata,61051,52,817,2,306,Quarterly,Debit Card,Yes,21,10,1
CUST4282,23,Male,Mumbai,76072,21,2946,2,231,Yearly,UPI,Yes,18,7,1
CUST4283,52,Female,Bangalore,65319,26,565,6,292,Quarterly,Credit Card,Yes,24,7,1
CUST4284,53,Male,Hyderabad,79869,29,2194,1,31,Monthly,Net Banking,No,23,10,1
CUST4285,32,Male,Pune,69708,42,1555,5,44,Yearly,Credit Card,No,30,3,1
CUST4286,38,Male,Bangalore,38127,59,1279,0,215,Monthly,Credit Card,Yes,12,9,0
CUST4287,59,Male,Chennai,62559,18,2630,6,512,Monthly,Debit Card,Yes,5,3,1
CUST4288,48,Female,Kolkata,85277,21,2511,0,91,Quarterly,Credit Card,No,17,9,1
CUST4289,25,Male,Hyderabad,45419,9,1001,6,258,Quarterly,Credit Card,Yes,4,7,1
CUST4290,26,Male,Mumbai,50700,50,2770,4,533,Monthly,UPI,Yes,19,7,1
CUST4291,56,Female,Kolkata,33646,54,761,5,277,Yearly,UPI,No,5,1,1
CUST4292,29,Male,Chennai,57163,25,916,4,67,Yearly,UPI,No,20,2,1
CUST4293,51,Female,Chennai,66445,4,960,6,515,Quarterly,Debit Card,Yes,3,9,1
CUST4294,35,Female,Hyderabad,67924,14,2810,6,288,Yearly,Debit Card,Yes,3,2,1
CUST4295,54,Female,Kolkata,55060,28,1687,6,344,Yearly,Net Banking,No,18,1,1
CUST4296,40,Female,Delhi,53196,6,677,1,120,Monthly,Net Banking,Yes,19,1,1
CUST4297,32,Female,Pune,70452,2,1279,1,391,Yearly,Net Banking,Yes,20,10,1
CUST4298,49,Female,Pune,60093,13,2973,1,296,Yearly,UPI,Yes,20,10,1
CUST4299,36,Female,Pune,61334,47,2512,0,397,Yearly,UPI,No,6,1,1
CUST4300,36,Female,Chennai,79217,36,997,4,360,Yearly,Net Banking,No,9,3,1
CUST4301,55,Male,Chennai,97278,25,2790,6,379,Yearly,Net Banking,No,17,2,1
CUST4302,52,Female,Delhi,86310,35,1024,6,449,Quarterly,Debit Card,No,18,5,1
CUST4303,35,Male,Bangalore,99400,44,1900,6,425,Yearly,Debit Card,Yes,8,5,1
CUST4304,49,Male,Kolkata,50386,54,820,2,228,Quarterly,Net Banking,No,9,4,1
CUST4305,44,Male,Delhi,32353,55,511,2,61,Monthly,UPI,No,24,6,1
CUST4306,24,Male,Kolkata,52247,27,1456,2,285,Yearly,Net Banking,Yes,17,2,1
CUST4307,57,Male,Mumbai,34991,11,1975,3,30,Yearly,UPI,No,25,10,1
CUST4308,32,Female,Mumbai,83846,2,2384,6,534,Quarterly,Debit Card,No,16,5,1
CUST4309,48,Female,Chennai,55302,49,2230,1,547,Monthly,Debit Card,Yes,27,6,1
CUST4310,38,Female,Chennai,83861,42,2083,1,440,Quarterly,Net Banking,No,20,6,1
CUST4311,56,Female,Pune,87163,48,1900,3,394,Quarterly,UPI,Yes,4,4,1
CUST4312,42,Female,Pune,32539,2,1411,6,112,Monthly,Debit Card,No,11,1,1
CUST4313,30,Female,Chennai,42281,17,2254,0,142,Quarterly,Credit Card,Yes,12,9,0
CUST4314,32,Female,Delhi,64462,13,1241,1,348,Yearly,UPI,Yes,22,6,1
CUST4315,41,Female,Mumbai,70916,10,1606,2,421,Monthly,Credit Card,No,5,4,1
CUST4316,49,Male,Delhi,35094,8,1742,0,272,Monthly,Credit Card,Yes,4,10,0
CUST4317,25,Male,Pune,53115,17,1116,3,55,Monthly,UPI,Yes,15,4,1
CUST4318,55,Female,Pune,34223,29,2684,5,417,Monthly,UPI,No,27,6,1
CUST4319,58,Male,Delhi,70059,24,640,3,80,Monthly,Credit Card,No,27,7,1
CUST4320,54,Female,Bangalore,60100,17,865,3,287,Quarterly,Credit Card,Yes,4,7,0
CUST4321,53,Male,Delhi,78122,22,2692,5,264,Quarterly,Net Banking,Yes,19,8,1
CUST4322,54,Female,Kolkata,84157,3,939,6,63,Monthly,Debit Card,No,1,3,1
CUST4323,46,Female,Chennai,80262,18,961,0,351,Quarterly,UPI,Yes,19,6,1
CUST4324,49,Male,Mumbai,89783,42,667,6,179,Monthly,Debit Card,Yes,24,6,1
CUST4325,23,Male,Pune,73388,41,2524,2,91,Quarterly,Debit Card,Yes,19,6,1
CUST4326,35,Male,Pune,59495,1,1952,5,459,Quarterly,Net Banking,Yes,1,2,1
CUST4327,43,Female,Bangalore,47958,41,668,2,36,Quarterly,Net Banking,No,21,7,1
CUST4328,25,Male,Bangalore,85883,58,846,2,282,Quarterly,Credit Card,No,26,3,1
CUST4329,30,Female,Hyderabad,70499,48,1083,6,431,Quarterly,Debit Card,Yes,15,8,1
CUST4330,49,Female,Kolkata,42113,14,939,4,261,Monthly,Net Banking,No,16,5,1
CUST4331,22,Male,Kolkata,47674,11,1001,2,290,Quarterly,Net Banking,Yes,3,10,0
CUST4332,44,Male,Pune,35213,8,2647,4,490,Monthly,Net Banking,No,27,9,1
CUST4333,43,Male,Pune,79504,37,2746,6,108,Monthly,Credit Card,No,8,2,1
CUST4334,35,Female,Delhi,44876,16,2378,1,532,Yearly,Debit Card,No,4,10,0
CUST4335,55,Female,Bangalore,65587,20,2383,3,35,Yearly,Net Banking,Yes,14,7,0
CUST4336,56,Female,Delhi,90992,19,2092,0,42,Quarterly,Credit Card,Yes,8,2,1
CUST4337,56,Female,Pune,40070,50,1511,1,262,Yearly,Credit Card,No,6,4,1
CUST4338,23,Female,Mumbai,30797,18,1806,2,421,Monthly,Net Banking,Yes,11,8,0
CUST4339,51,Male,Delhi,51085,52,1008,3,300,Monthly,Debit Card,No,24,3,1
CUST4340,45,Male,Delhi,67639,43,1693,3,198,Monthly,Credit Card,No,15,10,0
CUST4341,45,Male,Pune,86964,15,1074,4,504,Monthly,Net Banking,Yes,17,7,1
CUST4342,29,Female,Chennai,99560,29,1030,6,102,Yearly,Credit Card,Yes,10,5,1
CUST4343,31,Male,Delhi,35877,33,812,5,353,Yearly,Net Banking,No,21,5,1
CUST4344,44,Female,Pune,83606,55,2744,3,414,Quarterly,Credit Card,Yes,22,2,1
CUST4345,33,Female,Delhi,73938,52,961,1,276,Monthly,Debit Card,No,15,10,0
CUST4346,54,Female,Chennai,85448,16,891,2,459,Quarterly,UPI,Yes,11,6,0
CUST4347,42,Female,Kolkata,90634,18,2737,1,261,Quarterly,Net Banking,No,6,3,1
CUST4348,54,Female,Hyderabad,32260,60,2926,1,479,Yearly,Credit Card,Yes,25,10,1
CUST4349,44,Male,Delhi,52254,29,1217,1,303,Yearly,Credit Card,Yes,11,7,0
CUST4350,24,Female,Delhi,76721,54,1403,2,461,Monthly,Debit Card,No,2,6,0
CUST4351,26,Female,Mumbai,83382,20,2767,4,159,Monthly,Credit Card,Yes,26,3,1
CUST4352,34,Male,Kolkata,54312,21,2208,4,484,Monthly,Debit Card,No,17,5,1
CUST4353,45,Male,Mumbai,88822,59,1557,5,277,Yearly,Net Banking,Yes,18,10,1
CUST4354,54,Female,Kolkata,46410,14,1670,2,515,Quarterly,Credit Card,Yes,12,3,1
CUST4355,28,Male,Mumbai,41391,56,2518,0,112,Yearly,Net Banking,No,23,5,1
CUST4356,55,Male,Bangalore,64546,7,2909,3,285,Yearly,UPI,No,23,2,1
CUST4357,44,Male,Kolkata,56469,58,1896,3,224,Quarterly,Credit Card,No,2,6,0
CUST4358,27,Male,Mumbai,69782,40,1047,3,53,Quarterly,UPI,No,12,1,1
CUST4359,43,Male,Chennai,44837,19,2364,3,530,Monthly,UPI,Yes,17,7,1
CUST4360,31,Male,Bangalore,38894,30,2694,1,413,Monthly,UPI,No,11,4,1
CUST4361,25,Male,Kolkata,83550,12,844,1,295,Quarterly,UPI,No,22,7,1
CUST4362,45,Female,Delhi,45316,7,2930,5,421,Yearly,Debit Card,Yes,25,9,1
CUST4363,49,Female,Chennai,36709,31,1383,3,502,Monthly,Net Banking,No,20,8,1
CUST4364,58,Female,Delhi,54188,38,1190,3,66,Monthly,Credit Card,No,5,2,1
CUST4365,47,Female,Pune,86200,11,594,6,415,Yearly,UPI,Yes,27,9,1
CUST4366,26,Male,Hyderabad,95533,23,1495,6,106,Yearly,UPI,Yes,10,10,1
CUST4367,57,Male,Mumbai,94975,15,968,2,299,Quarterly,Net Banking,Yes,29,5,1
CUST4368,39,Male,Kolkata,72674,1,1136,2,89,Monthly,Debit Card,No,27,9,1
CUST4369,42,Female,Bangalore,67133,52,744,3,114,Monthly,Credit Card,Yes,23,8,1
CUST4370,23,Female,Bangalore,71813,59,907,6,523,Yearly,Credit Card,No,11,5,1
CUST4371,51,Male,Hyderabad,70680,20,827,3,315,Quarterly,Credit Card,No,3,5,1
CUST4372,49,Female,Hyderabad,40726,17,1255,1,175,Monthly,Debit Card,No,29,7,1
CUST4373,49,Female,Delhi,51307,3,1126,6,301,Yearly,Debit Card,Yes,22,6,1
CUST4374,52,Male,Chennai,74874,6,2634,0,465,Yearly,Net Banking,No,16,10,1
CUST4375,59,Female,Bangalore,55618,45,2176,2,189,Quarterly,Credit Card,No,4,9,0
CUST4376,58,Male,Bangalore,59470,31,1582,6,476,Yearly,Debit Card,No,2,2,1
CUST4377,22,Female,Chennai,51716,3,2894,3,166,Yearly,UPI,No,30,2,1
CUST4378,47,Male,Kolkata,88835,38,1002,6,220,Quarterly,Net Banking,Yes,23,2,1
CUST4379,46,Female,Delhi,46110,1,609,1,93,Quarterly,Net Banking,Yes,20,5,1
CUST4380,27,Male,Delhi,74560,46,2528,5,263,Quarterly,Net Banking,Yes,9,5,1
CUST4381,48,Male,Mumbai,71989,6,1376,3,166,Monthly,Credit Card,No,11,4,1
CUST4382,35,Male,Mumbai,95317,30,1559,5,256,Yearly,Debit Card,Yes,23,6,1
CUST4383,24,Male,Delhi,86505,18,2186,4,180,Monthly,UPI,Yes,4,6,1
CUST4384,38,Female,Pune,98702,6,2709,3,329,Quarterly,UPI,No,27,4,1
CUST4385,46,Female,Mumbai,61305,39,1690,3,168,Quarterly,Net Banking,Yes,17,5,1
CUST4386,24,Male,Bangalore,77381,4,2305,3,245,Yearly,Debit Card,Yes,14,4,1
CUST4387,40,Female,Mumbai,34188,5,1309,1,46,Monthly,Net Banking,Yes,15,8,1
CUST4388,51,Female,Delhi,82233,20,1248,5,518,Monthly,Credit Card,No,16,10,1
CUST4389,24,Male,Kolkata,52188,36,951,5,104,Monthly,Credit Card,Yes,8,8,1
CUST4390,39,Female,Delhi,71357,47,2736,3,133,Quarterly,Credit Card,No,27,6,1
CUST4391,45,Female,Delhi,96930,33,2921,1,41,Quarterly,UPI,No,25,5,1
CUST4392,34,Male,Bangalore,52975,58,1479,1,33,Yearly,UPI,Yes,12,2,1
CUST4393,57,Female,Hyderabad,90140,19,1339,1,437,Quarterly,UPI,No,1,1,1
CUST4394,57,Male,Delhi,38010,18,516,1,481,Monthly,Credit Card,Yes,3,2,1
CUST4395,52,Male,Pune,83448,10,2472,0,208,Yearly,Debit Card,Yes,28,5,1
CUST4396,35,Male,Pune,94745,48,985,0,367,Quarterly,Net Banking,Yes,29,5,1
CUST4397,41,Male,Chennai,31471,8,2542,4,78,Quarterly,Net Banking,No,16,10,1
CUST4398,58,Female,Chennai,91088,22,2105,0,289,Quarterly,Credit Card,Yes,2,1,1
CUST4399,32,Male,Chennai,58359,5,650,1,61,Yearly,Net Banking,No,16,4,1
CUST4400,49,Male,Kolkata,56991,44,1089,3,397,Yearly,UPI,No,16,6,1
CUST4401,23,Female,Mumbai,93196,46,2108,5,366,Yearly,Debit Card,No,9,6,1
CUST4402,41,Male,Kolkata,52027,33,2067,1,368,Monthly,Credit Card,Yes,1,2,1
CUST4403,44,Female,Delhi,49481,45,1833,3,262,Monthly,UPI,No,30,5,1
CUST4404,30,Male,Mumbai,82236,48,1117,5,413,Quarterly,UPI,Yes,25,2,1
CUST4405,52,Female,Chennai,38507,57,1638,2,153,Quarterly,Debit Card,Yes,11,9,0
CUST4406,28,Male,Pune,69374,30,1646,6,84,Monthly,Net Banking,Yes,25,8,1
CUST4407,51,Female,Mumbai,39009,14,2320,2,285,Yearly,Credit Card,Yes,18,4,1
CUST4408,55,Female,Hyderabad,74837,11,1218,3,207,Monthly,Net Banking,Yes,30,5,1
CUST4409,32,Female,Bangalore,86439,53,2438,5,30,Monthly,Credit Card,No,17,8,1
CUST4410,37,Female,Delhi,31177,58,1182,2,336,Yearly,UPI,Yes,24,8,1
CUST4411,51,Male,Mumbai,91446,18,848,4,36,Yearly,Debit Card,Yes,20,4,1
CUST4412,35,Male,Bangalore,95097,41,2914,1,85,Monthly,UPI,Yes,10,3,1
CUST4413,40,Male,Kolkata,45958,59,1776,2,369,Quarterly,Credit Card,No,4,1,1
CUST4414,22,Male,Hyderabad,99260,3,1663,4,474,Monthly,UPI,Yes,9,4,1
CUST4415,23,Male,Kolkata,30789,22,1052,6,145,Monthly,Credit Card,No,24,3,1
CUST4416,30,Female,Hyderabad,35870,54,2347,2,40,Yearly,UPI,Yes,5,9,0
CUST4417,28,Male,Kolkata,98934,34,2823,1,519,Quarterly,UPI,Yes,25,5,1
CUST4418,50,Female,Delhi,60006,27,2124,4,44,Quarterly,Credit Card,No,22,4,1
CUST4419,35,Male,Chennai,33447,49,1988,4,166,Monthly,Credit Card,No,2,3,1
CUST4420,45,Male,Pune,84639,53,1702,5,157,Quarterly,Net Banking,Yes,6,5,1
CUST4421,58,Female,Delhi,73781,18,841,1,125,Yearly,Net Banking,Yes,17,1,1
CUST4422,30,Male,Mumbai,94908,36,856,1,180,Yearly,Debit Card,No,18,10,1
CUST4423,46,Male,Pune,83603,26,2784,4,46,Monthly,UPI,No,8,4,1
CUST4424,44,Male,Kolkata,43771,9,1056,4,432,Yearly,UPI,Yes,11,9,1
CUST4425,56,Male,Kolkata,47905,27,2944,0,217,Monthly,Credit Card,Yes,12,9,0
CUST4426,49,Male,Pune,76323,13,1166,1,117,Yearly,Credit Card,No,10,3,1
CUST4427,59,Male,Delhi,69678,54,2451,2,139,Yearly,Credit Card,Yes,30,9,1
CUST4428,55,Female,Chennai,89336,35,536,5,399,Quarterly,UPI,No,17,9,1
CUST4429,40,Female,Mumbai,66822,57,604,3,365,Quarterly,Net Banking,Yes,26,6,1
CUST4430,46,Male,Bangalore,70290,54,568,6,180,Quarterly,Net Banking,Yes,25,1,1
CUST4431,43,Female,Pune,91083,48,1985,0,391,Yearly,Net Banking,Yes,11,7,0
CUST4432,53,Female,Bangalore,62771,1,1476,2,71,Monthly,Debit Card,Yes,5,7,1
CUST4433,46,Female,Pune,79223,34,2396,3,297,Quarterly,Net Banking,No,26,5,1
CUST4434,57,Male,Pune,98460,22,1076,1,229,Monthly,Net Banking,Yes,25,4,1
CUST4435,59,Female,Kolkata,69651,36,2543,0,459,Monthly,Debit Card,No,4,6,0
CUST4436,46,Male,Bangalore,56178,55,1619,6,360,Yearly,Credit Card,No,2,5,1
CUST4437,43,Male,Pune,31085,46,1776,4,244,Yearly,Debit Card,No,15,3,1
CUST4438,59,Female,Chennai,42008,35,2673,4,282,Monthly,Credit Card,No,13,6,1
CUST4439,28,Female,Pune,39849,29,1979,5,368,Quarterly,Net Banking,No,29,7,1
CUST4440,44,Male,Mumbai,75289,32,1585,4,225,Quarterly,UPI,No,30,3,1
CUST4441,26,Male,Chennai,53423,22,2206,1,404,Yearly,Net Banking,Yes,13,7,0
CUST4442,31,Male,Delhi,80627,59,1353,3,397,Monthly,Debit Card,Yes,20,6,1
CUST4443,30,Male,Pune,45948,31,1050,1,194,Monthly,Net Banking,Yes,22,8,1
CUST4444,29,Female,Mumbai,66110,51,988,5,52,Yearly,UPI,Yes,25,7,1
CUST4445,31,Female,Pune,50336,13,1380,2,94,Monthly,Net Banking,Yes,1,5,1
CUST4446,39,Male,Pune,60261,1,1495,0,38,Yearly,Debit Card,No,22,8,1
CUST4447,49,Male,Mumbai,48009,52,2347,6,544,Monthly,UPI,No,2,6,1
CUST4448,58,Male,Hyderabad,89063,31,2900,2,538,Quarterly,Credit Card,Yes,16,10,1
CUST4449,35,Female,Pune,57279,53,1595,0,377,Quarterly,Net Banking,No,7,9,0
CUST4450,57,Female,Bangalore,91513,15,645,5,134,Monthly,Credit Card,No,13,9,1
CUST4451,56,Female,Delhi,30705,55,1737,6,452,Yearly,Credit Card,Yes,4,5,1
CUST4452,36,Female,Pune,85130,16,1625,1,51,Monthly,Debit Card,No,24,5,1
CUST4453,55,Male,Delhi,81542,16,1198,6,426,Yearly,Credit Card,No,24,1,1
CUST4454,57,Female,Kolkata,82016,18,2718,5,139,Yearly,UPI,No,20,8,1
CUST4455,23,Female,Chennai,97426,48,1779,1,249,Quarterly,Debit Card,Yes,15,4,1
CUST4456,22,Female,Pune,39109,27,2306,1,51,Monthly,Debit Card,Yes,18,5,1
CUST4457,30,Female,Mumbai,66530,32,2308,1,368,Monthly,UPI,Yes,8,3,1
CUST4458,58,Male,Chennai,87392,59,2429,6,59,Monthly,Net Banking,Yes,21,5,1
CUST4459,55,Female,Chennai,46712,34,933,3,278,Monthly,Debit Card,No,20,6,1
CUST4460,57,Male,Kolkata,64366,12,2972,6,541,Yearly,UPI,Yes,1,4,1
CUST4461,22,Male,Delhi,34659,47,2646,4,335,Quarterly,Net Banking,No,13,10,1
CUST4462,52,Male,Mumbai,77543,7,2523,0,441,Monthly,Debit Card,Yes,18,2,1
CUST4463,41,Female,Pune,94863,9,695,4,108,Quarterly,Debit Card,Yes,17,3,1
CUST4464,59,Female,Kolkata,40376,27,1188,6,335,Monthly,UPI,Yes,23,4,1
CUST4465,42,Female,Mumbai,60711,34,1414,2,535,Yearly,Net Banking,Yes,4,5,1
CUST4466,53,Female,Kolkata,45788,48,2204,5,83,Monthly,Net Banking,Yes,30,1,1
CUST4467,53,Male,Chennai,92996,4,747,6,528,Monthly,Net Banking,No,14,6,1
CUST4468,33,Male,Chennai,47949,30,1235,3,100,Monthly,Net Banking,Yes,17,1,1
CUST4469,35,Male,Bangalore,37534,44,1119,5,439,Yearly,Debit Card,Yes,27,7,1
CUST4470,53,Female,Chennai,97166,16,2547,0,407,Monthly,UPI,Yes,14,9,0
CUST4471,51,Female,Bangalore,86203,3,2081,2,72,Quarterly,Net Banking,No,5,7,1
CUST4472,28,Male,Mumbai,89888,16,1555,0,488,Monthly,Net Banking,Yes,20,2,1
CUST4473,58,Male,Delhi,34101,20,993,3,100,Monthly,Credit Card,No,11,4,1
CUST4474,55,Male,Hyderabad,31056,15,1235,5,246,Yearly,UPI,Yes,5,2,1
CUST4475,56,Male,Chennai,70664,54,1441,2,180,Monthly,Debit Card,No,23,5,1
CUST4476,56,Male,Chennai,39198,55,1720,5,543,Yearly,Credit Card,No,18,6,1
CUST4477,26,Female,Pune,82909,49,1204,1,73,Yearly,Net Banking,Yes,26,1,1
CUST4478,48,Female,Kolkata,83815,50,757,0,406,Monthly,Credit Card,No,29,1,1
CUST4479,43,Male,Mumbai,47355,39,1607,3,55,Monthly,Debit Card,No,15,1,1
CUST4480,59,Female,Chennai,76733,26,2849,1,164,Quarterly,Credit Card,No,23,8,1
CUST4481,33,Male,Hyderabad,92270,24,956,2,161,Monthly,Net Banking,No,13,10,0
CUST4482,53,Male,Kolkata,81035,40,1702,4,226,Monthly,Net Banking,No,5,5,1
CUST4483,49,Female,Chennai,59550,9,2960,5,133,Yearly,Debit Card,No,30,2,1
CUST4484,58,Female,Mumbai,72793,14,1300,5,121,Monthly,UPI,Yes,4,5,1
CUST4485,44,Male,Mumbai,99865,17,1647,2,61,Yearly,Credit Card,Yes,5,4,1
CUST4486,51,Male,Delhi,48134,24,2791,1,386,Quarterly,Credit Card,Yes,11,3,1
CUST4487,58,Female,Hyderabad,78966,40,1024,4,409,Yearly,Net Banking,No,27,2,1
CUST4488,45,Male,Mumbai,43837,17,2095,5,153,Monthly,Credit Card,No,8,9,1
CUST4489,27,Male,Hyderabad,44959,38,1680,2,419,Monthly,UPI,No,21,7,1
CUST4490,37,Female,Hyderabad,40884,15,904,1,161,Quarterly,Net Banking,Yes,5,7,0
CUST4491,56,Female,Bangalore,48851,57,719,1,546,Monthly,Debit Card,Yes,7,6,0
CUST4492,52,Male,Mumbai,89807,8,1179,2,327,Yearly,Net Banking,Yes,24,5,1
CUST4493,28,Male,Chennai,75110,25,1193,5,134,Quarterly,Credit Card,No,15,6,1
CUST4494,36,Male,Pune,72428,60,1915,3,419,Quarterly,Net Banking,No,20,7,1
CUST4495,38,Male,Mumbai,96681,13,1975,3,182,Quarterly,Credit Card,No,29,6,1
CUST4496,38,Male,Pune,51799,11,2104,4,311,Yearly,Credit Card,No,16,8,1
CUST4497,42,Male,Bangalore,70943,32,2521,1,402,Quarterly,Debit Card,No,8,9,0
CUST4498,38,Male,Bangalore,76760,13,2940,5,135,Yearly,Credit Card,No,5,7,1
CUST4499,45,Female,Kolkata,33400,57,2141,2,64,Monthly,UPI,No,29,8,1
CUST4500,38,Female,Kolkata,59067,48,706,4,335,Quarterly,UPI,Yes,18,8,1
CUST4501,58,Male,Bangalore,89853,60,1790,2,238,Yearly,Debit Card,No,27,7,1
CUST4502,48,Male,Hyderabad,68891,3,1455,1,177,Quarterly,UPI,No,21,8,1
CUST4503,23,Female,Mumbai,53513,19,2703,4,482,Monthly,Debit Card,No,11,9,1
CUST4504,47,Male,Bangalore,90548,15,1121,0,465,Yearly,Net Banking,No,26,5,1
CUST4505,36,Female,Hyderabad,73944,4,2607,5,356,Monthly,Net Banking,No,15,6,1
CUST4506,52,Male,Hyderabad,33505,7,2630,3,295,Quarterly,Credit Card,No,27,2,1
CUST4507,43,Female,Delhi,86058,20,2223,6,348,Yearly,Net Banking,Yes,6,3,1
CUST4508,22,Male,Chennai,50930,54,1431,6,232,Yearly,Net Banking,No,18,4,1
CUST4509,45,Female,Kolkata,93109,58,678,1,47,Quarterly,Debit Card,Yes,15,3,1
CUST4510,38,Male,Chennai,94096,34,1425,2,422,Monthly,Credit Card,No,8,9,0
CUST4511,28,Female,Bangalore,37988,48,808,3,206,Yearly,Credit Card,No,11,4,1
CUST4512,40,Female,Pune,85713,56,2756,0,467,Yearly,Credit Card,Yes,1,10,0
CUST4513,49,Male,Mumbai,65126,15,882,4,300,Yearly,Debit Card,No,25,7,1
CUST4514,23,Female,Hyderabad,90333,36,1381,0,223,Yearly,Net Banking,No,2,2,1
CUST4515,38,Female,Kolkata,88856,8,1429,4,186,Monthly,Debit Card,Yes,30,4,1
CUST4516,23,Male,Bangalore,95015,40,1905,3,439,Quarterly,Debit Card,No,27,9,1
CUST4517,55,Male,Mumbai,41358,48,2427,3,384,Quarterly,UPI,No,13,2,1
CUST4518,34,Male,Delhi,52234,8,2803,4,70,Quarterly,Net Banking,No,11,6,1
CUST4519,42,Female,Bangalore,97778,7,1858,0,337,Quarterly,Debit Card,Yes,11,7,0
CUST4520,33,Male,Delhi,84034,27,2048,2,259,Yearly,Net Banking,Yes,21,2,1
CUST4521,34,Female,Hyderabad,66716,51,714,0,406,Yearly,Debit Card,Yes,28,8,1
CUST4522,47,Male,Kolkata,99005,24,1251,4,70,Quarterly,Credit Card,Yes,15,3,1
CUST4523,51,Female,Bangalore,55658,36,906,1,523,Monthly,UPI,Yes,15,8,0
CUST4524,31,Female,Bangalore,81531,53,668,0,235,Monthly,Debit Card,Yes,5,9,0
CUST4525,47,Female,Kolkata,36258,24,2634,6,457,Monthly,Net Banking,No,26,2,1
CUST4526,39,Male,Pune,77818,2,1601,3,127,Yearly,Debit Card,No,21,7,1
CUST4527,30,Female,Delhi,66327,41,870,0,51,Quarterly,Credit Card,Yes,18,1,1
CUST4528,49,Female,Hyderabad,51775,42,1335,5,307,Monthly,Net Banking,No,11,5,1
CUST4529,37,Female,Delhi,34521,55,2492,2,470,Monthly,Credit Card,No,2,9,0
CUST4530,34,Male,Kolkata,79605,4,1263,5,505,Yearly,Debit Card,Yes,29,2,1
CUST4531,56,Male,Hyderabad,92020,57,2672,2,106,Quarterly,Debit Card,No,4,2,1
CUST4532,29,Female,Mumbai,43554,13,776,4,249,Quarterly,UPI,Yes,1,5,1
CUST4533,43,Male,Hyderabad,75562,11,736,1,368,Monthly,UPI,Yes,16,10,1
CUST4534,58,Female,Pune,69757,29,2456,4,247,Quarterly,Credit Card,Yes,9,8,1
CUST4535,33,Female,Bangalore,43743,19,930,0,507,Yearly,UPI,No,15,3,1
CUST4536,34,Male,Delhi,55530,9,2159,4,485,Monthly,UPI,Yes,22,3,1
CUST4537,53,Female,Hyderabad,90527,14,1475,0,360,Monthly,Credit Card,No,13,4,1
CUST4538,47,Male,Chennai,96436,36,1971,5,61,Monthly,UPI,Yes,7,10,1
CUST4539,23,Female,Kolkata,59577,35,1032,1,357,Monthly,UPI,No,14,2,1
CUST4540,30,Male,Mumbai,35615,37,1290,6,262,Yearly,Debit Card,No,7,7,1
CUST4541,29,Female,Mumbai,85627,36,1165,4,122,Quarterly,Debit Card,No,6,5,1
CUST4542,54,Male,Mumbai,73358,46,2864,0,47,Monthly,Net Banking,Yes,6,8,0
CUST4543,58,Male,Kolkata,32918,4,1553,3,193,Yearly,Credit Card,No,30,7,1
CUST4544,49,Male,Pune,87977,7,2205,1,201,Yearly,Credit Card,No,6,5,1
CUST4545,54,Male,Delhi,73239,28,970,6,290,Yearly,Debit Card,Yes,29,10,1
CUST4546,47,Female,Kolkata,77358,26,2038,4,191,Quarterly,Debit Card,No,20,7,1
CUST4547,51,Male,Chennai,52825,20,2117,5,547,Quarterly,UPI,Yes,26,9,1
CUST4548,46,Male,Kolkata,46552,3,2206,5,112,Monthly,Net Banking,No,10,3,1
CUST4549,26,Male,Pune,54928,15,2891,5,411,Quarterly,UPI,Yes,4,10,1
CUST4550,27,Male,Mumbai,34174,38,1050,3,243,Yearly,Debit Card,Yes,3,5,1
CUST4551,50,Male,Pune,58481,35,2748,5,368,Quarterly,UPI,Yes,18,5,1
CUST4552,31,Female,Bangalore,80324,17,2102,6,262,Quarterly,Net Banking,No,5,4,1
CUST4553,24,Male,Chennai,67352,30,2634,3,251,Quarterly,Credit Card,Yes,29,8,1
CUST4554,31,Female,Chennai,77674,20,2768,4,210,Monthly,Credit Card,No,21,1,1
CUST4555,55,Female,Pune,35599,45,2817,4,192,Yearly,Net Banking,No,27,8,1
CUST4556,22,Male,Delhi,47261,6,1463,5,158,Yearly,Credit Card,Yes,29,9,1
CUST4557,52,Male,Hyderabad,82680,41,1264,5,244,Yearly,UPI,No,29,1,1
CUST4558,42,Female,Chennai,59570,58,1584,5,140,Yearly,Credit Card,No,29,9,1
CUST4559,44,Male,Delhi,50558,46,1470,5,95,Quarterly,UPI,No,30,3,1
CUST4560,52,Male,Pune,98783,59,1503,3,441,Monthly,UPI,Yes,26,7,1
CUST4561,46,Female,Pune,40109,13,657,0,299,Monthly,Debit Card,No,11,2,1
CUST4562,50,Female,Kolkata,81534,46,652,5,144,Yearly,UPI,Yes,8,6,1
CUST4563,36,Female,Kolkata,40771,53,2254,2,334,Monthly,Debit Card,No,3,9,0
CUST4564,39,Female,Kolkata,54576,39,2864,6,302,Monthly,UPI,No,29,5,1
CUST4565,25,Male,Mumbai,65016,21,2687,1,225,Quarterly,Credit Card,Yes,29,9,1
CUST4566,53,Male,Pune,61052,34,833,4,503,Quarterly,Debit Card,No,10,8,1
CUST4567,38,Male,Kolkata,33763,16,2100,3,50,Monthly,UPI,No,22,1,1
CUST4568,43,Male,Mumbai,49268,36,2797,4,102,Quarterly,Net Banking,Yes,27,2,1
CUST4569,56,Female,Pune,47678,50,2591,5,197,Monthly,Debit Card,No,19,5,1
CUST4570,51,Male,Chennai,68484,37,2322,4,411,Monthly,Net Banking,No,24,10,1
CUST4571,54,Male,Kolkata,75955,9,2670,5,172,Yearly,Debit Card,Yes,11,10,1
CUST4572,24,Female,Hyderabad,53038,31,2471,0,86,Yearly,Credit Card,No,10,5,1
CUST4573,44,Female,Chennai,99963,8,1960,4,370,Monthly,Net Banking,Yes,17,6,1
CUST4574,58,Male,Bangalore,35383,18,2729,3,280,Yearly,Debit Card,No,10,10,0
CUST4575,27,Male,Mumbai,98466,17,586,1,322,Quarterly,Net Banking,No,28,10,1
CUST4576,42,Female,Bangalore,40042,24,2703,4,190,Yearly,Net Banking,No,2,5,1
CUST4577,40,Male,Pune,52670,1,2582,3,422,Yearly,Net Banking,Yes,24,4,1
CUST4578,24,Male,Pune,39703,58,2586,0,532,Monthly,UPI,No,17,9,1
CUST4579,43,Female,Delhi,65055,47,2517,4,516,Yearly,UPI,No,29,1,1
CUST4580,53,Female,Delhi,36876,41,803,2,147,Monthly,UPI,No,27,9,1
CUST4581,44,Female,Kolkata,60796,18,2313,5,304,Monthly,Debit Card,No,7,5,1
CUST4582,57,Male,Mumbai,92734,29,1071,0,45,Monthly,UPI,No,30,9,1
CUST4583,55,Male,Chennai,51925,51,2821,4,268,Yearly,UPI,No,8,6,1
CUST4584,33,Male,Bangalore,54843,12,572,1,435,Yearly,UPI,Yes,17,2,1
CUST4585,37,Female,Delhi,37426,16,769,0,515,Monthly,Net Banking,No,4,2,1
CUST4586,31,Male,Chennai,73082,39,1004,4,183,Monthly,Debit Card,Yes,4,10,1
CUST4587,59,Male,Bangalore,35659,2,565,3,342,Monthly,Debit Card,Yes,23,7,1
CUST4588,34,Male,Kolkata,85910,25,2861,4,278,Monthly,Credit Card,Yes,17,3,1
CUST4589,44,Female,Hyderabad,93107,47,1455,5,132,Quarterly,Net Banking,Yes,8,9,1
CUST4590,33,Female,Mumbai,72285,25,1456,6,135,Quarterly,Credit Card,No,26,10,1
CUST4591,45,Female,Hyderabad,34002,29,2073,4,309,Yearly,Net Banking,Yes,19,1,1
CUST4592,30,Female,Kolkata,91081,25,2838,1,171,Quarterly,Credit Card,No,24,6,1
CUST4593,53,Female,Pune,34121,15,2802,0,85,Quarterly,Credit Card,No,5,6,0
CUST4594,58,Male,Kolkata,96404,11,2318,1,51,Yearly,Debit Card,No,2,4,1
CUST4595,38,Male,Chennai,48319,40,1461,2,542,Yearly,Debit Card,Yes,23,4,1
CUST4596,48,Female,Delhi,70372,25,2590,1,345,Yearly,Net Banking,Yes,30,9,1
CUST4597,38,Male,Mumbai,55698,60,613,6,300,Yearly,Debit Card,No,16,4,1
CUST4598,54,Female,Kolkata,37203,13,817,3,485,Yearly,Credit Card,No,13,8,0
CUST4599,51,Female,Chennai,45739,30,1804,0,486,Quarterly,Debit Card,No,26,8,1
CUST4600,54,Female,Hyderabad,54307,45,1507,0,227,Quarterly,Credit Card,Yes,20,5,1
CUST4601,36,Female,Chennai,52438,42,1163,2,414,Yearly,UPI,No,30,6,1
CUST4602,39,Female,Delhi,92759,11,2077,4,289,Quarterly,Credit Card,No,25,4,1
CUST4603,57,Female,Bangalore,71596,44,1307,3,458,Monthly,Net Banking,No,8,5,1
CUST4604,56,Male,Hyderabad,94427,18,1164,5,454,Quarterly,Net Banking,Yes,5,8,1
CUST4605,44,Female,Hyderabad,71474,44,1820,3,480,Monthly,UPI,Yes,23,8,1
CUST4606,42,Female,Bangalore,84822,37,2928,0,34,Monthly,UPI,No,8,4,1
CUST4607,43,Male,Pune,54268,35,2359,0,168,Monthly,UPI,No,16,4,1
CUST4608,50,Male,Mumbai,61461,24,743,0,108,Monthly,Debit Card,No,21,6,1
CUST4609,58,Female,Hyderabad,32560,20,2677,5,36,Quarterly,Credit Card,Yes,20,1,1
CUST4610,26,Male,Delhi,32520,38,2885,6,542,Yearly,Debit Card,Yes,25,1,1
CUST4611,36,Female,Chennai,44020,17,1672,4,84,Monthly,Credit Card,No,23,10,1
CUST4612,38,Female,Pune,55711,7,1701,5,30,Quarterly,Net Banking,Yes,20,4,1
CUST4613,47,Female,Delhi,83003,22,1652,5,542,Yearly,Net Banking,No,3,5,1
CUST4614,33,Female,Pune,56300,13,2536,0,495,Monthly,UPI,No,28,1,1
CUST4615,27,Male,Hyderabad,78408,23,1881,2,232,Monthly,Debit Card,Yes,4,9,0
CUST4616,41,Male,Pune,37529,22,1585,0,216,Quarterly,Net Banking,No,4,3,1
CUST4617,51,Female,Chennai,49328,48,2310,6,465,Monthly,Net Banking,No,21,6,1
CUST4618,23,Female,Mumbai,76213,21,2968,6,186,Quarterly,Credit Card,Yes,28,2,1
CUST4619,22,Female,Chennai,83551,25,1416,1,65,Monthly,UPI,Yes,3,7,0
CUST4620,38,Male,Delhi,93534,42,1439,3,260,Quarterly,Net Banking,Yes,27,10,1
CUST4621,58,Male,Pune,88954,28,2097,1,109,Quarterly,Credit Card,Yes,12,4,1
CUST4622,23,Male,Chennai,98568,29,1725,4,368,Monthly,UPI,No,15,7,1
CUST4623,54,Female,Pune,66091,17,599,3,451,Monthly,Credit Card,No,3,6,0
CUST4624,23,Male,Delhi,99245,19,1530,2,409,Quarterly,UPI,No,28,2,1
CUST4625,41,Male,Delhi,48003,19,2396,5,498,Yearly,Net Banking,Yes,29,6,1
CUST4626,45,Female,Mumbai,84756,29,2535,6,169,Yearly,UPI,No,30,5,1
CUST4627,25,Male,Hyderabad,45748,16,2318,3,541,Quarterly,UPI,No,14,3,1
CUST4628,48,Male,Kolkata,51555,34,945,4,520,Yearly,Debit Card,No,24,2,1
CUST4629,50,Female,Chennai,82791,14,961,4,490,Yearly,Debit Card,Yes,1,3,1
CUST4630,45,Male,Hyderabad,48899,6,2239,4,288,Yearly,Debit Card,Yes,29,5,1
CUST4631,57,Male,Hyderabad,77213,15,1178,3,297,Yearly,Credit Card,No,15,1,1
CUST4632,50,Female,Bangalore,57366,29,2290,4,64,Monthly,Credit Card,Yes,21,10,1
CUST4633,44,Female,Mumbai,70920,24,1287,6,146,Monthly,UPI,No,10,2,1
CUST4634,44,Male,Mumbai,89382,41,2104,6,260,Quarterly,Net Banking,No,11,10,1
CUST4635,32,Female,Chennai,75303,56,1413,3,385,Yearly,Debit Card,Yes,17,1,1
CUST4636,42,Female,Delhi,86862,45,2062,6,296,Monthly,Credit Card,No,1,2,1
CUST4637,41,Female,Bangalore,84598,37,881,6,138,Quarterly,Debit Card,Yes,13,7,1
CUST4638,53,Female,Bangalore,30944,17,605,1,235,Quarterly,Net Banking,Yes,23,3,1
CUST4639,46,Female,Mumbai,62654,19,2096,2,172,Yearly,Credit Card,No,15,6,0
CUST4640,36,Male,Delhi,95564,60,2360,6,179,Quarterly,Net Banking,Yes,13,2,1
CUST4641,50,Male,Hyderabad,32127,36,1796,3,547,Monthly,UPI,Yes,22,8,1
CUST4642,30,Male,Mumbai,38351,24,704,2,334,Monthly,Net Banking,No,8,6,0
CUST4643,37,Male,Kolkata,74480,42,2889,1,450,Monthly,Debit Card,No,17,10,1
CUST4644,57,Female,Bangalore,99318,39,1382,5,313,Monthly,UPI,No,6,4,1
CUST4645,39,Female,Pune,57256,24,2644,2,148,Monthly,Net Banking,No,13,10,0
CUST4646,40,Female,Mumbai,51487,42,896,1,347,Monthly,Debit Card,Yes,30,9,1
CUST4647,32,Female,Delhi,58994,40,2815,2,516,Yearly,Debit Card,Yes,14,7,0
CUST4648,53,Male,Hyderabad,95254,14,1503,0,184,Quarterly,Debit Card,No,5,1,1
CUST4649,50,Male,Hyderabad,43302,17,2898,1,432,Yearly,Debit Card,Yes,7,4,1
CUST4650,49,Female,Chennai,42546,32,1119,1,240,Quarterly,UPI,No,30,10,1
CUST4651,26,Female,Bangalore,45032,20,1518,1,434,Yearly,Debit Card,No,19,3,1
CUST4652,57,Male,Mumbai,56067,37,2970,3,168,Monthly,Net Banking,Yes,23,9,1
CUST4653,24,Male,Kolkata,73475,32,610,0,271,Yearly,Credit Card,Yes,16,10,1
CUST4654,22,Male,Bangalore,54854,43,2148,6,164,Quarterly,UPI,Yes,25,10,1
CUST4655,59,Male,Bangalore,80670,47,1370,2,235,Monthly,Net Banking,No,30,9,1
CUST4656,24,Female,Kolkata,39363,41,1748,0,385,Yearly,Net Banking,No,26,5,1
CUST4657,51,Male,Bangalore,74944,6,2477,6,476,Monthly,Credit Card,No,15,1,1
CUST4658,34,Female,Bangalore,67807,34,1136,5,148,Yearly,Debit Card,Yes,2,5,1
CUST4659,33,Male,Kolkata,60585,40,894,1,286,Monthly,UPI,Yes,25,10,1
CUST4660,49,Female,Hyderabad,44147,41,1262,5,409,Quarterly,Credit Card,Yes,27,7,1
CUST4661,43,Male,Chennai,47881,29,588,1,491,Quarterly,Debit Card,Yes,1,5,1
CUST4662,27,Female,Chennai,37637,60,900,6,415,Monthly,UPI,Yes,18,5,1
CUST4663,44,Female,Hyderabad,98486,52,2467,5,358,Quarterly,UPI,No,12,7,1
CUST4664,23,Female,Kolkata,65313,12,1142,4,391,Monthly,Net Banking,Yes,9,10,1
CUST4665,57,Male,Hyderabad,47225,17,2801,3,254,Yearly,Debit Card,Yes,30,5,1
CUST4666,37,Male,Chennai,54678,23,1469,0,371,Quarterly,Net Banking,Yes,9,6,0
CUST4667,57,Male,Chennai,84863,13,944,1,369,Monthly,UPI,No,4,4,1
CUST4668,43,Male,Hyderabad,97740,16,1681,0,520,Quarterly,UPI,Yes,3,8,0
CUST4669,45,Male,Delhi,59028,13,2909,4,233,Yearly,UPI,Yes,8,8,1
CUST4670,37,Male,Delhi,69007,34,1829,0,287,Monthly,UPI,Yes,26,6,1
CUST4671,38,Male,Delhi,43639,46,1209,0,158,Quarterly,Debit Card,Yes,5,7,0
CUST4672,30,Male,Chennai,82762,9,2896,3,492,Monthly,UPI,No,4,3,1
CUST4673,44,Female,Delhi,57757,9,1297,2,96,Monthly,Credit Card,Yes,18,3,1
CUST4674,55,Female,Kolkata,60569,32,610,2,303,Monthly,Credit Card,Yes,27,7,1
CUST4675,40,Female,Hyderabad,65160,7,2421,5,491,Quarterly,Credit Card,No,18,4,1
CUST4676,25,Female,Pune,61063,13,1130,4,114,Monthly,Net Banking,Yes,25,1,1
CUST4677,41,Male,Hyderabad,60084,24,726,5,313,Yearly,UPI,No,21,3,1
CUST4678,28,Male,Mumbai,99922,55,2325,6,537,Monthly,Net Banking,No,21,6,1
CUST4679,50,Male,Kolkata,79178,19,2560,1,474,Yearly,Credit Card,Yes,15,5,1
CUST4680,24,Female,Kolkata,93196,19,1748,4,504,Quarterly,Net Banking,Yes,10,2,1
CUST4681,31,Female,Pune,68100,23,1460,0,209,Monthly,Net Banking,No,29,10,1
CUST4682,36,Male,Bangalore,89413,25,1262,1,50,Monthly,Net Banking,No,9,8,0
CUST4683,37,Female,Pune,43727,16,1136,4,108,Quarterly,Net Banking,No,10,10,1
CUST4684,24,Female,Mumbai,67302,16,2847,0,502,Quarterly,Net Banking,No,30,9,1
CUST4685,56,Male,Chennai,57044,60,523,5,157,Yearly,UPI,No,30,5,1
CUST4686,37,Female,Bangalore,71988,29,551,2,449,Quarterly,Debit Card,No,25,1,1
CUST4687,37,Male,Chennai,38545,43,2189,4,145,Monthly,UPI,No,17,9,1
CUST4688,43,Female,Chennai,70747,38,1799,4,373,Quarterly,Debit Card,No,15,8,1
CUST4689,35,Male,Chennai,66109,5,1954,4,172,Quarterly,Credit Card,No,24,4,1
CUST4690,54,Male,Pune,80640,57,967,0,493,Quarterly,Credit Card,Yes,13,2,1
CUST4691,31,Male,Delhi,92358,18,2276,1,155,Monthly,Credit Card,Yes,9,5,1
CUST4692,51,Male,Hyderabad,36195,52,1313,2,298,Monthly,Debit Card,Yes,17,3,1
CUST4693,22,Female,Kolkata,57551,25,504,4,372,Yearly,Debit Card,No,12,2,1
CUST4694,44,Female,Chennai,63264,5,562,3,268,Yearly,Debit Card,Yes,28,6,1
CUST4695,34,Male,Mumbai,99661,26,1732,6,86,Quarterly,Debit Card,Yes,16,1,1
CUST4696,39,Female,Mumbai,78780,29,1517,4,75,Yearly,Net Banking,No,13,9,1
CUST4697,22,Male,Delhi,84984,4,2383,3,448,Yearly,Net Banking,No,6,3,1
CUST4698,54,Male,Delhi,50469,53,929,3,55,Yearly,Net Banking,No,10,4,1
CUST4699,53,Male,Kolkata,86850,22,2348,2,461,Quarterly,Net Banking,Yes,19,3,1
CUST4700,33,Female,Chennai,71026,55,2053,0,290,Yearly,Net Banking,Yes,16,8,1
CUST4701,35,Female,Mumbai,39893,3,2105,3,232,Yearly,UPI,No,7,10,1
CUST4702,22,Female,Bangalore,53631,48,2660,6,166,Quarterly,Credit Card,Yes,5,4,1
CUST4703,29,Female,Delhi,99820,21,2260,6,136,Monthly,Net Banking,No,20,10,1
CUST4704,43,Male,Delhi,55790,30,2772,3,352,Yearly,Debit Card,Yes,26,1,1
CUST4705,57,Female,Pune,67924,29,2622,3,212,Yearly,UPI,No,13,6,0
CUST4706,46,Male,Mumbai,46590,53,1856,1,323,Yearly,Credit Card,Yes,21,10,1
CUST4707,45,Female,Bangalore,56515,44,772,2,55,Monthly,Credit Card,Yes,8,5,1
CUST4708,43,Male,Bangalore,95121,27,975,0,217,Monthly,Credit Card,No,25,10,1
CUST4709,24,Male,Hyderabad,65513,48,584,0,106,Yearly,Debit Card,No,10,1,1
CUST4710,42,Female,Mumbai,52951,7,2721,5,111,Yearly,UPI,Yes,21,3,1
CUST4711,35,Male,Delhi,44665,33,2300,1,467,Yearly,Debit Card,Yes,16,8,1
CUST4712,52,Male,Hyderabad,80762,23,2460,6,538,Monthly,Credit Card,No,22,1,1
CUST4713,39,Male,Delhi,53885,28,1534,4,240,Monthly,UPI,Yes,13,1,1
CUST4714,40,Female,Bangalore,30046,52,1580,2,283,Quarterly,Net Banking,Yes,23,5,1
CUST4715,43,Female,Mumbai,98422,33,2038,3,286,Quarterly,Debit Card,Yes,30,1,1
CUST4716,58,Male,Chennai,66911,44,1921,2,350,Yearly,Debit Card,No,26,10,1
CUST4717,56,Female,Bangalore,76924,6,1310,5,512,Yearly,UPI,Yes,16,9,1
CUST4718,29,Male,Mumbai,30388,21,838,4,465,Quarterly,Net Banking,Yes,2,9,1
CUST4719,28,Female,Hyderabad,88117,7,2719,1,264,Yearly,Debit Card,Yes,22,3,1
CUST4720,46,Female,Kolkata,88482,13,2195,2,447,Yearly,UPI,No,28,9,1
CUST4721,29,Male,Chennai,84612,46,2768,0,111,Monthly,UPI,No,6,7,0
CUST4722,43,Female,Delhi,49870,35,2205,5,411,Yearly,Net Banking,No,12,8,1
CUST4723,45,Male,Mumbai,44760,49,2363,1,177,Monthly,Credit Card,No,17,6,1
CUST4724,54,Female,Pune,31755,53,2220,0,209,Yearly,UPI,No,3,8,0
CUST4725,27,Female,Pune,54966,9,2904,4,493,Quarterly,UPI,Yes,2,3,1
CUST4726,56,Male,Kolkata,48579,58,1226,3,211,Quarterly,Debit Card,Yes,3,7,0
CUST4727,25,Male,Hyderabad,77178,40,1138,6,148,Quarterly,Credit Card,Yes,9,8,1
CUST4728,33,Male,Delhi,96512,32,1691,1,274,Monthly,Credit Card,Yes,21,3,1
CUST4729,47,Female,Pune,67710,45,1576,3,119,Yearly,Net Banking,Yes,9,7,0
CUST4730,46,Male,Delhi,74659,10,950,2,380,Monthly,UPI,No,9,5,1
CUST4731,28,Female,Bangalore,83797,24,1138,1,470,Quarterly,Credit Card,No,26,6,1
CUST4732,28,Male,Bangalore,36643,22,2474,5,146,Monthly,Net Banking,Yes,14,2,1
CUST4733,33,Male,Bangalore,91758,39,2192,2,201,Quarterly,Credit Card,No,18,7,1
CUST4734,44,Male,Hyderabad,99626,45,2867,4,528,Quarterly,Net Banking,Yes,25,9,1
CUST4735,49,Female,Hyderabad,31672,12,901,2,247,Monthly,UPI,No,10,10,0
CUST4736,38,Female,Chennai,74594,32,587,2,165,Monthly,Net Banking,Yes,30,10,1
CUST4737,45,Female,Delhi,67018,15,719,2,196,Quarterly,UPI,Yes,2,3,1
CUST4738,30,Male,Pune,64604,23,2068,2,170,Quarterly,Debit Card,No,14,1,1
CUST4739,43,Male,Bangalore,73923,33,1528,5,363,Quarterly,UPI,Yes,27,10,1
CUST4740,53,Male,Mumbai,87373,27,994,3,282,Yearly,Debit Card,No,22,7,1
CUST4741,43,Female,Delhi,41772,41,743,4,185,Monthly,Net Banking,Yes,12,5,1
CUST4742,40,Female,Chennai,65030,47,2661,0,150,Quarterly,UPI,No,6,3,1
CUST4743,47,Female,Hyderabad,34993,5,2992,5,49,Quarterly,Net Banking,Yes,12,6,1
CUST4744,37,Female,Chennai,88724,38,1380,4,339,Yearly,Net Banking,No,21,5,1
CUST4745,49,Male,Pune,92547,60,2542,4,517,Monthly,Net Banking,No,11,8,1
CUST4746,40,Male,Delhi,35974,31,920,3,90,Quarterly,Net Banking,No,3,2,1
CUST4747,50,Male,Pune,52466,15,610,2,301,Yearly,Net Banking,Yes,13,2,1
CUST4748,41,Male,Chennai,41366,33,2241,1,360,Yearly,Debit Card,Yes,22,4,1
CUST4749,51,Male,Hyderabad,71371,15,2176,6,192,Yearly,Debit Card,No,15,8,1
CUST4750,22,Female,Bangalore,95129,24,1102,1,55,Yearly,Debit Card,Yes,29,8,1
CUST4751,47,Male,Delhi,43472,40,879,4,412,Quarterly,Debit Card,No,17,4,1
CUST4752,34,Female,Delhi,89600,13,2444,1,54,Monthly,Credit Card,No,2,3,1
CUST4753,51,Male,Kolkata,65690,1,1846,0,247,Yearly,Net Banking,Yes,15,8,1
CUST4754,49,Female,Kolkata,59379,19,1867,4,534,Monthly,UPI,Yes,8,6,1
CUST4755,37,Female,Delhi,72973,35,1584,4,66,Monthly,Debit Card,No,12,9,1
CUST4756,54,Male,Kolkata,48570,42,1095,2,356,Yearly,Debit Card,No,26,7,1
CUST4757,34,Male,Chennai,75820,60,548,2,520,Quarterly,Net Banking,Yes,13,5,1
CUST4758,46,Male,Bangalore,81606,51,2722,0,290,Quarterly,Debit Card,Yes,30,10,1
CUST4759,26,Female,Delhi,59590,1,2109,1,248,Yearly,UPI,Yes,22,8,1
CUST4760,24,Female,Pune,55938,51,2852,6,274,Yearly,Credit Card,No,10,5,1
CUST4761,37,Male,Hyderabad,96273,21,2451,5,63,Monthly,UPI,No,24,6,1
CUST4762,24,Male,Hyderabad,72164,3,846,1,221,Monthly,Debit Card,No,3,1,1
CUST4763,59,Male,Bangalore,76887,19,632,4,376,Quarterly,Debit Card,No,17,4,1
CUST4764,56,Female,Bangalore,73220,5,618,0,271,Yearly,UPI,Yes,24,8,1
CUST4765,34,Male,Pune,62229,45,813,0,196,Quarterly,UPI,Yes,10,2,1
CUST4766,37,Male,Kolkata,76116,16,2289,6,375,Monthly,Net Banking,No,16,9,1
CUST4767,51,Male,Pune,40655,9,2814,4,355,Monthly,UPI,Yes,30,8,1
CUST4768,36,Female,Hyderabad,52970,48,2385,1,105,Yearly,Credit Card,Yes,23,4,1
CUST4769,37,Female,Kolkata,39397,59,1483,5,428,Yearly,UPI,No,17,10,1
CUST4770,49,Female,Hyderabad,91731,54,1879,5,506,Monthly,UPI,No,22,4,1
CUST4771,50,Male,Delhi,73702,42,2707,5,130,Quarterly,Net Banking,Yes,2,9,1
CUST4772,44,Male,Bangalore,68815,46,1078,6,468,Quarterly,Debit Card,No,11,6,1
CUST4773,44,Male,Bangalore,70643,13,2672,1,389,Yearly,Net Banking,No,23,7,1
CUST4774,31,Male,Kolkata,36263,17,1909,0,348,Monthly,Net Banking,Yes,5,9,0
CUST4775,30,Female,Chennai,35243,28,777,4,157,Monthly,Debit Card,No,20,5,1
CUST4776,53,Male,Delhi,31254,10,1112,6,537,Quarterly,Net Banking,Yes,9,7,1
CUST4777,32,Male,Hyderabad,76779,13,1148,1,221,Monthly,Credit Card,No,11,6,0
CUST4778,53,Male,Bangalore,42922,21,2511,3,245,Yearly,UPI,Yes,14,5,1
CUST4779,48,Female,Delhi,68551,6,653,5,300,Yearly,Net Banking,Yes,29,4,1
CUST4780,31,Male,Pune,46155,59,648,1,39,Quarterly,Credit Card,No,4,6,0
CUST4781,25,Female,Mumbai,85001,40,2371,3,474,Yearly,UPI,No,1,3,1
CUST4782,38,Male,Mumbai,61403,12,1082,6,485,Quarterly,Credit Card,No,3,1,1
CUST4783,42,Male,Pune,51178,30,531,2,45,Quarterly,Credit Card,Yes,25,9,1
CUST4784,24,Male,Mumbai,41215,12,1282,4,161,Quarterly,Debit Card,Yes,23,7,1
CUST4785,58,Female,Kolkata,61146,37,712,4,186,Monthly,Debit Card,Yes,17,3,1
CUST4786,49,Female,Chennai,85103,57,724,0,526,Quarterly,Net Banking,Yes,1,9,0
CUST4787,54,Male,Pune,82534,54,1660,2,246,Quarterly,Net Banking,Yes,4,9,0
CUST4788,36,Male,Kolkata,80703,16,2048,5,243,Monthly,UPI,Yes,21,9,1
CUST4789,25,Female,Mumbai,72162,48,2243,0,431,Quarterly,UPI,Yes,10,5,1
CUST4790,36,Male,Kolkata,95294,11,2971,5,397,Quarterly,Credit Card,No,10,9,1
CUST4791,58,Female,Hyderabad,85443,34,2697,1,45,Monthly,Debit Card,No,5,1,1
CUST4792,40,Male,Kolkata,92537,21,1584,4,372,Monthly,Net Banking,Yes,11,2,1
CUST4793,27,Male,Hyderabad,44388,11,2818,0,425,Yearly,Net Banking,No,26,4,1
CUST4794,49,Female,Chennai,61254,27,897,5,312,Monthly,UPI,No,21,1,1
CUST4795,34,Male,Bangalore,58715,44,2205,6,414,Quarterly,Credit Card,No,29,4,1
CUST4796,37,Male,Mumbai,43144,18,2055,2,46,Monthly,Net Banking,Yes,14,6,0
CUST4797,50,Male,Mumbai,61297,55,1320,5,191,Quarterly,UPI,Yes,13,10,1
CUST4798,29,Male,Mumbai,66806,13,1229,5,469,Quarterly,UPI,No,27,3,1
CUST4799,36,Female,Pune,80724,19,2644,6,399,Monthly,Credit Card,No,1,1,1
CUST4800,49,Male,Bangalore,41920,57,2471,3,105,Quarterly,Net Banking,Yes,30,5,1
CUST4801,23,Male,Mumbai,73316,18,783,3,71,Yearly,UPI,Yes,11,5,1
CUST4802,27,Female,Kolkata,72476,30,728,5,481,Yearly,Debit Card,No,6,2,1
CUST4803,34,Male,Bangalore,95122,30,2871,0,188,Yearly,Debit Card,No,15,5,1
CUST4804,47,Female,Pune,51180,58,2941,3,435,Quarterly,Credit Card,Yes,8,5,1
CUST4805,42,Male,Mumbai,84946,7,654,3,223,Monthly,Debit Card,Yes,15,8,0
CUST4806,41,Female,Pune,92473,56,2699,3,453,Yearly,Credit Card,No,11,10,0
CUST4807,22,Female,Kolkata,58573,53,670,1,154,Quarterly,Debit Card,Yes,15,8,0
CUST4808,30,Female,Hyderabad,60472,1,605,2,67,Quarterly,Debit Card,Yes,11,3,1
CUST4809,46,Male,Mumbai,84738,18,2530,2,314,Quarterly,UPI,Yes,16,8,1
CUST4810,29,Male,Delhi,91804,53,1233,3,273,Quarterly,Debit Card,No,25,1,1
CUST4811,27,Male,Bangalore,81902,60,1911,4,354,Quarterly,Credit Card,No,10,8,1
CUST4812,44,Male,Mumbai,93012,7,2809,4,492,Yearly,Credit Card,No,3,2,1
CUST4813,53,Male,Bangalore,67386,10,1712,0,42,Quarterly,UPI,No,25,2,1
CUST4814,26,Male,Mumbai,40223,10,2963,3,426,Monthly,Debit Card,No,21,6,1
CUST4815,54,Female,Chennai,63973,41,1830,6,147,Yearly,Credit Card,Yes,12,3,1
CUST4816,57,Male,Kolkata,66133,48,2895,4,233,Quarterly,Debit Card,No,22,2,1
CUST4817,50,Female,Chennai,57618,13,2860,1,166,Quarterly,UPI,No,20,1,1
CUST4818,48,Male,Pune,56796,2,578,2,86,Quarterly,Debit Card,Yes,16,6,1
CUST4819,35,Male,Delhi,73813,19,626,2,247,Yearly,UPI,No,28,9,1
CUST4820,36,Male,Kolkata,80393,52,2181,0,472,Monthly,Net Banking,Yes,3,6,0
CUST4821,50,Male,Kolkata,34567,4,1608,6,548,Monthly,Credit Card,Yes,29,7,1
CUST4822,42,Female,Mumbai,36462,1,2158,0,329,Monthly,Debit Card,No,6,5,1
CUST4823,52,Male,Chennai,39778,58,2612,5,251,Monthly,Debit Card,No,18,8,1
CUST4824,47,Female,Bangalore,30783,43,914,3,109,Monthly,Net Banking,No,28,4,1
CUST4825,56,Male,Chennai,42135,10,1008,4,495,Monthly,UPI,No,13,8,1
CUST4826,48,Male,Hyderabad,79874,10,2847,5,402,Monthly,Net Banking,No,24,9,1
CUST4827,48,Female,Mumbai,79158,6,2120,5,277,Monthly,Debit Card,No,6,1,1
CUST4828,52,Female,Mumbai,92372,11,2099,3,348,Yearly,Net Banking,Yes,9,6,0
CUST4829,23,Male,Chennai,33801,2,1663,1,410,Quarterly,Net Banking,Yes,16,9,1
CUST4830,57,Female,Mumbai,72186,53,1733,2,130,Yearly,Credit Card,Yes,30,2,1
CUST4831,36,Male,Mumbai,52474,27,2084,6,320,Quarterly,Net Banking,Yes,20,8,1
CUST4832,40,Male,Bangalore,89707,29,1600,6,425,Quarterly,Debit Card,Yes,17,9,1
CUST4833,50,Male,Chennai,34502,31,991,0,161,Monthly,UPI,No,13,2,1
CUST4834,24,Male,Kolkata,39627,26,1388,1,300,Quarterly,Debit Card,No,8,3,1
CUST4835,45,Female,Kolkata,60451,52,1007,6,66,Monthly,Net Banking,Yes,4,7,1
CUST4836,33,Female,Bangalore,68098,34,2346,3,241,Quarterly,Debit Card,Yes,29,2,1
CUST4837,44,Male,Pune,46819,46,583,3,490,Quarterly,UPI,No,9,1,1
CUST4838,36,Male,Hyderabad,61031,54,2224,1,500,Yearly,Credit Card,Yes,28,5,1
CUST4839,43,Female,Pune,37160,42,784,3,329,Monthly,Credit Card,No,29,5,1
CUST4840,59,Female,Hyderabad,62692,52,1305,3,210,Quarterly,Debit Card,No,19,2,1
CUST4841,41,Female,Chennai,34825,35,2081,3,134,Yearly,UPI,Yes,15,7,0
CUST4842,29,Male,Kolkata,32698,29,1008,2,220,Monthly,Debit Card,No,15,10,0
CUST4843,28,Male,Kolkata,61604,18,819,3,321,Monthly,Net Banking,No,29,5,1
CUST4844,27,Female,Mumbai,76676,10,1262,6,446,Quarterly,Credit Card,Yes,17,3,1
CUST4845,39,Male,Delhi,37241,53,2780,6,229,Monthly,Net Banking,No,2,5,1
CUST4846,54,Male,Chennai,91488,10,2587,1,182,Yearly,UPI,No,10,9,0
CUST4847,57,Male,Kolkata,51249,19,2980,2,176,Yearly,Credit Card,No,19,10,1
CUST4848,46,Female,Kolkata,48033,17,1643,4,75,Monthly,Credit Card,Yes,19,7,1
CUST4849,32,Male,Kolkata,92347,40,1900,5,399,Yearly,UPI,No,24,5,1
CUST4850,57,Male,Mumbai,56896,45,1400,2,143,Monthly,Debit Card,Yes,20,3,1
CUST4851,40,Male,Chennai,54608,5,2226,6,55,Quarterly,Credit Card,Yes,12,9,1
CUST4852,49,Male,Hyderabad,75600,46,2565,1,318,Quarterly,UPI,No,27,1,1
CUST4853,36,Male,Kolkata,88081,4,1292,3,361,Quarterly,UPI,Yes,10,9,1
CUST4854,54,Female,Bangalore,92907,37,1871,3,72,Yearly,UPI,Yes,30,9,1
CUST4855,35,Female,Mumbai,41394,5,2731,1,82,Quarterly,Debit Card,No,9,2,1
CUST4856,59,Male,Hyderabad,34628,57,1818,6,506,Monthly,Net Banking,Yes,10,10,1
CUST4857,26,Female,Chennai,42093,53,800,2,135,Quarterly,UPI,No,10,10,0
CUST4858,32,Male,Chennai,98618,35,1158,5,350,Yearly,Debit Card,No,12,3,1
CUST4859,53,Male,Chennai,46847,38,2045,3,302,Yearly,UPI,No,17,8,1
CUST4860,25,Male,Mumbai,41198,15,1364,6,356,Quarterly,Net Banking,No,1,1,1
CUST4861,33,Female,Bangalore,98462,56,2435,6,363,Monthly,Debit Card,No,3,3,1
CUST4862,51,Female,Chennai,35814,41,2189,6,105,Quarterly,Net Banking,Yes,20,1,1
CUST4863,58,Male,Mumbai,75127,19,951,6,396,Quarterly,Net Banking,No,26,8,1
CUST4864,45,Female,Pune,79203,43,966,2,353,Quarterly,Credit Card,Yes,11,2,1
CUST4865,39,Male,Bangalore,45264,56,2806,0,94,Quarterly,Credit Card,No,3,4,1
CUST4866,59,Male,Bangalore,89430,55,2867,4,353,Monthly,Credit Card,Yes,6,1,1
CUST4867,29,Male,Mumbai,45797,34,1627,3,193,Monthly,Credit Card,Yes,17,7,1
CUST4868,58,Male,Kolkata,30105,59,863,4,158,Monthly,Net Banking,Yes,3,7,1
CUST4869,30,Female,Delhi,71920,36,708,4,317,Monthly,Debit Card,No,2,4,1
CUST4870,46,Male,Delhi,77594,51,2539,1,458,Yearly,Net Banking,No,22,10,1
CUST4871,42,Female,Chennai,38186,29,934,6,121,Monthly,Credit Card,Yes,12,9,1
CUST4872,32,Female,Chennai,88277,55,2745,1,152,Monthly,Debit Card,Yes,29,2,1
CUST4873,24,Male,Chennai,53557,48,2137,4,65,Quarterly,Net Banking,Yes,15,6,1
CUST4874,54,Female,Hyderabad,95640,12,2860,6,136,Quarterly,Credit Card,Yes,13,1,1
CUST4875,49,Female,Delhi,75091,5,1548,0,66,Monthly,UPI,Yes,19,3,1
CUST4876,55,Male,Pune,80997,46,2041,2,228,Yearly,Net Banking,No,2,8,0
CUST4877,40,Female,Chennai,33572,49,1693,2,323,Yearly,UPI,No,26,3,1
CUST4878,41,Female,Delhi,46151,47,2863,5,119,Yearly,Debit Card,No,20,6,1
CUST4879,24,Male,Chennai,55483,33,2993,4,109,Yearly,Debit Card,Yes,17,10,1
CUST4880,33,Male,Kolkata,77954,60,1051,6,103,Yearly,Credit Card,Yes,10,2,1
CUST4881,31,Female,Pune,49558,30,887,0,328,Yearly,Debit Card,Yes,19,5,1
CUST4882,51,Female,Delhi,63241,40,1461,5,199,Yearly,Net Banking,No,13,1,1
CUST4883,55,Female,Pune,72942,4,2420,3,298,Monthly,Debit Card,Yes,27,2,1
CUST4884,26,Female,Bangalore,61584,14,2115,1,207,Yearly,Credit Card,Yes,27,3,1
CUST4885,24,Male,Pune,79411,7,2012,2,110,Quarterly,Credit Card,Yes,15,10,0
CUST4886,22,Male,Kolkata,85610,54,1114,2,38,Quarterly,UPI,Yes,8,3,1
CUST4887,47,Male,Mumbai,41204,13,2272,5,347,Quarterly,Net Banking,No,7,10,1
CUST4888,44,Male,Delhi,78906,12,1841,4,389,Quarterly,Net Banking,No,17,8,1
CUST4889,37,Female,Bangalore,51576,52,701,4,62,Yearly,Debit Card,No,24,3,1
CUST4890,32,Female,Mumbai,81750,50,1344,6,341,Yearly,Net Banking,Yes,16,5,1
CUST4891,31,Female,Bangalore,78338,35,1131,0,351,Quarterly,Net Banking,Yes,19,8,1
CUST4892,26,Male,Pune,98622,60,1458,4,333,Quarterly,UPI,Yes,15,8,1
CUST4893,33,Female,Pune,40486,8,1729,2,393,Yearly,Net Banking,Yes,27,4,1
CUST4894,44,Female,Delhi,75869,2,2431,2,435,Monthly,Credit Card,Yes,23,10,1
CUST4895,38,Female,Mumbai,76970,3,1784,3,428,Monthly,Net Banking,No,17,7,1
CUST4896,50,Male,Delhi,46963,32,2852,2,225,Yearly,Credit Card,No,13,4,1
CUST4897,39,Female,Chennai,84704,51,1949,4,246,Yearly,UPI,No,30,7,1
CUST4898,57,Female,Mumbai,37539,22,2735,0,451,Quarterly,Credit Card,Yes,16,10,1
CUST4899,26,Female,Chennai,86816,38,1470,1,246,Yearly,Credit Card,No,25,1,1
CUST4900,52,Male,Kolkata,43764,40,823,2,226,Monthly,UPI,No,24,6,1
CUST4901,39,Male,Mumbai,77210,17,624,2,33,Yearly,UPI,No,19,9,1
CUST4902,52,Female,Mumbai,32063,42,924,3,275,Quarterly,Net Banking,Yes,30,10,1
CUST4903,52,Female,Bangalore,57132,50,2178,3,262,Yearly,UPI,No,6,6,0
CUST4904,41,Male,Pune,74758,44,610,6,118,Monthly,Credit Card,Yes,22,2,1
CUST4905,43,Female,Mumbai,38263,54,1315,3,280,Yearly,Debit Card,Yes,5,3,1
CUST4906,55,Male,Pune,31953,36,2390,0,251,Monthly,UPI,Yes,23,6,1
CUST4907,47,Male,Chennai,64699,24,1372,2,521,Yearly,UPI,No,16,10,1
CUST4908,44,Female,Hyderabad,42920,33,861,0,59,Quarterly,Net Banking,No,23,10,1
CUST4909,57,Male,Pune,39438,43,1647,5,244,Monthly,Credit Card,Yes,22,3,1
CUST4910,58,Female,Delhi,98412,32,2526,4,41,Monthly,Net Banking,No,26,3,1
CUST4911,24,Male,Pune,62225,38,1803,5,366,Monthly,Net Banking,Yes,8,1,1
CUST4912,29,Female,Chennai,78373,15,1824,0,229,Quarterly,Credit Card,Yes,29,4,1
CUST4913,53,Female,Chennai,36897,13,1889,6,126,Yearly,UPI,Yes,7,1,1
CUST4914,50,Female,Pune,91157,37,1311,1,283,Quarterly,UPI,Yes,3,6,0
CUST4915,41,Female,Bangalore,70909,28,503,6,174,Yearly,Credit Card,No,5,8,1
CUST4916,59,Female,Hyderabad,62291,58,2121,3,541,Monthly,Net Banking,Yes,25,4,1
CUST4917,51,Male,Kolkata,86898,4,2384,0,92,Quarterly,Net Banking,Yes,23,8,1
CUST4918,40,Female,Bangalore,94591,23,1755,5,158,Yearly,Net Banking,No,19,5,1
CUST4919,56,Male,Mumbai,86254,30,580,6,147,Yearly,Debit Card,No,22,7,1
CUST4920,54,Female,Pune,82186,35,1279,0,255,Yearly,Credit Card,No,14,5,1
CUST4921,24,Male,Mumbai,57068,21,506,0,296,Monthly,Debit Card,No,13,6,0
CUST4922,40,Male,Hyderabad,56403,54,920,2,70,Quarterly,Net Banking,Yes,13,1,1
CUST4923,36,Female,Kolkata,93594,33,2666,4,214,Yearly,Credit Card,No,30,3,1
CUST4924,39,Male,Bangalore,96689,13,2819,5,37,Monthly,Credit Card,Yes,19,3,1
CUST4925,53,Female,Chennai,63748,25,1576,6,366,Yearly,Debit Card,No,25,1,1
CUST4926,52,Female,Bangalore,64134,59,1762,3,206,Quarterly,Debit Card,No,12,6,0
CUST4927,48,Female,Hyderabad,80073,11,2978,4,160,Quarterly,Credit Card,No,26,2,1
CUST4928,54,Male,Delhi,59249,28,2672,3,457,Yearly,UPI,No,21,4,1
CUST4929,29,Male,Mumbai,90185,32,1536,4,201,Yearly,UPI,No,10,5,1
CUST4930,34,Male,Delhi,87147,32,1360,6,177,Monthly,Credit Card,Yes,12,4,1
CUST4931,26,Female,Delhi,81175,37,2930,2,262,Monthly,Debit Card,Yes,26,1,1
CUST4932,46,Male,Bangalore,53097,35,736,5,514,Monthly,Debit Card,Yes,17,9,1
CUST4933,24,Female,Hyderabad,48148,31,1622,6,302,Quarterly,Net Banking,No,15,5,1
CUST4934,43,Female,Hyderabad,59101,11,1871,5,480,Quarterly,UPI,Yes,23,4,1
CUST4935,32,Female,Hyderabad,83341,38,1673,4,528,Yearly,Credit Card,No,19,5,1
CUST4936,58,Male,Hyderabad,47048,52,2184,3,221,Yearly,Debit Card,No,9,4,1
CUST4937,50,Female,Chennai,35166,35,1195,3,395,Quarterly,Credit Card,No,14,9,0
CUST4938,44,Male,Delhi,57778,9,2544,4,462,Yearly,Debit Card,Yes,25,6,1
CUST4939,39,Male,Pune,89234,31,857,2,218,Yearly,UPI,Yes,28,5,1
CUST4940,51,Male,Pune,64581,17,1917,6,455,Monthly,Debit Card,Yes,27,7,1
CUST4941,44,Female,Hyderabad,89722,53,2939,4,290,Quarterly,UPI,Yes,7,6,1
CUST4942,57,Male,Hyderabad,75441,24,678,1,269,Quarterly,Debit Card,No,12,10,0
CUST4943,47,Male,Pune,34453,56,1201,5,111,Monthly,Net Banking,No,6,9,1
CUST4944,53,Female,Hyderabad,81084,40,2578,4,202,Yearly,Credit Card,Yes,6,6,1
CUST4945,49,Male,Mumbai,55258,59,771,4,142,Yearly,Net Banking,Yes,2,10,1
CUST4946,40,Female,Delhi,57228,25,964,2,220,Quarterly,Net Banking,Yes,13,6,0
CUST4947,56,Female,Hyderabad,39827,59,794,2,102,Yearly,Net Banking,Yes,8,2,1
CUST4948,50,Male,Bangalore,39033,31,2366,0,518,Monthly,Credit Card,No,8,4,1
CUST4949,23,Male,Delhi,35699,16,1244,1,498,Yearly,UPI,Yes,5,10,0
CUST4950,56,Female,Pune,44989,15,771,6,153,Quarterly,Debit Card,No,10,9,1
CUST4951,40,Female,Mumbai,78203,45,2154,4,287,Yearly,UPI,No,20,7,1
CUST4952,52,Female,Kolkata,38190,21,754,6,58,Quarterly,Credit Card,No,19,3,1
CUST4953,59,Male,Delhi,55177,11,1591,2,140,Quarterly,Debit Card,No,12,10,0
CUST4954,34,Male,Pune,80469,29,1063,2,48,Monthly,Debit Card,No,27,3,1
CUST4955,48,Male,Mumbai,95133,60,2578,2,373,Yearly,UPI,Yes,20,7,1
CUST4956,56,Male,Mumbai,37787,53,730,1,111,Monthly,UPI,No,30,9,1
CUST4957,36,Male,Hyderabad,88217,49,1093,6,488,Yearly,Net Banking,Yes,15,7,1
CUST4958,24,Female,Chennai,33794,1,1483,0,507,Monthly,Net Banking,Yes,18,7,1
CUST4959,22,Male,Kolkata,42875,4,593,4,381,Yearly,UPI,Yes,12,3,1
CUST4960,42,Female,Bangalore,52622,36,590,3,485,Yearly,Debit Card,Yes,27,7,1
CUST4961,44,Female,Mumbai,80873,55,1940,4,132,Yearly,UPI,Yes,20,3,1
CUST4962,37,Female,Bangalore,95995,31,1080,1,133,Monthly,Net Banking,No,12,9,0
CUST4963,42,Female,Delhi,73394,48,2301,6,238,Monthly,UPI,No,10,3,1
CUST4964,46,Male,Pune,73949,9,2212,3,217,Monthly,Debit Card,No,26,6,1
CUST4965,34,Female,Delhi,66030,31,1559,4,453,Monthly,Debit Card,Yes,28,3,1
CUST4966,45,Male,Bangalore,87245,27,795,5,74,Yearly,Net Banking,No,15,10,1
CUST4967,42,Female,Bangalore,36005,47,2420,5,528,Quarterly,Credit Card,No,22,6,1
CUST4968,52,Male,Bangalore,69553,53,693,2,495,Monthly,Credit Card,No,21,10,1
CUST4969,51,Female,Mumbai,98116,49,1091,6,351,Yearly,Credit Card,Yes,5,8,1
CUST4970,50,Male,Pune,96411,7,1696,5,110,Quarterly,UPI,No,16,1,1
CUST4971,56,Female,Chennai,58517,60,1747,4,523,Yearly,Debit Card,No,23,9,1
CUST4972,26,Female,Delhi,52043,15,868,2,60,Quarterly,Debit Card,No,27,8,1
CUST4973,39,Female,Hyderabad,47381,49,2089,3,204,Yearly,Credit Card,Yes,10,7,0
CUST4974,43,Male,Kolkata,96112,25,553,5,390,Yearly,Net Banking,Yes,28,10,1
CUST4975,58,Male,Mumbai,96520,53,968,3,429,Yearly,Debit Card,Yes,28,8,1
CUST4976,50,Male,Chennai,62857,40,1906,0,103,Quarterly,UPI,No,13,9,0
CUST4977,48,Male,Bangalore,37559,6,2891,2,65,Monthly,UPI,No,21,4,1
CUST4978,32,Male,Pune,67997,46,724,1,93,Quarterly,Credit Card,No,28,4,1
CUST4979,22,Female,Hyderabad,74810,6,1875,6,349,Quarterly,Credit Card,No,5,7,1
CUST4980,43,Female,Hyderabad,92957,14,1912,2,463,Yearly,UPI,No,6,9,0
CUST4981,28,Female,Mumbai,90753,2,991,1,89,Quarterly,Net Banking,No,13,8,1
CUST4982,28,Male,Kolkata,87314,23,1851,4,126,Quarterly,Net Banking,Yes,15,1,1
CUST4983,33,Male,Kolkata,86010,48,2163,5,161,Yearly,Credit Card,Yes,2,7,1
CUST4984,53,Female,Kolkata,48428,3,975,3,62,Quarterly,Net Banking,No,3,4,1
CUST4985,51,Female,Mumbai,96333,8,2117,4,253,Monthly,Credit Card,Yes,25,5,1
CUST4986,29,Male,Delhi,85331,60,2556,4,208,Monthly,Net Banking,Yes,1,5,1
CUST4987,25,Female,Chennai,52169,40,1014,3,480,Quarterly,Debit Card,No,4,6,0
CUST4988,30,Female,Delhi,38985,2,1461,1,416,Quarterly,Credit Card,No,3,2,1
CUST4989,59,Male,Pune,86718,11,2647,5,479,Yearly,Debit Card,Yes,13,6,1
CUST4990,58,Female,Bangalore,68130,29,1750,4,242,Quarterly,Debit Card,No,2,1,1
CUST4991,54,Male,Bangalore,31042,8,1170,2,37,Monthly,Debit Card,No,25,1,1
CUST4992,41,Female,Mumbai,51876,13,2802,1,357,Monthly,Net Banking,No,10,6,0
CUST4993,41,Female,Kolkata,71226,16,1496,1,535,Yearly,UPI,Yes,20,5,1
CUST4994,30,Female,Delhi,44530,31,2013,6,287,Monthly,Debit Card,No,25,8,1
CUST4995,33,Male,Mumbai,37005,29,2844,2,372,Yearly,Debit Card,Yes,17,1,1
CUST4996,22,Female,Mumbai,44412,38,1206,1,484,Quarterly,Debit Card,Yes,22,5,1
CUST4997,24,Male,Kolkata,61309,16,2935,6,170,Monthly,Credit Card,Yes,27,1,1
CUST4998,46,Male,Mumbai,73464,60,1338,5,96,Quarterly,Credit Card,No,16,7,1
CUST4999,48,Female,Chennai,32752,38,1101,5,467,Monthly,Debit Card,Yes,19,6,1
CUST5000,56,Female,Delhi,98189,52,1084,2,101,Quarterly,Net Banking,Yes,22,4,1
CUST5001,26,Male,Pune,64029,18,620,4,72,Yearly,Credit Card,Yes,24,5,1
CUST5002,29,Male,Bangalore,93578,37,990,1,412,Monthly,Debit Card,Yes,5,2,1
CUST5003,47,Female,Delhi,64985,16,1417,5,180,Monthly,Credit Card,No,15,3,1
CUST5004,24,Female,Pune,77883,23,2914,2,268,Monthly,Net Banking,No,18,9,1
CUST5005,50,Male,Chennai,82879,34,1702,4,466,Yearly,Debit Card,No,29,9,1
CUST5006,40,Male,Delhi,46505,8,1578,3,198,Yearly,Net Banking,No,3,6,0
CUST5007,42,Male,Mumbai,83273,56,2446,1,513,Quarterly,Credit Card,No,1,10,0
CUST5008,52,Male,Pune,64936,37,1592,0,530,Yearly,UPI,No,13,8,0
CUST5009,48,Female,Chennai,49283,8,1206,0,536,Quarterly,Credit Card,Yes,12,9,0
CUST5010,46,Female,Mumbai,34721,14,2097,2,125,Yearly,Debit Card,Yes,27,4,1
CUST5011,32,Male,Bangalore,54815,48,2614,0,221,Quarterly,UPI,No,23,8,1
CUST5012,30,Male,Kolkata,96951,39,2898,0,200,Monthly,UPI,Yes,4,4,1
CUST5013,58,Female,Bangalore,89015,42,1828,5,358,Quarterly,Credit Card,Yes,10,8,1
CUST5014,53,Female,Pune,33140,50,1038,0,536,Yearly,Debit Card,No,10,6,0
CUST5015,49,Male,Mumbai,86215,51,2696,6,121,Yearly,Net Banking,No,16,8,1
CUST5016,25,Female,Kolkata,44058,42,1155,3,115,Yearly,Net Banking,No,3,8,0
CUST5017,37,Male,Kolkata,58695,35,2575,0,519,Quarterly,UPI,Yes,29,5,1
CUST5018,46,Male,Hyderabad,32078,15,549,5,418,Quarterly,Credit Card,Yes,16,3,1
CUST5019,36,Male,Pune,36618,52,1529,0,441,Quarterly,Debit Card,Yes,30,6,1
CUST5020,25,Male,Delhi,64073,18,1084,6,529,Quarterly,UPI,Yes,4,2,1
CUST5021,26,Female,Chennai,68380,6,2537,2,155,Yearly,Credit Card,No,9,7,0
CUST5022,50,Male,Delhi,66018,20,1194,2,257,Quarterly,Credit Card,No,12,2,1
CUST5023,46,Female,Delhi,91726,56,525,3,135,Yearly,Credit Card,Yes,16,4,1
CUST5024,55,Female,Pune,67929,5,2352,3,64,Monthly,Debit Card,Yes,12,1,1
CUST5025,55,Male,Mumbai,81046,33,2642,3,234,Yearly,UPI,No,13,2,1
CUST5026,51,Female,Hyderabad,64838,33,538,4,442,Quarterly,Credit Card,No,30,2,1
CUST5027,38,Female,Chennai,68916,11,713,2,168,Quarterly,Debit Card,Yes,17,3,1
CUST5028,48,Male,Pune,73324,25,1075,3,453,Quarterly,Credit Card,No,20,10,1
CUST5029,23,Female,Chennai,31360,1,2656,2,154,Yearly,Net Banking,Yes,14,10,1
CUST5030,39,Female,Hyderabad,49699,14,1122,5,245,Quarterly,Net Banking,No,5,5,1
CUST5031,34,Female,Hyderabad,53931,16,578,6,482,Monthly,Credit Card,No,21,7,1
CUST5032,59,Female,Kolkata,95324,49,660,3,431,Yearly,Debit Card,No,6,9,0
CUST5033,48,Male,Hyderabad,86318,26,2859,3,249,Yearly,Credit Card,No,2,1,1
CUST5034,44,Male,Bangalore,96653,22,2024,3,38,Quarterly,Net Banking,No,11,4,1
CUST5035,22,Male,Chennai,44271,55,2435,6,459,Monthly,Net Banking,No,4,10,1
CUST5036,23,Male,Bangalore,50011,52,784,5,289,Yearly,Net Banking,No,15,3,1
CUST5037,43,Male,Pune,36960,8,2683,1,451,Monthly,Credit Card,No,5,5,1
CUST5038,29,Male,Delhi,42629,18,887,3,428,Yearly,Credit Card,No,6,5,1
CUST5039,25,Female,Kolkata,64762,19,1452,2,504,Monthly,Credit Card,No,8,10,0
CUST5040,49,Male,Pune,56671,25,2486,1,475,Quarterly,Debit Card,Yes,29,7,1
CUST5041,44,Female,Delhi,75896,44,2934,5,344,Quarterly,Credit Card,Yes,6,5,1
CUST5042,40,Female,Delhi,38422,4,1865,4,286,Monthly,Credit Card,Yes,18,1,1
CUST5043,30,Female,Kolkata,44472,53,2583,6,56,Yearly,Debit Card,No,18,2,1
CUST5044,30,Male,Chennai,95658,41,1486,3,367,Yearly,Debit Card,No,17,6,1
CUST5045,27,Female,Bangalore,91336,42,925,2,538,Yearly,UPI,No,19,8,1
CUST5046,30,Male,Kolkata,42922,8,2594,3,39,Monthly,Net Banking,No,16,8,1
CUST5047,29,Male,Chennai,58234,41,1955,2,429,Yearly,Net Banking,No,15,9,0
CUST5048,54,Male,Kolkata,90631,54,1982,2,358,Monthly,Credit Card,No,6,7,0
CUST5049,37,Female,Hyderabad,34170,50,1540,0,288,Monthly,Credit Card,Yes,27,3,1
CUST5050,45,Male,Pune,82479,42,996,3,69,Yearly,Credit Card,Yes,26,2,1
CUST5051,44,Female,Pune,31821,25,591,0,152,Quarterly,UPI,Yes,17,1,1
CUST5052,48,Male,Hyderabad,46811,36,1956,6,149,Yearly,Net Banking,No,3,1,1
CUST5053,55,Female,Kolkata,91349,43,2730,0,264,Yearly,Net Banking,Yes,16,6,1
CUST5054,32,Male,Pune,58871,52,1012,5,242,Quarterly,Debit Card,Yes,26,5,1
CUST5055,55,Male,Chennai,65301,26,2305,5,197,Yearly,UPI,No,26,3,1
CUST5056,39,Male,Kolkata,88171,9,2662,3,522,Quarterly,Credit Card,No,1,1,1
CUST5057,25,Male,Chennai,63787,16,1549,5,322,Quarterly,Net Banking,No,22,10,1
CUST5058,28,Female,Delhi,42061,10,1644,6,547,Yearly,UPI,No,24,2,1
CUST5059,36,Male,Kolkata,98020,21,2245,4,528,Quarterly,Debit Card,Yes,14,7,1
CUST5060,45,Male,Chennai,52012,10,1833,5,234,Yearly,UPI,Yes,21,6,1
CUST5061,36,Female,Delhi,96881,58,2542,6,366,Quarterly,Net Banking,Yes,20,2,1
CUST5062,27,Male,Kolkata,58028,17,619,1,93,Quarterly,Net Banking,No,12,6,0
CUST5063,44,Male,Kolkata,57428,14,2063,5,502,Monthly,Debit Card,Yes,7,3,1
CUST5064,44,Female,Chennai,44134,18,894,3,485,Monthly,Net Banking,No,28,2,1
CUST5065,34,Male,Hyderabad,38867,42,1395,3,336,Yearly,Debit Card,Yes,12,6,0
CUST5066,23,Male,Mumbai,85351,40,1935,4,220,Quarterly,UPI,No,2,7,1
CUST5067,53,Female,Delhi,77443,28,1391,2,379,Quarterly,Net Banking,No,25,5,1
CUST5068,51,Male,Delhi,51916,47,1873,1,88,Quarterly,Credit Card,Yes,24,6,1
CUST5069,49,Female,Kolkata,93712,36,1057,1,53,Yearly,Debit Card,No,7,4,1
CUST5070,36,Male,Delhi,60128,3,1507,1,292,Monthly,UPI,No,25,5,1
CUST5071,30,Female,Chennai,62907,29,2315,0,235,Yearly,Debit Card,Yes,11,2,1
CUST5072,26,Male,Pune,40446,59,2362,0,171,Quarterly,UPI,Yes,20,8,1
CUST5073,57,Female,Bangalore,81746,44,1483,6,40,Yearly,Credit Card,No,24,3,1
CUST5074,38,Female,Delhi,37548,6,1275,6,57,Yearly,UPI,Yes,15,2,1
CUST5075,58,Female,Kolkata,87707,24,2354,4,122,Quarterly,Debit Card,Yes,10,5,1
CUST5076,32,Male,Kolkata,36162,52,873,1,123,Quarterly,Net Banking,No,23,5,1
CUST5077,33,Female,Bangalore,68457,13,1742,4,87,Yearly,Debit Card,Yes,9,3,1
CUST5078,33,Female,Chennai,84294,5,877,1,402,Yearly,UPI,Yes,20,10,1
CUST5079,43,Male,Kolkata,50646,23,2511,6,530,Quarterly,UPI,Yes,7,4,1
CUST5080,52,Female,Mumbai,67423,16,2262,4,248,Quarterly,Credit Card,No,8,1,1
CUST5081,58,Female,Kolkata,32661,29,2349,4,280,Yearly,Credit Card,Yes,2,6,1
CUST5082,46,Female,Hyderabad,72280,50,2591,0,472,Monthly,Net Banking,Yes,26,2,1
CUST5083,51,Male,Hyderabad,68508,59,2657,6,78,Monthly,Credit Card,Yes,25,6,1
CUST5084,46,Male,Pune,31026,58,1071,2,271,Monthly,Net Banking,Yes,29,6,1
CUST5085,40,Female,Pune,63452,27,1158,0,531,Quarterly,UPI,No,3,1,1
CUST5086,34,Male,Hyderabad,77821,30,2157,0,520,Monthly,Debit Card,Yes,17,5,1
CUST5087,36,Male,Kolkata,47007,14,1665,4,476,Quarterly,Debit Card,No,23,9,1
CUST5088,47,Female,Delhi,90952,17,2992,5,250,Monthly,Credit Card,No,14,10,1
CUST5089,55,Male,Bangalore,41865,57,2300,4,488,Quarterly,Net Banking,Yes,7,6,1
CUST5090,23,Female,Hyderabad,33839,30,2349,6,490,Yearly,Debit Card,No,22,9,1
CUST5091,34,Male,Chennai,88788,60,1695,5,55,Monthly,Credit Card,Yes,22,8,1
CUST5092,45,Female,Bangalore,55319,39,1352,2,295,Yearly,UPI,No,13,10,0
CUST5093,35,Female,Bangalore,60024,7,1818,1,188,Monthly,Net Banking,Yes,18,8,1
CUST5094,36,Female,Pune,88456,47,1561,0,375,Quarterly,UPI,No,28,8,1
CUST5095,39,Male,Hyderabad,94322,1,1280,5,346,Quarterly,Debit Card,No,12,9,1
CUST5096,23,Male,Pune,97560,8,942,0,330,Quarterly,Credit Card,Yes,2,10,0
CUST5097,59,Female,Bangalore,85014,3,1185,5,435,Quarterly,Credit Card,Yes,8,1,1
CUST5098,53,Female,Hyderabad,32414,17,2667,1,469,Quarterly,Credit Card,No,3,8,0
CUST5099,27,Male,Delhi,71392,55,1984,6,147,Quarterly,Net Banking,Yes,17,5,1
CUST5100,37,Female,Kolkata,43584,32,2403,5,101,Monthly,UPI,Yes,1,2,1
CUST5101,58,Female,Bangalore,48839,27,1890,5,320,Yearly,Debit Card,No,6,5,1
CUST5102,36,Male,Chennai,69025,46,759,2,273,Yearly,UPI,Yes,7,7,0
CUST5103,36,Male,Pune,75017,12,1907,1,406,Monthly,Net Banking,No,18,6,1
CUST5104,45,Female,Chennai,86741,28,2104,3,530,Monthly,Net Banking,No,10,5,1
CUST5105,28,Male,Pune,92206,44,1269,5,270,Quarterly,UPI,No,13,5,1
CUST5106,26,Female,Mumbai,78787,26,1119,6,208,Quarterly,Debit Card,Yes,16,2,1
CUST5107,52,Male,Mumbai,89235,41,902,0,544,Yearly,UPI,Yes,1,4,1
CUST5108,49,Male,Chennai,32607,39,888,4,500,Yearly,Net Banking,Yes,12,5,1
CUST5109,42,Female,Mumbai,92301,8,2869,2,462,Yearly,Credit Card,No,2,7,0
CUST5110,24,Female,Chennai,54279,18,1250,4,211,Yearly,Credit Card,Yes,17,1,1
CUST5111,35,Female,Bangalore,91544,5,1489,3,158,Monthly,UPI,Yes,3,4,1
CUST5112,42,Male,Hyderabad,42893,42,2399,5,482,Quarterly,Credit Card,No,10,8,1
CUST5113,27,Female,Hyderabad,83705,59,1345,6,426,Yearly,Net Banking,Yes,11,7,1
CUST5114,32,Male,Bangalore,73752,41,2590,2,150,Quarterly,Net Banking,No,17,3,1
CUST5115,53,Female,Mumbai,49118,48,1111,6,366,Monthly,UPI,Yes,16,2,1
CUST5116,38,Male,Kolkata,48435,26,696,4,290,Monthly,Debit Card,Yes,27,5,1
CUST5117,24,Male,Bangalore,36053,30,1780,4,527,Monthly,Net Banking,Yes,18,8,1
CUST5118,51,Male,Hyderabad,38560,40,1267,1,412,Quarterly,Net Banking,No,1,9,0
CUST5119,54,Female,Kolkata,85368,14,1003,4,354,Monthly,Debit Card,No,4,10,1
CUST5120,52,Male,Chennai,91055,46,2443,0,320,Quarterly,Debit Card,Yes,10,8,0
CUST5121,52,Male,Kolkata,39042,2,2648,1,68,Quarterly,UPI,No,19,6,1
CUST5122,44,Male,Mumbai,39029,58,1033,4,396,Monthly,Net Banking,No,24,8,1
CUST5123,42,Female,Delhi,77859,11,2152,0,67,Quarterly,Debit Card,Yes,19,3,1
CUST5124,54,Male,Bangalore,95924,54,2571,2,148,Quarterly,Net Banking,No,1,7,0
CUST5125,31,Female,Mumbai,82408,52,2739,2,516,Monthly,Credit Card,No,25,1,1
CUST5126,47,Male,Pune,85971,12,2475,2,79,Quarterly,Credit Card,No,29,8,1
CUST5127,45,Female,Kolkata,59644,16,878,5,327,Monthly,Net Banking,No,25,10,1
CUST5128,59,Male,Chennai,78519,18,979,0,391,Monthly,Net Banking,No,2,4,1
CUST5129,31,Male,Chennai,82744,48,2458,0,118,Yearly,UPI,No,25,8,1
CUST5130,27,Male,Chennai,70314,10,1626,6,431,Quarterly,Debit Card,Yes,11,1,1
CUST5131,40,Male,Bangalore,57734,5,1037,4,547,Yearly,Net Banking,No,22,7,1
CUST5132,25,Male,Hyderabad,78431,60,1245,1,106,Monthly,UPI,Yes,8,6,0
CUST5133,34,Male,Pune,82006,17,2202,0,412,Yearly,Debit Card,Yes,21,9,1
CUST5134,46,Male,Pune,44101,23,2241,5,59,Yearly,UPI,Yes,26,6,1
CUST5135,43,Male,Bangalore,37526,34,1751,4,250,Monthly,UPI,Yes,10,9,1
CUST5136,36,Male,Delhi,59146,31,2429,2,153,Yearly,Net Banking,Yes,20,4,1
CUST5137,52,Female,Delhi,56076,33,1826,1,247,Monthly,UPI,Yes,21,9,1
CUST5138,57,Female,Chennai,70094,43,1133,4,457,Quarterly,Net Banking,No,29,7,1
CUST5139,56,Male,Chennai,84376,42,2164,3,520,Quarterly,Net Banking,Yes,21,8,1
CUST5140,47,Male,Chennai,55334,46,2404,5,278,Quarterly,Credit Card,No,19,4,1
CUST5141,49,Female,Delhi,76900,53,761,5,67,Monthly,UPI,Yes,5,5,1
CUST5142,30,Female,Delhi,32921,26,832,2,494,Monthly,Debit Card,Yes,16,8,1
CUST5143,36,Female,Delhi,76923,37,696,2,255,Yearly,Debit Card,No,19,10,1
CUST5144,47,Female,Bangalore,49344,31,1862,3,249,Monthly,Net Banking,No,5,1,1
CUST5145,23,Female,Pune,79353,34,2579,0,231,Monthly,Debit Card,No,23,2,1
CUST5146,22,Female,Bangalore,37839,37,1252,0,144,Yearly,Credit Card,Yes,18,6,1
CUST5147,24,Female,Mumbai,79620,42,2075,1,89,Quarterly,Credit Card,Yes,13,5,1
CUST5148,32,Female,Hyderabad,31408,26,2589,5,152,Monthly,Net Banking,No,29,4,1
CUST5149,42,Male,Hyderabad,58477,10,2815,5,164,Monthly,Debit Card,No,18,7,1
CUST5150,30,Male,Kolkata,92422,12,2000,5,469,Monthly,Credit Card,Yes,7,6,1
CUST5151,25,Female,Pune,78943,7,2863,3,153,Quarterly,Credit Card,Yes,20,10,1
CUST5152,56,Female,Chennai,33155,21,2800,6,287,Quarterly,Debit Card,No,12,8,1
CUST5153,51,Female,Bangalore,53167,55,723,3,309,Monthly,UPI,Yes,10,5,1
CUST5154,50,Male,Hyderabad,41105,51,2625,1,421,Monthly,Net Banking,Yes,14,6,0
CUST5155,53,Male,Kolkata,52772,45,2870,3,497,Quarterly,Net Banking,No,29,7,1
CUST5156,44,Male,Mumbai,95106,16,727,2,339,Quarterly,Credit Card,Yes,7,4,1
CUST5157,58,Female,Chennai,63993,30,1748,2,539,Quarterly,UPI,No,3,5,1
CUST5158,24,Female,Kolkata,34848,50,1600,1,96,Yearly,Net Banking,Yes,20,3,1
CUST5159,34,Male,Hyderabad,50152,55,1996,6,468,Yearly,Debit Card,No,8,10,1
CUST5160,49,Male,Bangalore,91259,51,1739,0,492,Yearly,Debit Card,No,22,2,1
CUST5161,28,Male,Chennai,82812,19,995,2,205,Yearly,Credit Card,Yes,5,9,0
CUST5162,46,Male,Mumbai,78486,30,796,3,504,Monthly,Debit Card,No,20,7,1
CUST5163,45,Male,Chennai,78689,37,2288,0,378,Monthly,Net Banking,Yes,29,3,1
CUST5164,49,Female,Delhi,89961,44,1704,1,335,Monthly,Net Banking,Yes,4,4,1
CUST5165,52,Male,Hyderabad,63750,14,1231,5,414,Quarterly,Debit Card,No,11,6,1
CUST5166,39,Female,Pune,85483,5,2734,1,493,Quarterly,Net Banking,Yes,4,4,1
CUST5167,51,Female,Bangalore,79253,23,1952,2,456,Quarterly,Debit Card,Yes,2,3,1
CUST5168,45,Male,Delhi,53884,57,2525,4,469,Quarterly,UPI,Yes,30,7,1
CUST5169,49,Male,Bangalore,36492,57,2471,6,458,Monthly,Debit Card,Yes,26,3,1
CUST5170,30,Female,Mumbai,42534,33,2645,0,454,Quarterly,Debit Card,No,1,8,0
CUST5171,26,Male,Chennai,98379,38,1092,1,116,Monthly,Debit Card,No,18,5,1
CUST5172,48,Male,Chennai,86600,5,526,4,164,Monthly,Credit Card,Yes,26,10,1
CUST5173,29,Female,Kolkata,92878,35,1102,3,391,Yearly,Net Banking,No,4,2,1
CUST5174,44,Female,Hyderabad,37084,12,745,5,376,Quarterly,Credit Card,Yes,9,4,1
CUST5175,38,Female,Hyderabad,40362,57,659,6,340,Quarterly,Net Banking,No,6,7,1
CUST5176,30,Female,Delhi,38937,32,919,3,504,Yearly,Credit Card,No,9,1,1
CUST5177,26,Female,Hyderabad,71470,26,2760,0,542,Yearly,Debit Card,Yes,3,9,0
CUST5178,44,Male,Kolkata,47445,41,2807,3,432,Yearly,Net Banking,Yes,5,5,1
CUST5179,49,Male,Hyderabad,59421,42,803,6,476,Quarterly,Net Banking,Yes,6,4,1
CUST5180,44,Female,Bangalore,59741,18,2128,3,285,Monthly,Debit Card,Yes,9,7,0
CUST5181,31,Male,Chennai,39164,38,1678,6,134,Quarterly,Credit Card,No,20,8,1
CUST5182,31,Female,Hyderabad,87868,50,601,3,541,Yearly,UPI,Yes,5,3,1
CUST5183,22,Male,Pune,44947,51,2489,6,103,Quarterly,Credit Card,Yes,7,8,1
CUST5184,34,Female,Chennai,95101,11,879,1,154,Yearly,Credit Card,No,6,6,0
CUST5185,54,Male,Bangalore,83644,25,2383,4,175,Quarterly,UPI,Yes,29,5,1
CUST5186,28,Male,Bangalore,71160,35,511,3,331,Quarterly,Debit Card,No,8,7,0
CUST5187,45,Female,Hyderabad,53691,36,1370,5,536,Monthly,UPI,No,17,1,1
CUST5188,45,Male,Delhi,49854,29,2003,0,506,Monthly,Credit Card,Yes,15,2,1
CUST5189,25,Male,Kolkata,54560,48,581,4,549,Yearly,UPI,Yes,6,6,1
CUST5190,41,Male,Bangalore,30645,59,1640,0,346,Monthly,Net Banking,No,12,10,0
CUST5191,25,Female,Delhi,60802,16,2419,3,129,Yearly,Net Banking,Yes,9,7,0
CUST5192,29,Female,Pune,65539,10,2639,1,204,Quarterly,Debit Card,No,1,8,0
CUST5193,34,Male,Bangalore,46418,55,1894,4,480,Quarterly,Debit Card,Yes,21,5,1
CUST5194,27,Female,Pune,71135,42,1091,2,296,Yearly,Net Banking,Yes,19,9,1
CUST5195,44,Male,Delhi,90346,57,1360,6,275,Quarterly,Net Banking,Yes,24,10,1
CUST5196,48,Male,Kolkata,98514,55,2684,1,178,Quarterly,UPI,Yes,24,4,1
CUST5197,22,Female,Kolkata,60521,40,1586,5,58,Monthly,Debit Card,No,8,3,1
CUST5198,45,Female,Kolkata,65383,44,1111,6,170,Monthly,Debit Card,Yes,30,1,1
CUST5199,58,Female,Bangalore,79200,43,2402,2,525,Monthly,Net Banking,No,21,3,1
CUST5200,51,Female,Bangalore,50695,38,2870,5,450,Monthly,Debit Card,Yes,1,6,1
CUST5201,52,Female,Chennai,91485,12,2336,5,404,Quarterly,UPI,No,27,8,1
CUST5202,59,Female,Pune,71466,53,1442,3,468,Quarterly,Net Banking,No,16,9,1
CUST5203,29,Female,Bangalore,75924,15,2234,0,45,Monthly,Debit Card,No,24,7,1
CUST5204,49,Female,Hyderabad,78225,60,729,2,414,Yearly,Net Banking,Yes,24,7,1
CUST5205,41,Female,Mumbai,58879,46,2323,0,47,Yearly,Credit Card,Yes,25,4,1
CUST5206,56,Female,Kolkata,47767,36,1802,6,426,Monthly,Credit Card,No,14,5,1
CUST5207,26,Male,Kolkata,72523,45,2853,5,314,Monthly,Net Banking,No,5,3,1
CUST5208,41,Male,Kolkata,46802,35,1991,1,536,Monthly,Net Banking,No,18,10,1
CUST5209,50,Female,Chennai,46250,52,749,5,506,Quarterly,Net Banking,No,28,10,1
CUST5210,41,Male,Pune,79662,16,2169,0,371,Monthly,UPI,Yes,18,10,1
CUST5211,31,Male,Mumbai,82030,22,2767,6,264,Quarterly,Net Banking,No,29,7,1
CUST5212,55,Female,Hyderabad,50063,2,1120,2,304,Monthly,Credit Card,Yes,29,4,1
CUST5213,54,Male,Delhi,50339,30,2117,4,189,Monthly,Credit Card,No,19,3,1
CUST5214,59,Male,Bangalore,55435,38,2665,5,406,Quarterly,Debit Card,Yes,17,10,1
CUST5215,26,Female,Delhi,67458,43,1565,2,499,Quarterly,UPI,Yes,24,10,1
CUST5216,23,Female,Bangalore,80203,41,1128,0,355,Monthly,UPI,No,29,5,1
CUST5217,28,Male,Delhi,86980,42,1777,1,382,Quarterly,Credit Card,Yes,14,6,0
CUST5218,32,Male,Delhi,33769,35,2371,6,325,Quarterly,Net Banking,Yes,27,4,1
CUST5219,52,Female,Delhi,91097,44,2462,2,163,Quarterly,Debit Card,Yes,29,2,1
CUST5220,43,Female,Bangalore,43576,11,1129,3,47,Yearly,Debit Card,No,21,9,1
CUST5221,54,Female,Delhi,91939,10,614,0,476,Quarterly,UPI,No,1,1,1
CUST5222,36,Female,Mumbai,48972,2,2472,1,390,Monthly,Net Banking,Yes,19,2,1
CUST5223,41,Male,Bangalore,98155,53,1847,4,277,Quarterly,Debit Card,No,30,4,1
CUST5224,55,Female,Chennai,30403,50,2190,5,469,Quarterly,UPI,Yes,9,4,1
CUST5225,22,Male,Hyderabad,44262,49,2142,0,379,Monthly,Credit Card,Yes,28,9,1
CUST5226,46,Female,Kolkata,61632,12,1134,2,465,Monthly,Net Banking,Yes,11,10,0
CUST5227,38,Male,Chennai,35327,52,1799,0,326,Quarterly,Debit Card,No,22,8,1
CUST5228,53,Male,Hyderabad,91722,4,1955,6,491,Yearly,Credit Card,No,7,8,1
CUST5229,39,Female,Delhi,46549,39,2228,0,400,Yearly,Credit Card,Yes,22,7,1
CUST5230,39,Male,Delhi,95573,28,1736,6,455,Yearly,Net Banking,No,23,8,1
CUST5231,51,Male,Pune,98838,9,2772,1,136,Monthly,Debit Card,No,27,3,1
CUST5232,59,Female,Mumbai,57091,4,1437,4,192,Quarterly,Net Banking,No,13,1,1
CUST5233,26,Female,Chennai,77911,19,2629,0,545,Quarterly,Credit Card,Yes,27,2,1
CUST5234,45,Male,Bangalore,99724,31,2349,3,78,Monthly,Credit Card,No,15,2,1
CUST5235,27,Female,Delhi,73548,26,2703,6,469,Quarterly,Credit Card,No,13,10,1
CUST5236,43,Male,Kolkata,64842,39,2441,6,176,Monthly,Net Banking,Yes,4,9,1
CUST5237,40,Female,Delhi,33260,59,1242,5,528,Yearly,Debit Card,No,6,7,1
CUST5238,27,Male,Mumbai,87083,14,2105,3,248,Monthly,Net Banking,Yes,17,2,1
CUST5239,42,Female,Hyderabad,61222,2,2883,3,546,Yearly,Debit Card,No,17,2,1
CUST5240,43,Male,Mumbai,97219,39,1698,1,490,Yearly,Debit Card,Yes,12,2,1
CUST5241,27,Female,Bangalore,59980,33,2530,2,275,Quarterly,UPI,No,7,6,0
CUST5242,53,Male,Delhi,65031,19,782,6,244,Quarterly,Credit Card,No,30,5,1
CUST5243,50,Male,Chennai,90800,31,2382,3,257,Monthly,Credit Card,No,30,9,1
CUST5244,36,Male,Hyderabad,33950,50,2238,0,518,Quarterly,Net Banking,No,28,7,1
CUST5245,33,Male,Delhi,53553,43,1160,5,236,Yearly,Debit Card,No,21,7,1
CUST5246,42,Female,Bangalore,58154,14,2287,3,524,Quarterly,Net Banking,Yes,5,2,1
CUST5247,43,Female,Kolkata,37531,2,2135,6,173,Quarterly,UPI,No,1,1,1
CUST5248,35,Male,Bangalore,81498,12,2974,5,60,Quarterly,Credit Card,Yes,12,10,1
CUST5249,48,Female,Bangalore,58031,51,1185,3,446,Monthly,UPI,No,27,8,1
CUST5250,26,Male,Mumbai,36087,40,1931,6,218,Yearly,UPI,Yes,19,4,1
CUST5251,48,Male,Mumbai,56235,29,1098,3,99,Monthly,UPI,Yes,12,2,1
CUST5252,33,Male,Hyderabad,35634,42,966,4,316,Quarterly,Debit Card,Yes,10,6,1
CUST5253,54,Female,Pune,50487,28,1282,6,549,Monthly,Net Banking,Yes,22,6,1
CUST5254,50,Male,Chennai,44962,46,1557,6,69,Quarterly,UPI,Yes,10,6,1
CUST5255,42,Female,Chennai,96856,59,821,3,424,Quarterly,UPI,Yes,5,2,1
CUST5256,28,Female,Mumbai,69330,30,1859,6,49,Yearly,Credit Card,No,28,5,1
CUST5257,24,Female,Bangalore,31722,37,2748,2,317,Yearly,Net Banking,Yes,16,2,1
CUST5258,52,Female,Mumbai,65118,26,2934,2,120,Quarterly,Credit Card,No,26,2,1
CUST5259,31,Female,Mumbai,65583,57,982,6,436,Yearly,Net Banking,No,6,3,1
CUST5260,48,Male,Mumbai,48614,31,2705,2,42,Quarterly,Credit Card,No,27,6,1
CUST5261,42,Female,Hyderabad,74866,38,1117,2,233,Quarterly,UPI,No,29,5,1
CUST5262,46,Female,Delhi,56269,30,1138,6,89,Yearly,Credit Card,Yes,27,2,1
CUST5263,45,Male,Chennai,99581,39,2719,0,92,Quarterly,Credit Card,No,4,3,1
CUST5264,31,Male,Pune,83103,37,1716,4,302,Yearly,UPI,Yes,19,5,1
CUST5265,26,Female,Mumbai,48606,42,2014,0,480,Monthly,Debit Card,Yes,4,3,1
CUST5266,53,Female,Kolkata,99875,35,2693,2,132,Quarterly,UPI,No,22,10,1
CUST5267,45,Male,Mumbai,66160,51,2223,2,498,Monthly,Debit Card,No,21,3,1
CUST5268,49,Male,Pune,94043,6,1181,5,67,Yearly,Net Banking,Yes,14,2,1
CUST5269,47,Female,Delhi,53719,54,2944,6,71,Monthly,Net Banking,No,9,2,1
CUST5270,24,Female,Chennai,43982,12,2946,5,210,Quarterly,Debit Card,Yes,13,6,1
CUST5271,35,Female,Pune,66706,16,1573,0,175,Yearly,Debit Card,No,10,1,1
CUST5272,37,Female,Kolkata,58129,52,606,2,366,Quarterly,Credit Card,No,25,3,1
CUST5273,59,Female,Hyderabad,98393,21,2508,2,59,Yearly,Credit Card,Yes,25,1,1
CUST5274,47,Male,Kolkata,43272,53,849,3,484,Quarterly,Net Banking,Yes,15,1,1
CUST5275,48,Male,Pune,45266,5,1821,4,309,Monthly,Net Banking,Yes,7,7,1
CUST5276,35,Female,Mumbai,67988,4,1809,3,82,Monthly,Credit Card,No,26,9,1
CUST5277,51,Female,Mumbai,35099,48,2139,0,393,Quarterly,Debit Card,No,30,4,1
CUST5278,49,Male,Bangalore,96886,53,1322,2,126,Quarterly,Credit Card,No,7,9,0
CUST5279,55,Male,Pune,48150,42,1493,4,186,Yearly,UPI,No,3,10,1
CUST5280,51,Female,Bangalore,69787,26,598,3,273,Yearly,Net Banking,No,6,3,1
CUST5281,50,Female,Mumbai,92904,2,1898,5,396,Monthly,Credit Card,No,18,3,1
CUST5282,43,Male,Bangalore,76537,52,2660,0,53,Yearly,UPI,Yes,27,4,1
CUST5283,38,Male,Hyderabad,86373,17,2237,5,503,Yearly,UPI,No,26,3,1
CUST5284,55,Female,Bangalore,39603,50,974,4,434,Monthly,UPI,No,4,6,1
CUST5285,52,Male,Hyderabad,56943,34,524,4,186,Yearly,UPI,Yes,12,9,1
CUST5286,54,Female,Chennai,71145,25,1500,1,324,Quarterly,Credit Card,Yes,16,10,1
CUST5287,53,Male,Hyderabad,55150,51,2384,4,338,Yearly,Debit Card,Yes,29,2,1
CUST5288,48,Female,Pune,38729,3,1357,6,222,Quarterly,Credit Card,Yes,3,5,1
CUST5289,48,Female,Bangalore,50653,4,2313,3,419,Monthly,Credit Card,No,20,9,1
CUST5290,32,Female,Pune,78853,47,2669,1,447,Yearly,Debit Card,No,22,4,1
CUST5291,23,Female,Pune,86964,46,1158,5,344,Monthly,Debit Card,No,15,8,1
CUST5292,41,Female,Delhi,36859,4,2088,5,136,Monthly,Net Banking,Yes,23,6,1
CUST5293,57,Female,Bangalore,53054,1,2684,6,209,Quarterly,Debit Card,Yes,26,8,1
CUST5294,39,Male,Chennai,72088,39,1197,0,362,Monthly,Credit Card,Yes,20,5,1
CUST5295,26,Male,Kolkata,70077,14,1185,4,360,Monthly,UPI,No,19,5,1
CUST5296,57,Female,Delhi,47094,5,1489,6,98,Quarterly,Debit Card,Yes,12,4,1
CUST5297,26,Male,Chennai,74791,36,547,6,506,Yearly,Net Banking,No,22,9,1
CUST5298,48,Male,Bangalore,44387,22,921,2,475,Monthly,Debit Card,No,1,3,1
CUST5299,45,Male,Hyderabad,61848,3,835,4,30,Quarterly,Net Banking,Yes,21,10,1
CUST5300,33,Female,Kolkata,62037,60,1180,4,157,Quarterly,Debit Card,Yes,12,2,1
CUST5301,40,Male,Pune,45762,51,1465,6,532,Monthly,Debit Card,Yes,28,3,1
CUST5302,37,Male,Delhi,78978,48,1040,6,48,Quarterly,Net Banking,Yes,15,3,1
CUST5303,46,Male,Pune,77791,20,2776,2,327,Yearly,Net Banking,Yes,13,1,1
CUST5304,36,Female,Chennai,52203,4,1934,2,300,Quarterly,Debit Card,Yes,20,5,1
CUST5305,47,Male,Hyderabad,84790,13,2535,3,409,Quarterly,UPI,No,20,5,1
CUST5306,48,Male,Delhi,98001,36,515,2,45,Yearly,UPI,No,17,1,1
CUST5307,26,Male,Kolkata,38602,52,1418,6,496,Quarterly,Debit Card,No,30,7,1
CUST5308,39,Female,Bangalore,86025,17,958,3,202,Quarterly,Debit Card,No,24,6,1
CUST5309,30,Male,Bangalore,89888,17,1294,4,101,Monthly,Net Banking,Yes,3,6,1
CUST5310,56,Female,Bangalore,98575,8,1102,3,281,Quarterly,Debit Card,No,25,10,1
CUST5311,34,Female,Hyderabad,32487,15,2982,1,490,Monthly,Net Banking,Yes,20,4,1
CUST5312,54,Male,Delhi,91295,58,1691,6,32,Monthly,Debit Card,Yes,20,2,1
CUST5313,44,Male,Pune,36813,47,2045,0,396,Monthly,UPI,Yes,24,1,1
CUST5314,46,Male,Hyderabad,31237,16,1169,1,162,Quarterly,UPI,No,21,5,1
CUST5315,44,Male,Chennai,58250,55,959,1,511,Monthly,UPI,Yes,24,1,1
CUST5316,37,Male,Hyderabad,52865,27,1367,2,423,Yearly,UPI,No,25,9,1
CUST5317,51,Female,Mumbai,51762,29,2561,4,368,Monthly,Credit Card,Yes,25,10,1
CUST5318,36,Female,Chennai,81419,40,932,5,484,Monthly,Credit Card,Yes,14,8,1
CUST5319,33,Male,Chennai,35617,14,2053,2,125,Yearly,Debit Card,No,28,6,1
CUST5320,53,Male,Hyderabad,49859,33,1041,4,237,Quarterly,Net Banking,No,21,9,1
CUST5321,59,Male,Bangalore,63385,10,568,2,382,Yearly,Credit Card,No,5,1,1
CUST5322,52,Male,Bangalore,75373,47,2378,4,215,Quarterly,Credit Card,No,24,7,1
CUST5323,30,Male,Kolkata,65847,8,2422,6,215,Yearly,Net Banking,Yes,20,4,1
CUST5324,59,Male,Mumbai,44974,9,2337,0,186,Quarterly,Debit Card,Yes,26,6,1
CUST5325,50,Male,Mumbai,58448,28,2898,2,399,Yearly,Credit Card,Yes,29,9,1
CUST5326,53,Female,Kolkata,50069,34,2907,5,333,Monthly,UPI,No,27,8,1
CUST5327,52,Female,Kolkata,97264,39,1749,6,280,Monthly,Debit Card,No,24,2,1
CUST5328,25,Male,Bangalore,55553,29,1283,4,472,Quarterly,Credit Card,Yes,8,2,1
CUST5329,56,Female,Bangalore,48117,43,2209,1,492,Quarterly,UPI,No,6,4,1
CUST5330,50,Male,Kolkata,79349,48,1020,2,540,Yearly,UPI,No,18,5,1
CUST5331,40,Female,Mumbai,66612,20,638,6,271,Yearly,Net Banking,No,28,7,1
CUST5332,24,Male,Chennai,90484,55,2624,5,41,Monthly,Debit Card,Yes,7,6,1
CUST5333,54,Female,Delhi,93828,44,810,3,322,Monthly,Credit Card,Yes,17,8,1
CUST5334,36,Female,Mumbai,33411,19,2100,3,32,Quarterly,Debit Card,No,8,9,0
CUST5335,26,Male,Chennai,77133,7,1481,3,312,Quarterly,Credit Card,Yes,25,3,1
CUST5336,48,Female,Mumbai,92782,11,1860,6,236,Monthly,Credit Card,No,30,7,1
CUST5337,58,Female,Bangalore,46966,22,959,0,313,Monthly,UPI,Yes,18,1,1
CUST5338,44,Female,Delhi,33466,15,2961,3,124,Yearly,Net Banking,Yes,25,6,1
CUST5339,33,Female,Mumbai,32134,39,2139,3,96,Yearly,Debit Card,No,10,8,0
CUST5340,49,Male,Pune,71166,13,2971,1,516,Quarterly,Net Banking,Yes,5,9,0
CUST5341,38,Male,Hyderabad,96982,56,1889,5,176,Monthly,Credit Card,Yes,30,10,1
CUST5342,32,Male,Pune,60950,3,2023,5,174,Yearly,UPI,No,11,7,1
CUST5343,48,Male,Kolkata,78176,43,2640,3,169,Quarterly,UPI,No,13,10,0
CUST5344,32,Female,Hyderabad,89786,57,877,0,425,Quarterly,Debit Card,Yes,26,6,1
CUST5345,44,Female,Bangalore,61090,10,2389,4,233,Monthly,Credit Card,Yes,26,7,1
CUST5346,53,Female,Hyderabad,72016,18,2006,3,524,Yearly,Credit Card,Yes,10,3,1
CUST5347,22,Male,Delhi,76113,51,2685,6,135,Quarterly,Net Banking,Yes,26,10,1
CUST5348,48,Male,Delhi,99131,40,1354,5,238,Monthly,Debit Card,Yes,6,8,1
CUST5349,54,Male,Delhi,66944,26,1658,5,501,Yearly,UPI,Yes,25,3,1
CUST5350,47,Female,Hyderabad,85153,54,2232,3,192,Quarterly,Debit Card,Yes,30,2,1
CUST5351,46,Female,Bangalore,51557,3,1043,2,549,Yearly,Debit Card,No,19,2,1
CUST5352,44,Female,Chennai,86365,16,1558,4,118,Monthly,UPI,Yes,15,3,1
CUST5353,29,Female,Kolkata,31136,44,1862,2,203,Yearly,Credit Card,Yes,29,7,1
CUST5354,23,Female,Kolkata,39238,60,2360,1,231,Monthly,UPI,No,27,7,1
CUST5355,25,Female,Hyderabad,55539,8,1337,0,440,Quarterly,UPI,No,15,2,1
CUST5356,41,Female,Pune,73162,7,2698,3,221,Monthly,Net Banking,No,17,3,1
CUST5357,55,Male,Chennai,63138,5,1663,0,285,Yearly,UPI,No,30,4,1
CUST5358,27,Male,Bangalore,86159,32,2876,1,295,Monthly,Credit Card,Yes,29,2,1
CUST5359,42,Male,Delhi,88879,57,2386,1,337,Yearly,Net Banking,Yes,29,1,1
CUST5360,48,Female,Pune,51480,57,792,4,439,Quarterly,Debit Card,No,6,1,1
CUST5361,30,Female,Bangalore,99844,7,1118,6,162,Quarterly,UPI,Yes,19,6,1
CUST5362,50,Female,Bangalore,40669,52,2668,5,360,Yearly,Net Banking,Yes,4,10,1
CUST5363,55,Female,Pune,81192,4,2053,3,180,Monthly,UPI,Yes,12,9,1
CUST5364,58,Male,Delhi,30844,18,2143,5,269,Quarterly,UPI,No,23,6,1
CUST5365,49,Female,Kolkata,52523,7,715,0,322,Yearly,Credit Card,Yes,27,5,1
CUST5366,57,Male,Kolkata,81242,51,1616,6,298,Quarterly,Debit Card,Yes,13,5,1
CUST5367,44,Male,Delhi,76014,50,1648,0,266,Yearly,Credit Card,No,13,5,1
CUST5368,51,Male,Kolkata,59579,57,1640,5,89,Yearly,Debit Card,Yes,17,10,1
CUST5369,30,Male,Mumbai,63971,40,1344,3,274,Monthly,UPI,Yes,17,9,1
CUST5370,42,Female,Mumbai,99066,30,1303,0,49,Quarterly,Debit Card,No,23,6,1
CUST5371,56,Male,Hyderabad,53241,35,1056,4,521,Yearly,Credit Card,Yes,6,8,1
CUST5372,55,Male,Mumbai,34887,4,1870,4,136,Yearly,Net Banking,No,13,8,1
CUST5373,42,Male,Chennai,84884,32,2969,6,236,Monthly,Net Banking,Yes,23,9,1
CUST5374,51,Male,Delhi,36470,38,978,3,129,Yearly,Debit Card,Yes,14,10,0
CUST5375,23,Male,Pune,51996,43,1074,0,333,Monthly,Debit Card,No,5,3,1
CUST5376,50,Female,Kolkata,87743,19,1956,3,136,Monthly,Debit Card,No,21,3,1
CUST5377,48,Female,Kolkata,72810,41,2617,2,326,Monthly,UPI,No,9,1,1
CUST5378,29,Female,Hyderabad,51662,11,1284,2,184,Monthly,UPI,No,14,3,1
CUST5379,44,Female,Kolkata,47207,5,2897,1,48,Yearly,UPI,Yes,25,10,1
CUST5380,50,Male,Delhi,40864,51,2906,6,541,Yearly,Net Banking,No,12,2,1
CUST5381,27,Male,Chennai,68152,15,2759,1,416,Yearly,Net Banking,No,23,4,1
CUST5382,51,Male,Chennai,74327,21,2842,2,275,Monthly,Debit Card,No,13,8,0
CUST5383,58,Male,Kolkata,69222,32,897,0,51,Monthly,Credit Card,No,14,8,0
CUST5384,48,Female,Delhi,31730,33,1894,6,50,Yearly,Debit Card,No,27,8,1
CUST5385,53,Male,Hyderabad,97763,24,2150,4,424,Quarterly,Debit Card,No,27,6,1
CUST5386,22,Male,Pune,61157,29,2320,0,218,Quarterly,Net Banking,No,30,7,1
CUST5387,59,Male,Kolkata,36746,60,2525,4,470,Quarterly,Credit Card,No,5,4,1
CUST5388,59,Male,Chennai,57492,17,1637,3,213,Monthly,UPI,No,21,7,1
CUST5389,55,Female,Chennai,54871,5,1929,6,171,Monthly,Debit Card,Yes,4,8,1
CUST5390,24,Female,Pune,89053,29,2047,6,273,Yearly,Net Banking,Yes,20,10,1
CUST5391,23,Male,Bangalore,35174,47,1971,3,367,Quarterly,UPI,No,12,2,1
CUST5392,42,Male,Mumbai,97928,50,1476,2,227,Yearly,UPI,Yes,14,5,1
CUST5393,39,Female,Delhi,42744,14,865,0,511,Monthly,Net Banking,Yes,14,6,0
CUST5394,53,Male,Bangalore,72959,22,2969,1,293,Quarterly,Credit Card,Yes,12,1,1
CUST5395,26,Female,Mumbai,33747,17,2449,3,364,Monthly,UPI,Yes,20,4,1
CUST5396,23,Male,Kolkata,90411,59,1271,1,117,Quarterly,UPI,Yes,16,7,1
CUST5397,23,Male,Hyderabad,77232,13,2873,5,46,Yearly,UPI,Yes,27,1,1
CUST5398,43,Male,Kolkata,84250,6,1127,2,278,Monthly,Debit Card,Yes,6,1,1
CUST5399,56,Male,Mumbai,56354,50,2904,6,64,Yearly,Credit Card,No,23,8,1
CUST5400,28,Male,Bangalore,43105,10,1485,6,124,Quarterly,Net Banking,Yes,1,2,1
CUST5401,49,Female,Mumbai,45353,32,1364,0,410,Monthly,Net Banking,Yes,29,2,1
CUST5402,39,Female,Chennai,35830,14,2630,4,134,Quarterly,UPI,No,18,5,1
CUST5403,36,Male,Kolkata,36745,24,1606,3,530,Yearly,Net Banking,Yes,22,2,1
CUST5404,46,Male,Delhi,50342,57,2184,4,166,Monthly,Debit Card,No,11,5,1
CUST5405,22,Male,Delhi,58606,26,1725,2,45,Yearly,Debit Card,Yes,13,8,0
CUST5406,58,Female,Hyderabad,45473,41,2113,5,548,Yearly,Debit Card,Yes,12,8,1
CUST5407,43,Female,Pune,88798,30,2202,3,439,Quarterly,Debit Card,No,17,5,1
CUST5408,27,Female,Pune,77227,5,765,3,288,Yearly,Debit Card,No,13,2,1
CUST5409,56,Male,Mumbai,31085,52,2663,6,467,Yearly,Net Banking,No,28,5,1
CUST5410,44,Male,Hyderabad,51462,35,2906,6,31,Quarterly,Debit Card,Yes,15,10,1
CUST5411,37,Male,Bangalore,35263,51,1974,3,257,Yearly,Net Banking,Yes,1,6,0
CUST5412,29,Female,Mumbai,42324,20,2047,3,113,Yearly,Credit Card,Yes,4,6,0
CUST5413,36,Female,Kolkata,87893,37,1871,2,157,Quarterly,Debit Card,No,9,8,0
CUST5414,31,Female,Bangalore,49882,41,2712,1,241,Monthly,UPI,No,14,6,0
CUST5415,25,Male,Mumbai,66959,55,1021,5,45,Yearly,Net Banking,No,7,2,1
CUST5416,46,Male,Chennai,37174,56,1477,6,158,Yearly,Credit Card,No,1,7,1
CUST5417,31,Female,Delhi,88219,59,1595,5,189,Monthly,Debit Card,No,23,1,1
CUST5418,35,Female,Delhi,46020,55,2553,3,113,Yearly,Credit Card,No,26,10,1
CUST5419,53,Female,Mumbai,45431,45,1635,3,302,Monthly,UPI,Yes,18,8,1
CUST5420,39,Male,Chennai,72058,45,748,2,416,Quarterly,Net Banking,No,6,3,1
CUST5421,30,Female,Mumbai,64883,54,2055,6,162,Yearly,Debit Card,Yes,7,8,1
CUST5422,28,Female,Kolkata,78991,36,2580,5,61,Yearly,Credit Card,No,11,4,1
CUST5423,55,Male,Hyderabad,75360,25,1631,1,259,Yearly,Net Banking,No,29,6,1
CUST5424,39,Female,Mumbai,63557,35,770,6,391,Monthly,Net Banking,No,4,9,1
CUST5425,42,Male,Kolkata,83787,10,1332,4,65,Monthly,UPI,No,15,10,1
CUST5426,41,Female,Kolkata,95768,40,1529,6,273,Quarterly,UPI,Yes,17,5,1
CUST5427,53,Male,Pune,89949,17,2622,2,116,Quarterly,Credit Card,No,17,9,1
CUST5428,55,Female,Mumbai,96708,22,659,5,111,Quarterly,Net Banking,Yes,7,6,1
CUST5429,59,Male,Pune,49397,14,977,6,343,Yearly,Credit Card,Yes,12,9,1
CUST5430,30,Female,Chennai,37902,2,2245,4,372,Yearly,Credit Card,No,12,3,1
CUST5431,36,Male,Bangalore,54691,19,1602,6,37,Quarterly,UPI,No,23,7,1
CUST5432,52,Female,Delhi,55257,2,1932,4,51,Quarterly,Credit Card,Yes,30,3,1
CUST5433,30,Male,Kolkata,35800,38,1680,1,51,Quarterly,Credit Card,Yes,24,8,1
CUST5434,27,Male,Chennai,93238,20,1659,3,234,Yearly,Credit Card,No,24,2,1
CUST5435,52,Male,Bangalore,71750,17,2341,5,501,Monthly,Credit Card,No,11,10,1
CUST5436,52,Male,Chennai,44316,20,1411,5,288,Yearly,Debit Card,Yes,30,2,1
CUST5437,27,Female,Kolkata,88514,26,1772,0,334,Yearly,Debit Card,Yes,10,5,1
CUST5438,50,Female,Hyderabad,72599,7,1621,1,518,Yearly,Credit Card,No,30,9,1
CUST5439,35,Male,Chennai,47755,25,2374,3,319,Yearly,Credit Card,Yes,25,7,1
CUST5440,43,Female,Kolkata,87908,28,938,2,476,Quarterly,Net Banking,No,11,10,0
CUST5441,32,Female,Hyderabad,99878,9,2795,4,478,Yearly,Credit Card,Yes,20,5,1
CUST5442,50,Male,Kolkata,43268,59,2048,6,494,Yearly,Credit Card,Yes,3,7,1
CUST5443,24,Male,Hyderabad,78308,55,2720,1,369,Monthly,Debit Card,No,16,5,1
CUST5444,30,Male,Pune,54771,25,1061,1,324,Yearly,Credit Card,No,20,8,1
CUST5445,45,Male,Bangalore,60709,9,2375,4,31,Yearly,Net Banking,No,21,10,1
CUST5446,45,Female,Mumbai,75832,39,2282,5,239,Monthly,UPI,Yes,26,10,1
CUST5447,42,Male,Delhi,51205,17,1912,5,231,Monthly,Credit Card,No,11,2,1
CUST5448,28,Male,Bangalore,59028,19,1807,3,537,Yearly,Credit Card,No,30,10,1
CUST5449,59,Female,Chennai,50674,60,546,1,516,Yearly,UPI,No,15,3,1
CUST5450,26,Male,Pune,90661,40,614,6,194,Quarterly,Credit Card,No,27,5,1
CUST5451,38,Female,Bangalore,42093,38,2539,3,455,Quarterly,UPI,No,1,6,0
CUST5452,24,Female,Hyderabad,58094,40,913,6,259,Monthly,Debit Card,Yes,23,10,1
CUST5453,53,Male,Delhi,97050,4,571,6,268,Quarterly,Debit Card,Yes,7,1,1
CUST5454,46,Female,Pune,89289,9,2058,1,183,Yearly,Credit Card,No,14,10,0
CUST5455,40,Male,Chennai,97557,53,2040,0,64,Yearly,Debit Card,No,16,2,1
CUST5456,35,Male,Pune,98120,15,1741,5,232,Yearly,Credit Card,No,5,9,1
CUST5457,58,Female,Chennai,82934,18,677,3,341,Yearly,UPI,No,2,10,0
CUST5458,44,Female,Pune,41551,13,1924,0,499,Quarterly,UPI,No,27,1,1
CUST5459,47,Male,Kolkata,98005,14,2872,4,353,Monthly,Debit Card,Yes,23,9,1
CUST5460,25,Female,Kolkata,70433,2,2314,3,174,Yearly,Net Banking,No,20,6,1
CUST5461,39,Male,Delhi,92419,59,1690,4,134,Quarterly,UPI,No,2,8,1
CUST5462,45,Female,Bangalore,38273,30,1844,6,390,Quarterly,Net Banking,No,2,4,1
CUST5463,38,Male,Mumbai,62938,55,1077,3,521,Yearly,Credit Card,Yes,2,1,1
CUST5464,44,Female,Pune,47285,16,2805,5,48,Yearly,Credit Card,No,28,3,1
CUST5465,25,Male,Delhi,86112,49,2554,4,400,Monthly,Credit Card,No,25,5,1
CUST5466,38,Female,Kolkata,72125,37,1961,1,117,Monthly,Debit Card,Yes,15,3,1
CUST5467,54,Female,Pune,84070,12,2758,3,268,Monthly,Credit Card,No,5,1,1
CUST5468,30,Female,Mumbai,37388,49,2019,5,216,Monthly,UPI,Yes,2,3,1
CUST5469,49,Male,Hyderabad,55511,53,2860,2,525,Yearly,Credit Card,No,22,4,1
CUST5470,29,Female,Delhi,40019,7,1228,4,241,Yearly,Debit Card,Yes,14,8,1
CUST5471,48,Male,Chennai,41928,53,1985,3,460,Yearly,UPI,No,8,5,1
CUST5472,38,Female,Kolkata,75048,10,2415,6,45,Quarterly,Net Banking,No,16,4,1
CUST5473,26,Male,Hyderabad,37721,46,2076,1,35,Monthly,Debit Card,Yes,11,5,1
CUST5474,38,Female,Kolkata,50840,57,2358,3,129,Yearly,UPI,No,26,8,1
CUST5475,55,Male,Kolkata,40354,20,2627,2,338,Quarterly,UPI,Yes,17,4,1
CUST5476,39,Male,Bangalore,50771,53,790,5,92,Monthly,Net Banking,No,18,5,1
CUST5477,53,Male,Pune,38572,41,809,6,504,Yearly,Net Banking,Yes,24,9,1
CUST5478,35,Male,Bangalore,71620,56,2773,1,54,Monthly,Credit Card,Yes,18,5,1
CUST5479,27,Male,Kolkata,51123,24,2450,2,488,Quarterly,UPI,Yes,29,5,1
CUST5480,39,Male,Delhi,45298,40,1854,4,374,Yearly,UPI,Yes,3,10,1
CUST5481,26,Female,Hyderabad,41804,12,758,6,187,Monthly,Net Banking,No,14,10,1
CUST5482,45,Male,Chennai,47204,37,2039,0,538,Yearly,Credit Card,No,28,8,1
CUST5483,46,Female,Delhi,70769,30,1883,2,186,Quarterly,Net Banking,Yes,9,5,1
CUST5484,48,Female,Hyderabad,43299,31,849,0,414,Quarterly,Net Banking,No,22,8,1
CUST5485,55,Male,Kolkata,88447,27,1975,2,518,Monthly,Net Banking,No,3,8,0
CUST5486,54,Female,Delhi,78263,25,2123,1,439,Yearly,Net Banking,Yes,17,7,1
CUST5487,30,Male,Pune,54269,5,2513,6,194,Yearly,Net Banking,Yes,8,6,1
CUST5488,49,Male,Chennai,55379,33,2937,2,100,Quarterly,Credit Card,Yes,13,7,0
CUST5489,22,Male,Mumbai,62791,45,2950,4,315,Monthly,Net Banking,No,1,9,1
CUST5490,41,Male,Delhi,85124,19,2257,1,381,Yearly,Net Banking,Yes,30,7,1
CUST5491,48,Female,Delhi,48916,59,1741,5,96,Yearly,Net Banking,Yes,2,10,1
CUST5492,31,Male,Hyderabad,47061,19,784,0,400,Monthly,UPI,No,13,1,1
CUST5493,44,Female,Mumbai,58538,60,640,2,113,Monthly,Credit Card,Yes,19,10,1
CUST5494,49,Female,Pune,64146,21,1744,4,116,Monthly,UPI,No,20,5,1
CUST5495,43,Male,Pune,30392,32,1769,1,142,Yearly,Credit Card,Yes,28,7,1
CUST5496,51,Male,Mumbai,61530,45,1198,2,195,Monthly,Debit Card,No,2,7,0
CUST5497,22,Male,Chennai,97041,41,1452,6,271,Monthly,Credit Card,Yes,21,4,1
CUST5498,39,Male,Kolkata,50177,42,1480,1,207,Monthly,Debit Card,No,11,3,1
CUST5499,31,Male,Bangalore,42231,19,2228,6,82,Quarterly,UPI,Yes,12,6,1
CUST5500,37,Male,Chennai,92877,49,2127,3,518,Monthly,UPI,No,22,3,1
CUST5501,54,Female,Bangalore,40748,25,2053,5,35,Monthly,Credit Card,No,6,3,1
CUST5502,27,Male,Kolkata,52861,18,768,0,93,Quarterly,Net Banking,No,14,1,1
CUST5503,34,Female,Delhi,65596,9,2156,5,450,Quarterly,Debit Card,Yes,25,5,1
CUST5504,35,Female,Chennai,64435,34,1712,0,71,Yearly,Debit Card,Yes,14,3,1
CUST5505,38,Female,Pune,79596,54,785,2,292,Monthly,Credit Card,Yes,9,7,0
CUST5506,57,Male,Chennai,52669,20,1963,3,445,Yearly,Debit Card,Yes,25,3,1
CUST5507,51,Male,Delhi,85480,27,1678,5,43,Monthly,UPI,Yes,26,5,1
CUST5508,49,Male,Hyderabad,93246,30,1996,2,137,Monthly,Credit Card,No,11,7,0
CUST5509,26,Female,Hyderabad,76791,26,2931,5,189,Monthly,Credit Card,Yes,16,6,1
CUST5510,34,Female,Kolkata,58395,34,2890,0,138,Yearly,Debit Card,Yes,17,1,1
CUST5511,28,Male,Chennai,46652,14,2024,0,507,Yearly,UPI,Yes,16,1,1
CUST5512,55,Female,Hyderabad,53386,58,2287,3,128,Quarterly,Credit Card,Yes,9,6,0
CUST5513,47,Female,Hyderabad,67861,39,941,2,60,Quarterly,UPI,Yes,3,8,0
CUST5514,36,Male,Hyderabad,85850,40,2384,6,199,Quarterly,Debit Card,Yes,23,3,1
CUST5515,47,Male,Chennai,96644,60,1160,0,390,Quarterly,Net Banking,Yes,26,5,1
CUST5516,58,Female,Pune,38300,45,2017,2,122,Monthly,Net Banking,Yes,13,6,0
CUST5517,38,Female,Chennai,50029,52,1584,1,41,Yearly,Debit Card,Yes,18,9,1
CUST5518,24,Male,Bangalore,47258,2,1383,2,465,Yearly,Net Banking,No,7,7,1
CUST5519,54,Female,Delhi,41963,33,2006,3,399,Quarterly,UPI,Yes,23,5,1
CUST5520,37,Male,Kolkata,66135,24,1384,1,133,Yearly,Net Banking,Yes,28,9,1
CUST5521,28,Female,Mumbai,90709,7,742,5,202,Yearly,UPI,Yes,7,1,1
CUST5522,31,Female,Kolkata,55151,4,1488,6,99,Quarterly,UPI,Yes,21,7,1
CUST5523,30,Male,Chennai,40937,39,554,5,272,Quarterly,Credit Card,Yes,14,1,1
CUST5524,47,Female,Bangalore,49391,16,1538,2,519,Quarterly,Debit Card,Yes,16,9,1
CUST5525,56,Male,Hyderabad,39906,13,1697,6,319,Yearly,Debit Card,Yes,26,7,1
CUST5526,44,Female,Bangalore,33193,27,1624,5,417,Quarterly,Debit Card,Yes,30,3,1
CUST5527,35,Male,Delhi,50694,41,995,2,519,Quarterly,Net Banking,No,1,9,0
CUST5528,30,Female,Delhi,97963,12,2385,5,331,Quarterly,Credit Card,No,10,1,1
CUST5529,59,Female,Pune,73346,11,2225,4,360,Quarterly,UPI,No,14,7,1
CUST5530,47,Male,Hyderabad,92635,20,1991,6,140,Quarterly,Debit Card,Yes,28,2,1
CUST5531,34,Female,Delhi,86792,23,2839,6,281,Yearly,UPI,No,12,2,1
CUST5532,41,Female,Pune,39229,53,2590,4,131,Monthly,Debit Card,Yes,17,1,1
CUST5533,30,Female,Pune,62916,18,1502,5,383,Monthly,UPI,No,20,2,1
CUST5534,25,Female,Hyderabad,58670,59,1609,3,256,Monthly,Credit Card,No,4,5,1
CUST5535,41,Male,Hyderabad,98642,33,1966,4,299,Yearly,Credit Card,Yes,22,4,1
CUST5536,50,Female,Bangalore,61110,32,2432,0,171,Quarterly,UPI,Yes,6,9,0
CUST5537,42,Female,Kolkata,73252,44,1419,2,478,Yearly,Net Banking,No,10,10,0
CUST5538,56,Female,Pune,63310,56,1602,2,479,Yearly,Credit Card,No,12,4,1
CUST5539,51,Female,Delhi,45479,48,1699,5,232,Quarterly,UPI,No,1,4,1
CUST5540,38,Female,Delhi,42854,51,1633,0,532,Monthly,Net Banking,Yes,22,10,1
CUST5541,48,Male,Bangalore,57941,9,1016,1,345,Quarterly,UPI,No,12,6,0
CUST5542,27,Female,Kolkata,88851,27,2018,6,278,Monthly,Net Banking,No,17,3,1
CUST5543,31,Female,Delhi,69102,25,1969,4,531,Yearly,Net Banking,Yes,8,9,1
CUST5544,45,Male,Hyderabad,91215,3,608,3,132,Monthly,Net Banking,Yes,2,1,1
CUST5545,53,Male,Mumbai,35826,4,2692,1,494,Monthly,Net Banking,No,19,4,1
CUST5546,50,Male,Delhi,39409,42,2728,3,58,Monthly,Debit Card,Yes,20,5,1
CUST5547,46,Female,Hyderabad,83387,28,2645,5,48,Monthly,Credit Card,No,12,9,1
CUST5548,34,Female,Chennai,85554,24,1531,3,405,Monthly,Credit Card,No,27,10,1
CUST5549,29,Male,Delhi,93711,32,756,2,177,Monthly,Net Banking,Yes,3,6,0
CUST5550,58,Male,Hyderabad,39876,42,1114,6,261,Quarterly,Credit Card,Yes,3,2,1
CUST5551,38,Male,Mumbai,35278,48,1805,5,154,Yearly,UPI,Yes,13,4,1
CUST5552,56,Female,Hyderabad,81866,4,1412,5,424,Yearly,Credit Card,Yes,5,10,1
CUST5553,39,Female,Kolkata,39944,10,1500,1,103,Yearly,Credit Card,Yes,4,5,1
CUST5554,35,Female,Pune,61559,1,1411,1,78,Yearly,Debit Card,No,10,6,1
CUST5555,23,Female,Hyderabad,63844,9,2075,4,85,Monthly,UPI,Yes,15,8,1
CUST5556,26,Female,Mumbai,72564,52,828,1,190,Monthly,Credit Card,Yes,22,5,1
CUST5557,36,Female,Chennai,54902,23,2790,6,471,Monthly,UPI,Yes,26,10,1
CUST5558,33,Female,Kolkata,32416,13,1653,1,124,Yearly,Credit Card,Yes,29,5,1
CUST5559,25,Male,Hyderabad,30207,31,972,6,37,Quarterly,Net Banking,No,8,2,1
CUST5560,36,Female,Bangalore,55746,10,2428,0,467,Quarterly,Debit Card,No,29,4,1
CUST5561,58,Female,Chennai,91586,13,1006,5,133,Yearly,UPI,Yes,16,6,1
CUST5562,26,Male,Bangalore,49986,17,587,6,505,Quarterly,Debit Card,No,10,5,1
CUST5563,43,Female,Kolkata,83542,16,1904,2,312,Quarterly,Credit Card,No,12,4,1
CUST5564,22,Male,Mumbai,94598,22,1790,1,93,Quarterly,UPI,Yes,23,7,1
CUST5565,42,Male,Chennai,46696,35,2028,4,406,Monthly,UPI,Yes,30,1,1
CUST5566,54,Male,Chennai,53951,15,1547,6,88,Monthly,Credit Card,Yes,13,7,1
CUST5567,22,Female,Bangalore,63439,33,2961,1,431,Monthly,Net Banking,No,27,5,1
CUST5568,51,Male,Mumbai,67892,5,2428,5,426,Yearly,Net Banking,No,18,4,1
CUST5569,43,Female,Delhi,73468,34,785,4,158,Monthly,Debit Card,Yes,28,3,1
CUST5570,41,Female,Mumbai,43394,54,2576,4,387,Yearly,UPI,Yes,10,7,1
CUST5571,51,Male,Chennai,39880,16,1069,0,152,Monthly,Debit Card,Yes,1,3,1
CUST5572,58,Male,Bangalore,75369,28,1753,4,35,Yearly,UPI,No,25,1,1
CUST5573,54,Male,Bangalore,78461,40,1180,6,327,Quarterly,Credit Card,Yes,6,9,1
CUST5574,39,Male,Chennai,52659,34,2353,5,238,Yearly,UPI,Yes,7,7,1
CUST5575,44,Female,Mumbai,96941,20,1451,4,306,Quarterly,Net Banking,No,12,10,1
CUST5576,48,Male,Kolkata,63777,48,1595,4,50,Monthly,Debit Card,Yes,28,9,1
CUST5577,43,Female,Mumbai,91743,40,995,0,214,Monthly,Debit Card,No,19,1,1
CUST5578,33,Female,Mumbai,43000,30,2867,0,441,Quarterly,Debit Card,Yes,10,9,0
CUST5579,49,Female,Pune,56403,11,1001,5,183,Quarterly,UPI,Yes,18,4,1
CUST5580,36,Female,Bangalore,68056,6,2526,6,141,Monthly,Debit Card,No,15,4,1
CUST5581,30,Male,Delhi,81454,51,799,5,456,Monthly,UPI,No,28,8,1
CUST5582,56,Female,Mumbai,70537,30,2518,5,283,Monthly,Net Banking,Yes,20,2,1
CUST5583,33,Male,Kolkata,80607,28,1846,4,220,Yearly,Net Banking,No,16,10,1
CUST5584,26,Female,Delhi,92284,12,2094,0,368,Monthly,Net Banking,Yes,29,2,1
CUST5585,46,Female,Hyderabad,91263,17,1743,6,334,Monthly,Debit Card,No,5,1,1
CUST5586,24,Male,Chennai,47007,24,2064,6,161,Quarterly,Credit Card,No,12,1,1
CUST5587,36,Female,Bangalore,57005,24,1042,3,40,Quarterly,Debit Card,Yes,18,2,1
CUST5588,49,Male,Hyderabad,79483,50,2034,3,270,Yearly,Net Banking,Yes,4,5,1
CUST5589,58,Male,Kolkata,55682,54,2637,6,222,Quarterly,Credit Card,No,8,4,1
CUST5590,50,Female,Bangalore,90538,54,1956,1,32,Quarterly,Credit Card,Yes,18,10,1
CUST5591,28,Female,Mumbai,78208,25,901,3,517,Quarterly,Debit Card,No,11,3,1
CUST5592,46,Male,Bangalore,46238,10,2975,3,208,Yearly,Net Banking,No,19,5,1
CUST5593,42,Male,Bangalore,46761,37,2063,4,184,Yearly,Credit Card,No,27,7,1
CUST5594,31,Female,Delhi,55639,41,1853,6,522,Quarterly,Net Banking,No,11,2,1
CUST5595,29,Female,Pune,77601,35,2026,2,374,Monthly,UPI,No,3,5,1
CUST5596,53,Male,Chennai,37421,50,1061,0,545,Yearly,UPI,No,4,1,1
CUST5597,47,Female,Kolkata,65830,34,1166,6,394,Yearly,UPI,Yes,9,7,1
CUST5598,35,Male,Bangalore,74054,47,820,5,70,Monthly,Credit Card,No,26,9,1
CUST5599,37,Female,Mumbai,72398,2,1917,0,394,Yearly,Net Banking,Yes,2,8,1
CUST5600,24,Female,Hyderabad,83053,15,2474,6,295,Yearly,Credit Card,No,6,7,1
CUST5601,43,Male,Chennai,63677,9,1477,2,428,Monthly,Debit Card,No,14,4,1
CUST5602,27,Female,Delhi,31865,43,944,1,155,Monthly,Net Banking,Yes,26,1,1
CUST5603,36,Female,Delhi,49906,3,2223,4,399,Quarterly,UPI,Yes,6,10,1
CUST5604,24,Male,Hyderabad,37692,29,2605,0,423,Quarterly,UPI,Yes,25,3,1
CUST5605,24,Male,Kolkata,49282,33,1005,6,212,Monthly,Credit Card,Yes,26,7,1
CUST5606,55,Female,Kolkata,45637,20,1546,5,372,Monthly,Credit Card,Yes,15,4,1
CUST5607,40,Male,Pune,39256,36,1017,6,167,Yearly,Credit Card,Yes,3,5,1
CUST5608,53,Female,Delhi,40781,33,2808,6,108,Quarterly,Debit Card,Yes,25,4,1
CUST5609,46,Female,Bangalore,38268,6,1525,0,373,Monthly,Credit Card,No,12,6,0
CUST5610,35,Male,Hyderabad,92425,32,673,6,310,Monthly,Debit Card,No,21,2,1
CUST5611,52,Female,Chennai,79488,6,2367,5,524,Quarterly,UPI,Yes,3,7,1
CUST5612,54,Male,Kolkata,32036,29,2934,4,513,Quarterly,UPI,No,22,9,1
CUST5613,53,Female,Hyderabad,88897,42,2523,5,438,Quarterly,UPI,Yes,20,7,1
CUST5614,32,Female,Chennai,83319,27,2925,6,384,Monthly,UPI,No,26,7,1
CUST5615,26,Female,Bangalore,63871,42,1219,3,159,Yearly,Net Banking,No,11,6,0
CUST5616,47,Male,Kolkata,69828,46,773,6,162,Monthly,Net Banking,No,8,5,1
CUST5617,26,Male,Delhi,93756,19,2229,4,375,Yearly,Debit Card,No,29,10,1
CUST5618,26,Female,Mumbai,45840,51,755,2,240,Monthly,Credit Card,No,15,3,1
CUST5619,29,Male,Chennai,85509,17,2371,4,158,Quarterly,Debit Card,Yes,3,8,1
CUST5620,27,Male,Chennai,78505,3,2641,6,115,Monthly,UPI,No,6,6,1
CUST5621,52,Male,Pune,36137,43,2347,5,399,Yearly,Debit Card,No,20,6,1
CUST5622,32,Male,Bangalore,36686,38,2099,1,471,Monthly,UPI,No,26,7,1
CUST5623,52,Female,Hyderabad,96839,13,1612,4,454,Monthly,Credit Card,No,25,7,1
CUST5624,23,Male,Chennai,44426,56,2369,6,194,Quarterly,Net Banking,Yes,4,10,1
CUST5625,50,Female,Bangalore,34965,41,878,0,223,Quarterly,Debit Card,Yes,8,7,0
CUST5626,53,Male,Delhi,44814,21,1073,1,389,Quarterly,Net Banking,Yes,11,5,1
CUST5627,39,Male,Mumbai,94683,53,2023,2,546,Yearly,Net Banking,Yes,29,7,1
CUST5628,23,Male,Delhi,87132,11,1112,4,165,Monthly,UPI,No,10,9,1
CUST5629,32,Female,Delhi,91255,38,743,6,479,Quarterly,Credit Card,Yes,22,2,1
CUST5630,43,Male,Bangalore,91305,3,1569,1,549,Quarterly,Credit Card,No,4,4,1
CUST5631,33,Female,Kolkata,40985,40,1223,1,183,Monthly,Credit Card,Yes,16,5,1
CUST5632,44,Female,Kolkata,54081,52,553,1,378,Quarterly,Credit Card,Yes,6,6,0
CUST5633,34,Female,Pune,99458,17,2989,6,492,Yearly,UPI,No,8,9,1
CUST5634,42,Female,Mumbai,33754,35,769,2,212,Monthly,UPI,Yes,14,4,1
CUST5635,29,Female,Chennai,34516,44,2357,0,491,Quarterly,Debit Card,No,9,9,0
CUST5636,30,Male,Pune,47946,20,2585,5,455,Yearly,Debit Card,Yes,22,5,1
CUST5637,52,Male,Kolkata,46588,1,1241,4,69,Monthly,Debit Card,Yes,9,7,1
CUST5638,31,Male,Hyderabad,67031,30,1141,1,131,Monthly,Debit Card,No,24,9,1
CUST5639,46,Female,Bangalore,61519,27,1107,6,143,Monthly,UPI,No,24,3,1
CUST5640,51,Female,Chennai,47248,55,1075,0,225,Monthly,Credit Card,Yes,29,4,1
CUST5641,51,Female,Pune,62869,60,639,2,295,Quarterly,Net Banking,Yes,22,7,1
CUST5642,32,Male,Bangalore,70975,49,2883,5,419,Yearly,Credit Card,Yes,10,1,1
CUST5643,52,Male,Pune,98649,53,2557,5,497,Quarterly,UPI,No,17,9,1
CUST5644,36,Female,Chennai,78707,52,2507,1,168,Quarterly,UPI,Yes,5,10,0
CUST5645,29,Female,Kolkata,68399,22,2727,4,159,Monthly,Net Banking,No,5,3,1
CUST5646,53,Female,Pune,48155,19,858,2,33,Quarterly,Net Banking,Yes,23,3,1
CUST5647,47,Male,Hyderabad,35628,50,1293,6,126,Monthly,Credit Card,Yes,12,10,1
CUST5648,45,Male,Chennai,41058,59,1098,5,458,Yearly,Credit Card,No,30,6,1
CUST5649,52,Male,Kolkata,73374,48,2267,4,522,Monthly,Debit Card,Yes,28,4,1
CUST5650,33,Female,Delhi,89890,17,1841,1,352,Yearly,UPI,Yes,15,1,1
CUST5651,59,Male,Delhi,68258,30,1055,3,466,Monthly,UPI,Yes,23,6,1
CUST5652,23,Female,Bangalore,37951,24,1873,3,94,Quarterly,Credit Card,No,22,9,1
CUST5653,28,Female,Delhi,49369,27,1548,1,252,Monthly,UPI,Yes,18,10,1
CUST5654,43,Female,Pune,92766,14,886,5,338,Quarterly,Debit Card,Yes,16,7,1
CUST5655,49,Male,Mumbai,65815,2,2352,1,84,Quarterly,Net Banking,No,18,7,1
CUST5656,59,Female,Kolkata,54105,7,1731,2,78,Quarterly,Credit Card,Yes,28,6,1
CUST5657,41,Male,Chennai,96132,18,1570,1,528,Monthly,UPI,No,27,6,1
CUST5658,51,Female,Bangalore,88266,55,1674,2,83,Yearly,UPI,Yes,30,4,1
CUST5659,40,Male,Delhi,42020,38,2075,3,167,Quarterly,Net Banking,Yes,10,10,0
CUST5660,57,Female,Kolkata,54235,57,2334,2,417,Yearly,Debit Card,No,12,1,1
CUST5661,45,Male,Kolkata,67772,60,567,2,387,Quarterly,Debit Card,Yes,7,8,0
CUST5662,47,Female,Delhi,81105,9,2406,0,527,Quarterly,Credit Card,Yes,8,10,0
CUST5663,46,Female,Bangalore,41580,39,2552,2,217,Quarterly,Net Banking,Yes,22,10,1
CUST5664,32,Female,Delhi,40401,41,2957,3,102,Quarterly,UPI,No,9,7,0
CUST5665,26,Female,Mumbai,75064,55,549,1,471,Monthly,Credit Card,No,10,4,1
CUST5666,31,Male,Hyderabad,99431,54,1201,1,198,Yearly,Net Banking,No,6,6,0
CUST5667,44,Male,Chennai,56831,11,1640,6,77,Quarterly,Credit Card,No,21,4,1
CUST5668,58,Female,Chennai,89389,41,1016,3,234,Monthly,Credit Card,Yes,20,1,1
CUST5669,47,Male,Mumbai,86499,57,1882,0,36,Monthly,UPI,Yes,30,2,1
CUST5670,33,Male,Pune,99034,40,1910,1,517,Yearly,UPI,Yes,11,5,1
CUST5671,26,Female,Hyderabad,69666,51,1333,2,148,Quarterly,Net Banking,No,15,8,0
CUST5672,49,Male,Delhi,57943,1,1918,6,332,Yearly,Credit Card,No,10,4,1
CUST5673,42,Female,Bangalore,50635,1,513,3,486,Monthly,Debit Card,No,13,10,1
CUST5674,25,Female,Bangalore,38017,31,548,4,423,Quarterly,UPI,Yes,9,2,1
CUST5675,33,Male,Delhi,51063,23,2277,4,292,Quarterly,UPI,No,15,3,1
CUST5676,39,Male,Delhi,54869,26,2032,5,446,Quarterly,UPI,No,21,1,1
CUST5677,23,Male,Chennai,87279,25,2713,0,33,Yearly,Debit Card,No,3,2,1
CUST5678,31,Male,Pune,82079,26,1230,0,73,Yearly,Credit Card,Yes,20,4,1
CUST5679,46,Female,Hyderabad,69113,1,963,2,256,Quarterly,Debit Card,Yes,25,5,1
CUST5680,36,Female,Chennai,88697,38,510,0,253,Monthly,Credit Card,Yes,1,4,1
CUST5681,57,Female,Kolkata,94009,54,2242,6,186,Quarterly,UPI,No,1,10,1
CUST5682,42,Female,Pune,80578,4,1612,1,215,Quarterly,Credit Card,Yes,6,1,1
CUST5683,22,Female,Hyderabad,81213,55,501,3,95,Yearly,Net Banking,Yes,22,10,1
CUST5684,54,Male,Hyderabad,56287,39,882,5,89,Monthly,Credit Card,No,30,6,1
CUST5685,48,Male,Bangalore,84354,10,1834,5,55,Quarterly,Credit Card,No,10,9,1
CUST5686,24,Male,Bangalore,57251,3,1703,5,295,Monthly,Credit Card,Yes,6,6,1
CUST5687,33,Female,Mumbai,87133,49,1903,0,101,Yearly,Credit Card,No,26,5,1
CUST5688,57,Male,Kolkata,63637,43,1583,4,186,Quarterly,Net Banking,No,22,10,1
CUST5689,32,Male,Delhi,78162,23,1688,3,401,Monthly,Net Banking,Yes,26,5,1
CUST5690,49,Male,Chennai,96857,27,2523,4,378,Yearly,Credit Card,Yes,28,1,1
CUST5691,58,Male,Delhi,35678,36,1487,1,546,Quarterly,Net Banking,No,18,7,1
CUST5692,27,Male,Chennai,35756,42,1826,6,57,Monthly,UPI,Yes,9,2,1
CUST5693,46,Female,Pune,85814,2,1091,1,65,Quarterly,Debit Card,Yes,2,1,1
CUST5694,59,Male,Delhi,48445,27,2687,2,456,Monthly,Debit Card,Yes,1,9,0
CUST5695,43,Male,Delhi,94357,44,2736,1,209,Quarterly,UPI,Yes,30,2,1
CUST5696,50,Female,Hyderabad,69633,9,2619,0,162,Yearly,Net Banking,No,16,10,1
CUST5697,34,Female,Delhi,34220,11,2574,6,251,Monthly,Credit Card,Yes,24,10,1
CUST5698,37,Female,Kolkata,45980,40,901,2,151,Yearly,Debit Card,Yes,15,10,0
CUST5699,44,Male,Delhi,42855,39,1744,3,240,Yearly,Net Banking,Yes,4,1,1
CUST5700,26,Female,Pune,30765,39,1997,2,519,Quarterly,UPI,Yes,24,7,1
CUST5701,37,Male,Pune,39295,5,2209,1,326,Yearly,Credit Card,No,2,9,1
CUST5702,55,Female,Hyderabad,36286,4,2214,5,225,Monthly,Net Banking,No,25,9,1
CUST5703,34,Female,Pune,97881,46,1078,2,529,Quarterly,Net Banking,No,16,9,1
CUST5704,35,Female,Pune,85189,48,1660,6,474,Quarterly,UPI,No,5,9,1
CUST5705,57,Female,Mumbai,44462,14,2343,3,516,Quarterly,UPI,No,4,1,1
CUST5706,47,Female,Hyderabad,66738,19,924,1,452,Yearly,Net Banking,No,7,4,1
CUST5707,40,Female,Mumbai,74133,12,2448,5,95,Yearly,Net Banking,No,15,7,1
CUST5708,27,Male,Bangalore,40001,53,1289,4,97,Yearly,Credit Card,Yes,11,9,1
CUST5709,56,Female,Hyderabad,89489,9,1426,0,519,Quarterly,Debit Card,No,11,3,1
CUST5710,32,Female,Chennai,73570,36,1205,5,410,Quarterly,Debit Card,No,15,3,1
CUST5711,50,Male,Hyderabad,90723,54,1837,4,147,Yearly,Credit Card,Yes,13,2,1
CUST5712,43,Female,Delhi,39779,53,1042,6,532,Quarterly,Debit Card,No,16,6,1
CUST5713,47,Male,Kolkata,66382,38,887,2,240,Yearly,Debit Card,Yes,9,3,1
CUST5714,40,Male,Hyderabad,74793,26,1651,4,537,Yearly,Debit Card,No,8,8,1
CUST5715,47,Female,Chennai,81774,56,746,1,164,Quarterly,Debit Card,No,20,2,1
CUST5716,23,Female,Pune,73147,48,1983,4,154,Monthly,Credit Card,Yes,9,5,1
CUST5717,48,Male,Delhi,89321,4,2954,4,193,Yearly,UPI,Yes,30,5,1
CUST5718,44,Female,Mumbai,88550,57,1024,3,53,Yearly,Debit Card,Yes,29,5,1
CUST5719,47,Male,Hyderabad,43095,38,2558,5,196,Yearly,UPI,No,17,7,1
CUST5720,31,Female,Bangalore,95820,16,1974,3,473,Yearly,Net Banking,No,4,4,1
CUST5721,37,Female,Chennai,62297,57,855,6,297,Yearly,Debit Card,Yes,28,9,1
CUST5722,50,Female,Delhi,38661,24,2519,4,223,Yearly,Net Banking,No,8,1,1
CUST5723,33,Female,Mumbai,55456,7,1251,5,327,Quarterly,UPI,Yes,3,8,1
CUST5724,45,Male,Chennai,64843,33,2402,4,155,Quarterly,UPI,Yes,6,5,1
CUST5725,25,Female,Hyderabad,77369,57,1303,4,257,Monthly,Credit Card,No,16,9,1
CUST5726,52,Male,Hyderabad,36521,20,1175,0,200,Monthly,Credit Card,Yes,24,5,1
CUST5727,51,Male,Mumbai,33459,52,628,3,249,Quarterly,Net Banking,No,13,8,0
CUST5728,49,Male,Bangalore,39236,42,2371,3,381,Yearly,Net Banking,No,25,3,1
CUST5729,47,Female,Hyderabad,43850,53,1447,6,458,Quarterly,Credit Card,No,26,6,1
CUST5730,56,Male,Mumbai,79790,7,2422,5,203,Monthly,Net Banking,No,15,10,1
CUST5731,54,Male,Kolkata,89710,56,1050,3,134,Quarterly,Credit Card,No,15,3,1
CUST5732,49,Female,Hyderabad,99015,50,2140,0,459,Monthly,Credit Card,No,26,1,1
CUST5733,36,Female,Kolkata,44197,1,2464,3,212,Yearly,Debit Card,Yes,2,3,1
CUST5734,57,Female,Pune,86527,54,1744,3,467,Quarterly,Credit Card,No,12,7,0
CUST5735,24,Female,Bangalore,76500,44,1023,2,535,Quarterly,UPI,No,20,7,1
CUST5736,43,Male,Hyderabad,59471,7,2761,3,351,Quarterly,Credit Card,Yes,14,7,0
CUST5737,37,Female,Chennai,61575,7,679,3,479,Yearly,Debit Card,Yes,5,3,1
CUST5738,29,Female,Kolkata,72137,10,1136,1,82,Monthly,Debit Card,No,12,4,1
CUST5739,50,Female,Delhi,60212,58,2915,2,481,Yearly,Net Banking,No,29,3,1
CUST5740,54,Male,Pune,69325,36,2684,0,269,Yearly,Debit Card,Yes,23,3,1
CUST5741,53,Female,Mumbai,42805,13,804,6,210,Yearly,Debit Card,Yes,30,8,1
CUST5742,56,Female,Mumbai,90123,60,2871,6,72,Monthly,Net Banking,Yes,16,6,1
CUST5743,46,Female,Pune,80498,52,1682,4,435,Quarterly,Debit Card,Yes,27,8,1
CUST5744,23,Female,Bangalore,32303,22,748,4,46,Yearly,UPI,Yes,16,8,1
CUST5745,41,Female,Kolkata,61468,31,999,2,210,Monthly,Net Banking,Yes,5,2,1
CUST5746,25,Female,Pune,78866,34,2486,3,486,Yearly,Credit Card,Yes,6,10,0
CUST5747,26,Male,Chennai,52844,41,1323,5,298,Monthly,Net Banking,Yes,26,6,1
CUST5748,53,Female,Mumbai,37231,15,1647,5,267,Monthly,Debit Card,Yes,11,10,1
CUST5749,31,Female,Hyderabad,66751,12,2010,2,79,Yearly,Debit Card,No,15,6,0
CUST5750,40,Male,Kolkata,31095,52,689,3,185,Quarterly,UPI,No,8,3,1
CUST5751,31,Male,Mumbai,89460,1,2920,6,114,Quarterly,Net Banking,No,25,4,1
CUST5752,30,Male,Chennai,49163,40,1508,4,193,Yearly,Net Banking,Yes,7,1,1
CUST5753,45,Female,Delhi,66207,59,1099,6,129,Monthly,Credit Card,No,24,1,1
CUST5754,33,Male,Bangalore,60189,54,1024,4,49,Monthly,Debit Card,No,19,2,1
CUST5755,31,Male,Chennai,40939,25,1154,6,332,Quarterly,UPI,Yes,17,8,1
CUST5756,37,Female,Mumbai,82400,4,1700,0,444,Monthly,Debit Card,Yes,2,6,1
CUST5757,23,Female,Chennai,99948,15,2032,3,397,Yearly,UPI,Yes,11,2,1
CUST5758,53,Female,Pune,53831,44,513,3,171,Monthly,Credit Card,No,24,2,1
CUST5759,35,Male,Hyderabad,31782,25,2047,4,390,Monthly,Net Banking,No,29,8,1
CUST5760,41,Female,Bangalore,77855,42,2810,6,406,Monthly,UPI,No,9,4,1
CUST5761,52,Female,Mumbai,63238,6,1231,3,76,Monthly,Credit Card,No,19,10,1
CUST5762,43,Female,Chennai,80465,60,2950,6,268,Yearly,Credit Card,No,27,10,1
CUST5763,50,Male,Kolkata,32733,36,2857,2,196,Quarterly,Net Banking,Yes,13,7,0
CUST5764,41,Male,Kolkata,54618,21,700,6,255,Monthly,Net Banking,No,2,9,1
CUST5765,30,Female,Bangalore,33410,15,1704,4,301,Quarterly,Credit Card,Yes,2,10,1
CUST5766,50,Female,Kolkata,67344,34,929,2,356,Quarterly,UPI,No,17,1,1
CUST5767,30,Male,Pune,56399,2,610,3,59,Yearly,Credit Card,No,11,7,1
CUST5768,47,Male,Kolkata,38541,2,750,6,348,Quarterly,Credit Card,No,23,5,1
CUST5769,42,Female,Bangalore,92759,23,2445,1,108,Monthly,Debit Card,No,2,6,0
CUST5770,49,Male,Chennai,33303,42,1547,2,490,Yearly,UPI,No,23,1,1
CUST5771,34,Female,Bangalore,57230,59,582,4,307,Yearly,Debit Card,Yes,9,5,1
CUST5772,37,Male,Hyderabad,37837,5,1967,0,399,Yearly,Net Banking,Yes,11,8,1
CUST5773,49,Male,Chennai,38695,15,730,5,389,Monthly,Credit Card,No,19,3,1
CUST5774,38,Female,Bangalore,50354,3,1242,3,391,Quarterly,Net Banking,Yes,25,1,1
CUST5775,29,Female,Chennai,40594,36,2139,4,232,Monthly,Net Banking,No,21,6,1
CUST5776,42,Female,Hyderabad,73388,51,1706,3,366,Yearly,Debit Card,Yes,18,9,1
CUST5777,51,Female,Mumbai,31011,56,1188,4,147,Yearly,Net Banking,No,14,8,1
CUST5778,47,Female,Mumbai,45948,24,2544,3,107,Yearly,Debit Card,No,25,9,1
CUST5779,52,Female,Pune,34178,1,1488,4,35,Monthly,Net Banking,Yes,1,9,1
CUST5780,48,Male,Kolkata,83781,17,2320,2,174,Yearly,Debit Card,Yes,2,6,0
CUST5781,54,Male,Delhi,70372,22,1399,5,402,Yearly,UPI,No,13,7,1
CUST5782,34,Female,Chennai,99843,33,2713,5,186,Quarterly,Credit Card,No,26,2,1
CUST5783,42,Male,Bangalore,99131,52,2823,6,484,Yearly,UPI,Yes,2,1,1
CUST5784,42,Male,Mumbai,68172,32,1696,3,234,Quarterly,Credit Card,No,7,1,1
CUST5785,24,Male,Bangalore,81238,51,1383,5,75,Monthly,UPI,Yes,2,6,1
CUST5786,36,Male,Chennai,32162,47,1692,5,537,Yearly,Credit Card,No,27,5,1
CUST5787,44,Male,Chennai,82861,12,2188,0,125,Yearly,Credit Card,Yes,24,5,1
CUST5788,30,Female,Bangalore,82713,39,1311,2,379,Quarterly,Credit Card,No,5,4,1
CUST5789,29,Female,Kolkata,96767,1,740,6,117,Quarterly,Net Banking,Yes,15,2,1
CUST5790,27,Male,Chennai,85873,5,870,6,134,Quarterly,UPI,No,2,7,1
CUST5791,53,Male,Kolkata,72908,29,1995,5,60,Monthly,UPI,No,24,7,1
CUST5792,36,Male,Mumbai,57324,41,1405,0,338,Yearly,UPI,No,23,7,1
CUST5793,33,Male,Pune,68703,15,634,6,289,Quarterly,UPI,Yes,28,2,1
CUST5794,28,Female,Pune,69293,59,1070,4,70,Quarterly,Net Banking,Yes,29,2,1
CUST5795,51,Male,Pune,72886,52,2723,6,409,Quarterly,UPI,Yes,5,7,1
CUST5796,59,Female,Delhi,79121,60,1114,4,390,Quarterly,UPI,No,13,1,1
CUST5797,39,Female,Hyderabad,81864,27,1678,3,302,Quarterly,Credit Card,Yes,12,7,0
CUST5798,45,Female,Mumbai,94966,29,714,1,173,Yearly,UPI,No,11,2,1
CUST5799,46,Male,Bangalore,43633,50,1336,5,508,Monthly,Credit Card,No,8,6,1
CUST5800,49,Female,Pune,50744,6,1412,2,202,Monthly,Debit Card,No,18,7,1
CUST5801,55,Female,Kolkata,42461,1,686,6,303,Yearly,Credit Card,No,22,2,1
CUST5802,22,Male,Bangalore,41191,54,727,5,118,Quarterly,Credit Card,No,16,4,1
CUST5803,59,Female,Kolkata,36958,58,2772,6,197,Monthly,UPI,Yes,14,5,1
CUST5804,29,Male,Pune,44578,17,1766,5,111,Monthly,Credit Card,No,18,4,1
CUST5805,23,Male,Kolkata,57703,5,2089,3,516,Monthly,Net Banking,No,29,1,1
CUST5806,33,Male,Chennai,95007,7,1425,4,289,Yearly,Credit Card,Yes,6,6,1
CUST5807,56,Female,Hyderabad,37937,5,1531,2,402,Yearly,Net Banking,Yes,30,3,1
CUST5808,51,Male,Chennai,55957,22,1812,1,243,Yearly,Net Banking,Yes,8,5,1
CUST5809,33,Female,Chennai,62113,5,908,5,42,Monthly,Credit Card,Yes,21,10,1
CUST5810,43,Male,Hyderabad,80012,12,865,2,121,Yearly,UPI,No,9,7,0
CUST5811,31,Male,Chennai,31369,53,1751,2,232,Quarterly,UPI,Yes,30,6,1
CUST5812,25,Female,Bangalore,35364,27,971,4,271,Quarterly,UPI,Yes,22,9,1
CUST5813,24,Female,Hyderabad,84278,24,1097,3,174,Yearly,Debit Card,No,3,6,0
CUST5814,57,Male,Chennai,97925,1,963,2,491,Monthly,Net Banking,No,17,3,1
CUST5815,28,Male,Hyderabad,69959,19,2840,0,92,Monthly,UPI,Yes,24,10,1
CUST5816,39,Male,Chennai,92313,1,759,0,213,Monthly,Credit Card,Yes,16,3,1
CUST5817,47,Male,Mumbai,95387,38,1091,3,438,Yearly,Credit Card,Yes,26,8,1
CUST5818,31,Female,Chennai,30228,28,2096,3,374,Monthly,Credit Card,Yes,25,3,1
CUST5819,33,Male,Hyderabad,76343,36,2925,6,52,Quarterly,Net Banking,No,5,1,1
CUST5820,49,Male,Kolkata,36594,2,2534,4,342,Yearly,Net Banking,Yes,2,10,1
CUST5821,54,Male,Hyderabad,47519,47,501,3,490,Yearly,Credit Card,No,12,10,0
CUST5822,55,Female,Mumbai,85221,53,1471,0,83,Quarterly,UPI,Yes,19,8,1
CUST5823,46,Female,Bangalore,48082,57,2751,0,338,Quarterly,Debit Card,No,26,10,1
CUST5824,33,Male,Delhi,82566,49,1741,0,116,Yearly,UPI,No,4,4,1
CUST5825,44,Female,Bangalore,30741,3,1233,0,360,Monthly,Net Banking,No,2,10,1
CUST5826,55,Male,Hyderabad,63792,11,2168,1,547,Monthly,Credit Card,No,3,4,1
CUST5827,26,Male,Mumbai,94627,9,2703,2,98,Quarterly,Debit Card,No,23,7,1
CUST5828,35,Female,Delhi,73720,47,2954,2,326,Yearly,Credit Card,No,6,1,1
CUST5829,30,Male,Mumbai,95334,6,1971,3,392,Yearly,Credit Card,No,3,8,0
CUST5830,39,Female,Kolkata,99023,48,2248,4,182,Yearly,UPI,No,12,9,1
CUST5831,28,Female,Hyderabad,72771,20,666,2,432,Quarterly,Debit Card,Yes,21,6,1
CUST5832,29,Female,Kolkata,94320,23,1752,3,348,Monthly,Net Banking,No,2,4,1
CUST5833,23,Female,Pune,38526,20,797,4,507,Monthly,Net Banking,Yes,24,8,1
CUST5834,23,Female,Hyderabad,99285,22,1089,4,415,Yearly,Credit Card,No,14,2,1
CUST5835,44,Male,Chennai,48344,35,1154,6,32,Monthly,Debit Card,Yes,12,6,1
CUST5836,38,Male,Hyderabad,78613,27,1316,4,261,Monthly,Debit Card,No,24,8,1
CUST5837,40,Male,Chennai,64526,40,1671,6,389,Monthly,Net Banking,Yes,3,3,1
CUST5838,54,Male,Pune,97255,41,1055,1,279,Monthly,UPI,Yes,20,7,1
CUST5839,35,Female,Mumbai,54587,20,772,1,54,Quarterly,UPI,Yes,26,9,1
CUST5840,46,Male,Hyderabad,61803,27,1087,3,476,Yearly,Debit Card,Yes,16,9,1
CUST5841,48,Male,Kolkata,89059,18,1533,2,207,Monthly,UPI,No,30,1,1
CUST5842,25,Male,Delhi,79030,30,1588,3,182,Quarterly,Net Banking,Yes,8,10,0
CUST5843,38,Male,Delhi,41422,8,2548,6,257,Monthly,UPI,Yes,7,5,1
CUST5844,48,Female,Bangalore,84395,27,1477,3,543,Yearly,Credit Card,No,30,6,1
CUST5845,51,Male,Bangalore,90998,39,2880,0,261,Monthly,UPI,No,25,7,1
CUST5846,45,Female,Delhi,74507,56,2944,4,109,Monthly,UPI,Yes,24,6,1
CUST5847,46,Female,Kolkata,96562,24,1100,0,100,Quarterly,Net Banking,Yes,28,10,1
CUST5848,24,Male,Kolkata,35650,2,900,4,466,Quarterly,Debit Card,No,16,1,1
CUST5849,31,Female,Pune,92915,43,557,0,151,Yearly,UPI,Yes,24,5,1
CUST5850,37,Female,Chennai,85651,35,2044,5,137,Yearly,Net Banking,Yes,1,8,1
CUST5851,31,Female,Hyderabad,77852,9,526,6,129,Yearly,Debit Card,No,3,6,1
CUST5852,30,Female,Delhi,95353,9,1629,5,333,Quarterly,Debit Card,Yes,17,4,1
CUST5853,28,Male,Bangalore,66088,10,2956,0,441,Monthly,Credit Card,Yes,14,4,1
CUST5854,34,Female,Delhi,92241,41,887,3,428,Yearly,Credit Card,No,20,8,1
CUST5855,26,Female,Pune,99083,22,1596,3,150,Monthly,Debit Card,Yes,14,1,1
CUST5856,57,Male,Bangalore,88265,31,2332,2,358,Monthly,Net Banking,Yes,3,6,0
CUST5857,27,Male,Kolkata,76252,45,2291,6,70,Monthly,Net Banking,No,25,9,1
CUST5858,22,Female,Mumbai,58371,13,2843,4,244,Yearly,Debit Card,Yes,9,1,1
CUST5859,30,Female,Delhi,52044,52,682,2,122,Quarterly,Credit Card,No,16,4,1
CUST5860,46,Female,Mumbai,62122,54,1481,0,372,Yearly,UPI,No,3,4,1
CUST5861,54,Female,Mumbai,66002,46,2705,5,379,Monthly,Credit Card,Yes,22,1,1
CUST5862,36,Male,Delhi,89544,20,1575,6,498,Quarterly,Debit Card,Yes,1,4,1
CUST5863,40,Male,Pune,62229,32,1140,5,45,Yearly,UPI,No,27,2,1
CUST5864,34,Male,Bangalore,95627,10,1575,4,150,Quarterly,UPI,No,11,2,1
CUST5865,48,Female,Bangalore,70720,60,886,5,318,Yearly,UPI,No,1,6,1
CUST5866,25,Male,Mumbai,71164,58,2719,0,251,Monthly,Credit Card,Yes,8,4,1
CUST5867,47,Female,Delhi,61334,53,666,6,171,Monthly,Net Banking,No,29,10,1
CUST5868,39,Female,Bangalore,50790,51,2763,0,215,Monthly,UPI,Yes,19,9,1
CUST5869,53,Male,Mumbai,30148,32,1214,2,431,Quarterly,Debit Card,Yes,22,3,1
CUST5870,57,Male,Chennai,81787,60,2032,5,457,Monthly,Credit Card,Yes,4,2,1
CUST5871,34,Male,Pune,42377,29,675,3,200,Quarterly,Net Banking,No,10,10,0
CUST5872,27,Male,Mumbai,87103,60,1800,3,471,Quarterly,Credit Card,Yes,9,10,0
CUST5873,51,Male,Bangalore,66484,10,2386,2,220,Quarterly,Net Banking,No,7,1,1
CUST5874,29,Female,Bangalore,32843,59,758,4,150,Yearly,Credit Card,Yes,23,2,1
CUST5875,32,Female,Pune,64055,12,934,3,479,Monthly,Net Banking,No,9,6,0
CUST5876,30,Female,Pune,74938,13,2731,3,349,Monthly,Credit Card,Yes,5,6,0
CUST5877,58,Male,Delhi,34886,60,2475,6,119,Quarterly,Credit Card,No,23,9,1
CUST5878,32,Female,Kolkata,74765,11,2344,4,512,Monthly,Credit Card,No,28,6,1
CUST5879,39,Male,Kolkata,46918,26,2134,4,135,Quarterly,Credit Card,Yes,24,1,1
CUST5880,37,Male,Chennai,87405,38,1605,2,429,Quarterly,Debit Card,Yes,5,6,0
CUST5881,55,Female,Mumbai,57855,53,2591,2,308,Yearly,UPI,Yes,20,3,1
CUST5882,50,Male,Pune,84215,29,1021,6,84,Yearly,Net Banking,Yes,4,10,1
CUST5883,33,Male,Chennai,62287,20,2084,6,216,Monthly,Net Banking,Yes,23,3,1
CUST5884,56,Male,Bangalore,48132,7,1257,1,125,Yearly,UPI,Yes,2,7,0
CUST5885,23,Male,Hyderabad,98397,15,2307,1,357,Quarterly,Net Banking,Yes,16,5,1
CUST5886,32,Female,Delhi,32595,18,1418,4,78,Quarterly,Credit Card,Yes,12,2,1
CUST5887,22,Male,Chennai,55094,48,1635,4,392,Monthly,UPI,Yes,2,7,1
CUST5888,30,Male,Pune,47192,14,1069,1,271,Monthly,UPI,No,1,8,0
CUST5889,55,Female,Bangalore,69379,28,887,1,471,Quarterly,Debit Card,No,22,4,1
CUST5890,26,Female,Pune,98426,45,1942,2,232,Yearly,UPI,Yes,11,5,1
CUST5891,48,Female,Pune,95461,47,859,6,497,Quarterly,Debit Card,No,23,7,1
CUST5892,52,Male,Chennai,91805,14,1268,2,446,Yearly,UPI,Yes,3,6,0
CUST5893,36,Male,Mumbai,48691,46,1715,6,53,Yearly,UPI,Yes,15,6,1
CUST5894,48,Male,Pune,55993,39,2657,1,66,Yearly,Net Banking,No,22,1,1
CUST5895,29,Male,Chennai,62383,51,2609,0,208,Yearly,Credit Card,No,28,4,1
CUST5896,46,Male,Bangalore,69756,60,2042,0,65,Yearly,Net Banking,No,14,9,0
CUST5897,51,Male,Bangalore,53854,27,1296,6,546,Quarterly,UPI,Yes,1,3,1
CUST5898,26,Female,Bangalore,59502,54,1360,0,398,Yearly,Credit Card,No,5,8,0
CUST5899,48,Male,Delhi,30648,54,2798,4,375,Yearly,Credit Card,No,21,7,1
CUST5900,45,Male,Delhi,51829,35,1280,3,150,Monthly,Debit Card,No,11,7,0
CUST5901,23,Female,Mumbai,48683,30,1883,4,459,Quarterly,Debit Card,Yes,15,1,1
CUST5902,36,Male,Bangalore,95440,44,2972,6,140,Quarterly,Net Banking,Yes,3,3,1
CUST5903,28,Female,Hyderabad,38801,34,2975,4,97,Yearly,Credit Card,Yes,7,3,1
CUST5904,42,Male,Mumbai,36817,49,2684,4,410,Monthly,Net Banking,No,12,7,1
CUST5905,49,Female,Kolkata,88031,33,2110,6,111,Monthly,Net Banking,No,19,1,1
CUST5906,44,Female,Hyderabad,46786,54,2735,4,284,Yearly,Debit Card,No,3,2,1
CUST5907,46,Female,Delhi,44760,31,1690,5,514,Quarterly,UPI,No,20,4,1
CUST5908,53,Male,Mumbai,33552,52,1400,0,168,Quarterly,Credit Card,Yes,19,6,1
CUST5909,41,Male,Mumbai,61002,29,517,4,537,Quarterly,UPI,No,25,4,1
CUST5910,27,Male,Delhi,50912,15,1541,5,405,Quarterly,Debit Card,Yes,25,4,1
CUST5911,43,Male,Hyderabad,47640,40,1523,3,250,Yearly,Credit Card,No,2,10,0
CUST5912,53,Male,Hyderabad,88498,30,1286,1,118,Monthly,Debit Card,No,14,3,1
CUST5913,42,Female,Delhi,91490,14,813,1,531,Yearly,Net Banking,Yes,18,9,1
CUST5914,43,Female,Hyderabad,45032,30,2263,3,448,Quarterly,Debit Card,Yes,2,8,0
CUST5915,57,Male,Bangalore,32631,53,763,4,548,Monthly,Credit Card,Yes,21,5,1
CUST5916,35,Male,Bangalore,31636,55,2726,3,371,Yearly,Debit Card,Yes,24,2,1
CUST5917,37,Male,Delhi,30207,39,771,6,444,Monthly,Debit Card,Yes,13,5,1
CUST5918,39,Female,Kolkata,83242,20,2794,1,325,Yearly,Debit Card,Yes,30,10,1
CUST5919,32,Female,Chennai,76772,29,2728,4,90,Monthly,Net Banking,No,28,1,1
CUST5920,59,Female,Pune,31905,49,1823,6,380,Yearly,Debit Card,Yes,29,7,1
CUST5921,51,Female,Delhi,33838,49,1613,2,391,Quarterly,Credit Card,No,29,6,1
CUST5922,33,Female,Kolkata,68735,46,1517,0,467,Yearly,UPI,Yes,8,7,0
CUST5923,53,Female,Chennai,96727,43,1903,6,336,Quarterly,UPI,Yes,7,6,1
CUST5924,58,Female,Hyderabad,82946,43,2104,5,472,Monthly,Debit Card,No,25,8,1
CUST5925,46,Female,Mumbai,57866,24,1457,2,515,Quarterly,Credit Card,No,30,6,1
CUST5926,47,Male,Kolkata,62821,30,1598,4,422,Quarterly,Net Banking,No,10,1,1
CUST5927,37,Female,Mumbai,51305,22,1243,6,206,Monthly,Debit Card,Yes,11,6,1
CUST5928,46,Male,Bangalore,73201,1,1837,1,276,Quarterly,Net Banking,No,22,6,1
CUST5929,30,Male,Mumbai,70004,50,2641,2,460,Monthly,Net Banking,Yes,9,5,1
CUST5930,51,Male,Delhi,43064,45,1801,4,187,Quarterly,Debit Card,Yes,7,9,1
CUST5931,26,Male,Bangalore,62779,35,2716,6,455,Yearly,Credit Card,No,29,1,1
CUST5932,22,Male,Hyderabad,94617,43,1415,1,255,Yearly,UPI,Yes,23,8,1
CUST5933,49,Male,Pune,32250,8,1174,0,45,Monthly,UPI,No,26,10,1
CUST5934,27,Female,Pune,47427,56,1767,3,421,Monthly,Credit Card,No,20,1,1
CUST5935,27,Female,Pune,35127,14,2934,1,51,Quarterly,Net Banking,Yes,1,5,1
CUST5936,27,Female,Mumbai,36854,6,2043,2,466,Monthly,Debit Card,No,19,8,1
CUST5937,26,Female,Mumbai,68866,9,1186,6,394,Yearly,Debit Card,No,24,5,1
CUST5938,58,Male,Hyderabad,86513,51,2075,5,218,Yearly,Credit Card,No,6,9,1
CUST5939,52,Male,Bangalore,81557,16,1458,2,123,Yearly,Debit Card,No,4,7,0
CUST5940,37,Male,Hyderabad,53094,8,1565,2,50,Monthly,UPI,No,1,6,0
CUST5941,33,Female,Mumbai,32650,14,587,1,46,Quarterly,Net Banking,Yes,9,2,1
CUST5942,39,Male,Mumbai,37074,44,1259,5,30,Yearly,Credit Card,No,9,9,1
CUST5943,53,Male,Delhi,62979,13,2465,2,183,Yearly,UPI,No,8,9,0
CUST5944,46,Female,Bangalore,85891,42,2276,6,137,Quarterly,Credit Card,Yes,10,4,1
CUST5945,24,Male,Pune,49184,55,667,6,498,Quarterly,Credit Card,No,22,3,1
CUST5946,35,Male,Bangalore,64546,45,1713,6,247,Yearly,Credit Card,No,11,7,1
CUST5947,33,Male,Hyderabad,44577,34,1862,6,484,Yearly,Debit Card,No,7,1,1
CUST5948,39,Female,Mumbai,36744,42,592,6,378,Monthly,UPI,No,1,4,1
CUST5949,53,Male,Chennai,57340,21,1700,6,323,Quarterly,UPI,No,9,4,1
CUST5950,41,Male,Pune,43831,14,1735,2,82,Yearly,Debit Card,Yes,9,6,0
CUST5951,43,Female,Hyderabad,77786,6,1450,3,545,Monthly,UPI,No,25,7,1
CUST5952,48,Male,Pune,67817,54,836,6,323,Yearly,UPI,No,28,4,1
CUST5953,50,Female,Chennai,94167,7,2811,0,253,Monthly,Debit Card,No,3,2,1
CUST5954,37,Male,Mumbai,60083,5,948,4,243,Yearly,UPI,No,14,5,1
CUST5955,34,Female,Hyderabad,52517,48,1777,3,195,Monthly,Net Banking,Yes,9,1,1
CUST5956,43,Female,Chennai,42219,23,2199,5,452,Monthly,Credit Card,No,29,5,1
CUST5957,30,Male,Chennai,46830,19,596,2,215,Yearly,Credit Card,Yes,8,4,1
CUST5958,25,Male,Mumbai,58959,49,564,1,447,Quarterly,Net Banking,No,1,9,0
CUST5959,34,Male,Pune,67430,8,905,4,518,Quarterly,Debit Card,Yes,24,4,1
CUST5960,42,Female,Bangalore,43153,49,1617,5,440,Yearly,Debit Card,No,20,1,1
CUST5961,59,Male,Bangalore,37181,10,2331,2,471,Monthly,UPI,No,3,7,0
CUST5962,40,Female,Bangalore,59390,38,2951,5,403,Monthly,UPI,No,4,9,1
CUST5963,46,Female,Pune,48862,35,2520,0,313,Monthly,UPI,Yes,24,1,1
CUST5964,54,Female,Bangalore,35647,23,1214,5,63,Monthly,Debit Card,No,23,10,1
CUST5965,58,Male,Delhi,99102,1,1638,5,174,Quarterly,UPI,Yes,15,8,1
CUST5966,42,Male,Mumbai,98813,8,2257,5,389,Yearly,Debit Card,Yes,19,5,1
CUST5967,31,Male,Delhi,83990,9,857,1,69,Yearly,Debit Card,No,6,1,1
CUST5968,57,Male,Bangalore,33141,47,957,0,263,Quarterly,Debit Card,Yes,5,3,1
CUST5969,28,Male,Bangalore,45868,24,1437,2,488,Yearly,UPI,Yes,3,6,0
CUST5970,27,Male,Kolkata,85701,57,846,4,148,Yearly,Net Banking,No,23,8,1
CUST5971,44,Female,Chennai,71543,8,2208,0,263,Yearly,Net Banking,Yes,5,5,1
CUST5972,38,Male,Hyderabad,51221,32,2271,3,59,Yearly,Net Banking,Yes,22,1,1
CUST5973,26,Female,Hyderabad,82753,46,656,0,283,Yearly,Credit Card,No,15,9,0
CUST5974,28,Male,Pune,77984,43,1838,5,285,Monthly,Net Banking,No,15,5,1
CUST5975,48,Male,Hyderabad,98096,6,530,0,304,Monthly,Credit Card,No,5,6,0
CUST5976,26,Male,Kolkata,51227,7,2626,2,530,Quarterly,Net Banking,No,13,3,1
CUST5977,34,Male,Bangalore,57226,38,2708,5,234,Quarterly,Credit Card,Yes,13,4,1
CUST5978,57,Male,Chennai,93140,45,956,0,256,Quarterly,Credit Card,No,27,4,1
CUST5979,39,Male,Chennai,62024,59,2242,6,326,Yearly,Debit Card,No,6,2,1
CUST5980,22,Female,Delhi,80677,39,1725,6,451,Yearly,Net Banking,No,8,2,1
CUST5981,30,Male,Chennai,93832,27,1732,2,339,Yearly,Net Banking,No,19,4,1
CUST5982,28,Female,Bangalore,67301,29,2942,5,86,Monthly,UPI,Yes,14,6,1
CUST5983,23,Female,Hyderabad,73190,43,1709,1,358,Yearly,UPI,No,30,10,1
CUST5984,45,Male,Chennai,47668,35,2743,2,519,Monthly,Debit Card,No,24,5,1
CUST5985,53,Male,Bangalore,48362,56,820,6,406,Monthly,Net Banking,Yes,11,10,1
CUST5986,24,Male,Delhi,81376,51,2368,1,272,Monthly,Net Banking,No,30,6,1
CUST5987,28,Male,Pune,35742,30,1048,5,64,Quarterly,Debit Card,No,12,4,1
CUST5988,53,Male,Bangalore,94058,54,1010,6,236,Quarterly,Debit Card,Yes,9,4,1
CUST5989,23,Female,Pune,68661,14,1168,1,47,Monthly,Net Banking,Yes,15,4,1
CUST5990,58,Female,Hyderabad,57254,53,2033,4,429,Yearly,Net Banking,Yes,5,7,1
CUST5991,57,Female,Bangalore,64459,1,827,4,127,Yearly,Credit Card,No,19,10,1
CUST5992,48,Male,Hyderabad,70679,34,1138,4,283,Monthly,UPI,No,24,8,1
CUST5993,28,Female,Delhi,41715,51,683,4,343,Quarterly,Net Banking,Yes,21,3,1
CUST5994,26,Male,Delhi,66595,8,2997,2,437,Yearly,Net Banking,Yes,10,6,0
CUST5995,37,Female,Pune,39018,30,849,2,66,Quarterly,Debit Card,No,22,1,1
CUST5996,32,Female,Delhi,89449,19,901,3,168,Quarterly,Debit Card,No,15,8,0
CUST5997,50,Male,Mumbai,99776,26,1009,4,417,Monthly,Debit Card,No,24,8,1
CUST5998,32,Male,Pune,60429,40,1059,2,394,Quarterly,Debit Card,No,1,4,1
CUST5999,42,Female,Pune,46900,5,1160,0,359,Yearly,Credit Card,No,26,3,1
